parcel_uuid,project_id,project_type,state,district,village,survey_number,sub_division_number,official_owner,official_area,land_classification,record_status,land_area_sqm,location_type,latitude,longitude,base_market_value,multiplier,asset_value,solatium_100_percent,total_compensation,number_of_parcels,number_of_owners,affected_families,proposal_days,verification_days,approval_days,notification_days,award_days,compensation_days,possession_days,rr_days,missing_documents,verification_rejections,approval_resubmissions,land_record_issues,boundary_disputes,ownership_disputes,legal_cases,compensation_percentage,possession_percentage,rr_percentage,previous_delays,current_pending_tasks,target_completion_days,actual_completion_days,delay_days,delayed,survey_officer_name,landowner_name,project_issue_date,project_deadline_date
UP-LKO-2026-10000,P001,Transmission,Tamil Nadu,Coonor,Hubbathala,205/1,1,Vikram Verma,2.34 acres,Multi-crop,Disputed,9469.65,RURAL,26.8467,80.9462,29744170.65,2.56,200000,76345076.86,152690153.7,3,7,3,12,36,12,74,87,65,44,80,5,0,0,4,3,0,2,100,100,50,2,5,280,660,380,1,Deepa Joshi,Vikram Verma,26-04-2025,31-01-2026
UP-LKO-2026-10001,P008,Transmission,Uttar Pradesh,Lucknow,Malhaur,19/A,A,Anjali Kumar,1.5 acres,Commercial,Pending Review,6070.29,URBAN,26.8469,80.9472,18053042.46,1.22,50000,22074711.8,44149423.6,4,8,15,17,25,24,54,98,98,43,108,0,1,2,2,0,2,0,100,0,50,2,10,212,449,237,1,Anil Yadav,Anjali Kumar,08-10-2025,08-05-2026
UP-LKO-2026-10002,P006,Highway,Maharashtra,Nashik,Ozar,65/2A,2A,Anjali Kumar,0.73 acres,Agricultural,Pending Review,2954.21,RURAL,26.8471,80.9482,9666175.12,3.44,200000,33451642.41,66903284.83,9,10,9,18,16,22,31,35,18,38,119,0,3,0,0,1,1,0,100,50,50,3,8,299,253,0,0,Sanjay Patil,Anjali Kumar,21-12-2025,16-10-2026
UP-LKO-2026-10003,P001,Highway,Tamil Nadu,Coonor,Hubbathala,250/B,B,Pooja Mishra,3.78 acres,Agricultural,Verified,15297.13,RURAL,26.8473,80.9492,55987495.8,3.11,0,174121111.9,348242223.9,4,8,17,19,57,19,48,33,97,57,88,4,2,1,4,2,1,1,0,0,0,0,2,367,555,188,1,Sanjay Yadav,Pooja Mishra,23-07-2025,25-07-2026
UP-LKO-2026-10004,P005,Railway,Uttar Pradesh,Lucknow,Malhaur,25-Mar,3,Ramesh Verma,1.59 acres,Residential,Verified,6434.51,URBAN,26.8475,80.9502,25313362.34,1.13,0,28604099.44,57208198.89,8,11,20,24,27,13,37,110,79,58,22,1,2,0,0,1,2,0,50,0,0,1,4,291,468,177,1,Kavita Joshi,Ramesh Verma,07-05-2025,22-02-2026
UP-LKO-2026-10005,P001,Railway,Tamil Nadu,Coonor,Hubbathala,105/A,A,Anjali Devi,4.98 acres,Residential,Active,20153.36,RURAL,26.8477,80.9512,34623472.48,2.5,0,86558681.2,173117362.4,3,8,6,29,43,21,48,51,98,49,52,5,1,2,1,1,1,0,0,0,50,2,4,256,414,158,1,Suresh Singh,Anjali Devi,13-11-2025,27-07-2026
UP-LKO-2026-10006,P008,Transmission,Uttar Pradesh,Lucknow,Malhaur,12/2A,2A,Rahul Singh,4.74 acres,Agricultural,Disputed,19182.12,URBAN,26.8479,80.9522,30288567.48,1.2,0,36346280.98,72692561.95,2,3,13,29,32,44,74,33,84,56,125,2,2,2,0,3,0,0,100,0,0,2,9,354,442,88,1,Kavita Verma,Rahul Singh,09-02-2025,29-01-2026
UP-LKO-2026-10007,P009,Highway,Uttar Pradesh,Kanpur,Bithoor,161/B,B,Pooja Devi,1.73 acres,Commercial,Verified,7001.07,URBAN,26.8481,80.9532,25973969.7,1.56,200000,40719392.73,81438785.46,5,6,6,15,28,41,40,39,72,29,98,5,2,2,4,1,2,0,0,0,0,3,1,352,384,32,1,Priya Iyer,Pooja Devi,20-06-2025,07-06-2026
UP-LKO-2026-10008,P003,Highway,Uttar Pradesh,Varanasi,Sarnath,65/2A,2A,Rahul Sharma,3.56 acres,Commercial,Pending Review,14406.82,RURAL,26.8483,80.9542,15127161,3.88,200000,58893384.68,117786769.4,7,9,6,12,27,18,83,58,88,29,103,1,3,0,4,2,0,1,50,0,0,3,6,325,495,170,1,Sanjay Reddy,Rahul Sharma,21-04-2025,12-03-2026
UP-LKO-2026-10009,P004,Railway,Uttar Pradesh,Varanasi,Sarnath,199/2A,2A,Rahul Devi,3.79 acres,Residential,Active,15337.6,RURAL,26.8485,80.9552,51871763.2,3.35,0,173770406.7,347540813.4,1,6,0,20,15,16,46,58,86,10,0,0,2,2,0,0,0,2,75,100,100,2,7,301,491,190,1,Deepa Deshmukh,Rahul Devi,23-05-2025,20-03-2026
UP-LKO-2026-10010,P009,Transmission,Tamil Nadu,Chennai,Kolathur,43/3,3,Neha Sharma,1.86 acres,Agricultural,Verified,7527.16,RURAL,26.8487,80.9562,25554708.2,2.6,0,66442241.32,132884482.6,5,9,3,12,35,19,65,67,91,50,49,1,2,2,1,1,1,0,0,0,0,3,8,270,414,144,1,Arvind Singh,Neha Sharma,20-07-2025,16-04-2026
UP-LKO-2026-10011,P005,Railway,Tamil Nadu,Coonor,Hubbathala,148/B,B,Anjali Sharma,2.32 acres,Residential,Disputed,9388.72,RURAL,26.8489,80.9572,22917865.52,3.71,50000,85075281.08,170150562.2,2,4,0,14,30,41,38,59,90,24,0,1,1,1,2,1,2,0,75,50,100,3,3,339,416,77,1,Meena Iyer,Anjali Sharma,04-12-2025,08-11-2026
UP-LKO-2026-10012,P007,Railway,Uttar Pradesh,Kanpur,Bithoor,152/1,1,Ramesh Devi,1.73 acres,Multi-crop,Verified,7001.07,URBAN,26.8491,80.9582,14828266.26,1.44,50000,21402703.41,42805406.83,4,5,2,20,21,10,72,102,84,25,139,4,3,1,1,0,2,0,75,100,0,1,2,256,424,168,1,Suresh Sharma,Ramesh Devi,17-12-2025,30-08-2026
UP-LKO-2026-10013,P002,Highway,Bihar,Muzaffarpur,PQR Village,108/2A,2A,Vikram Devi,3.2 acres,Multi-crop,Active,12949.95,RURAL,26.8493,80.9592,41776538.7,3.34,200000,139733639.3,279467278.5,4,9,2,11,28,43,42,34,57,38,133,2,2,2,4,1,0,1,75,0,0,0,6,226,403,177,1,Anil Joshi,Vikram Devi,09-01-2025,23-08-2025
UP-LKO-2026-10014,P004,Railway,Uttar Pradesh,Kanpur,Bithoor,170/2A,2A,Rahul Mishra,4.83 acres,Agricultural,Disputed,19546.33,URBAN,26.8495,80.9602,65343381.19,1.65,50000,107866579,215733157.9,10,12,15,11,20,43,69,60,47,49,116,5,2,0,1,2,0,1,75,0,0,0,6,391,479,88,1,Meena Verma,Rahul Mishra,03-06-2025,29-06-2026
UP-LKO-2026-10015,P002,Highway,Uttar Pradesh,Kanpur,Bithoor,234/2A,2A,Amit Verma,2.51 acres,Multi-crop,Pending Review,10157.62,URBAN,26.8497,80.9612,25505783.82,1.09,200000,28001304.36,56002608.73,10,11,16,18,23,22,88,116,81,22,92,3,0,1,0,0,0,0,100,50,50,1,7,343,370,27,1,Priya Yadav,Amit Verma,31-07-2025,09-07-2026
UP-LKO-2026-10016,P008,Highway,Bihar,Muzaffarpur,PQR Village,141/1,1,Vikram Verma,0.89 acres,Residential,Active,3601.71,RURAL,26.8499,80.9622,9573345.18,3.49,50000,33460974.68,66921949.36,9,9,10,23,59,29,46,109,27,22,21,5,3,1,1,1,2,0,0,0,100,1,1,334,435,101,1,Deepa Deshmukh,Vikram Verma,26-10-2025,25-09-2026
UP-LKO-2026-10017,P001,Highway,Maharashtra,Nagpur,Butibori,74/1,1,Neha Kumar,1.5 acres,Residential,Verified,6070.29,URBAN,26.8501,80.9632,11272528.53,1.82,0,20516001.92,41032003.85,5,7,6,28,53,39,81,47,45,38,79,0,2,0,0,0,2,2,0,0,0,3,7,270,661,391,1,Anil Iyer,Neha Kumar,18-04-2025,13-01-2026
UP-LKO-2026-10018,P003,Railway,Bihar,Patna,ABC Village,221/A,A,Vikram Gupta,2.48 acres,Agricultural,Verified,10036.21,RURAL,26.8503,80.9642,34233512.31,3.67,50000,125686990.2,251373980.4,5,8,3,22,56,36,42,78,39,36,110,4,3,1,0,2,2,0,0,0,0,0,1,362,459,97,1,Kavita Sharma,Vikram Gupta,26-09-2025,23-09-2026
UP-LKO-2026-10019,P008,Highway,Bihar,Patna,ABC Village,24/2A,2A,Manoj Verma,4.17 acres,Residential,Disputed,16875.41,RURAL,26.8505,80.9652,27810675.68,3.02,50000,84038240.55,168076481.1,3,7,7,24,56,10,41,118,62,44,24,0,0,1,4,0,1,0,0,0,0,1,3,354,400,46,1,Kavita Reddy,Manoj Verma,25-08-2025,14-08-2026
UP-LKO-2026-10020,P001,Railway,Tamil Nadu,Coonor,Hubbathala,241/A,A,Anjali Sharma,2.32 acres,Residential,Active,9388.72,RURAL,26.8507,80.9662,23115028.64,3.69,0,85294455.68,170588911.4,9,13,13,21,57,32,86,84,67,45,140,2,1,0,2,3,1,0,50,0,0,0,8,373,527,154,1,Arvind Iyer,Anjali Sharma,05-11-2025,13-11-2026
UP-LKO-2026-10021,P003,Railway,Uttar Pradesh,Lucknow,Malhaur,165/B,B,Anjali Singh,4.43 acres,Commercial,Active,17927.59,URBAN,26.8509,80.9672,32735779.34,1.65,50000,54064035.91,108128071.8,9,13,14,25,57,35,77,79,89,19,116,5,2,1,2,3,1,0,75,50,100,1,9,352,516,164,1,Rajesh Iyer,Anjali Singh,10-06-2025,28-05-2026
UP-LKO-2026-10022,P008,Highway,Maharashtra,Nashik,Ozar,237/B,B,Pooja Sharma,1.19 acres,Commercial,Verified,4815.76,RURAL,26.8511,80.9682,19089672.64,3.77,50000,72018065.85,144036131.7,8,11,19,30,40,24,47,99,46,48,41,5,2,1,0,1,1,2,100,100,50,1,0,309,649,340,1,Rajesh Verma,Pooja Sharma,01-01-2026,06-11-2026
UP-LKO-2026-10023,P001,Railway,Bihar,Muzaffarpur,PQR Village,234/1,1,Anjali Kumar,1.33 acres,Residential,Disputed,5382.32,RURAL,26.8513,80.9692,11388989.12,3.29,0,37469774.2,74939548.41,6,9,2,27,32,33,36,64,87,40,67,4,0,1,1,2,1,0,50,0,0,0,0,340,424,84,1,Sanjay Iyer,Anjali Kumar,24-02-2025,30-01-2026
UP-LKO-2026-10024,P002,Railway,Tamil Nadu,Chennai,Kolathur,108/B,B,Amit Yadav,3.09 acres,Residential,Active,12504.8,RURAL,26.8515,80.9702,17631768,3.73,50000,65816494.64,131632989.3,8,8,18,10,58,26,30,102,45,42,91,4,0,1,4,0,1,0,0,0,100,0,2,202,358,156,1,Sanjay Singh,Amit Yadav,30-09-2025,20-04-2026
UP-LKO-2026-10025,P003,Highway,Tamil Nadu,Coonor,Hubbathala,242/1,1,Priya Singh,3.1 acres,Multi-crop,Disputed,12545.27,RURAL,26.8517,80.9712,36117832.33,2.13,200000,77130982.86,154261965.7,5,7,10,27,40,22,82,62,42,30,60,4,0,0,0,2,2,1,0,0,0,1,9,383,575,192,1,Meena Reddy,Priya Singh,18-08-2025,05-09-2026
UP-LKO-2026-10026,P008,Transmission,Maharashtra,Nashik,Ozar,243/A,A,Vikram Yadav,0.58 acres,Multi-crop,Verified,2347.18,RURAL,26.8519,80.9722,6769267.12,2.22,50000,15077773.01,30155546.01,6,11,19,20,38,32,50,63,90,55,87,5,3,1,4,2,2,1,0,0,100,0,3,349,618,269,1,Meena Patil,Vikram Yadav,10-02-2025,25-01-2026
UP-LKO-2026-10027,P008,Transmission,Tamil Nadu,Coonor,Hubbathala,131/A,A,Vikram Kumar,1.04 acres,Commercial,Pending Review,4208.73,RURAL,26.8521,80.9732,11010037.68,2.33,50000,25703387.79,51406775.59,8,8,11,14,39,26,85,37,92,26,26,0,0,1,1,1,0,0,25,0,0,1,10,315,349,34,1,Meena Iyer,Vikram Kumar,13-02-2025,25-12-2025
UP-LKO-2026-10028,P009,Highway,Bihar,Muzaffarpur,PQR Village,245/1,1,Neha Singh,1.7 acres,Residential,Active,6879.66,RURAL,26.8523,80.9742,8062961.52,2.74,0,22092514.56,44185029.13,8,8,7,11,30,29,38,72,30,33,145,2,1,0,1,2,0,2,100,0,50,3,4,362,543,181,1,Ramesh Patil,Neha Singh,25-04-2025,22-04-2026
UP-LKO-2026-10029,P005,Railway,Maharashtra,Pune,Hinjewadi,178/3,3,Pooja Sharma,1.04 acres,Multi-crop,Active,4208.73,URBAN,26.8525,80.9752,5917474.38,1.12,50000,6677571.306,13355142.61,4,6,18,24,53,37,69,59,68,39,92,2,0,1,2,2,2,1,100,100,100,1,6,226,619,393,1,Priya Iyer,Pooja Sharma,02-07-2025,13-02-2026
UP-LKO-2026-10030,P006,Transmission,Bihar,Siwan,XYZ Village,80/3,3,Anjali Singh,4.48 acres,Agricultural,Disputed,18129.93,RURAL,26.8527,80.9762,24094676.97,2.33,0,56140597.34,112281194.7,3,6,20,13,36,27,81,72,38,22,101,1,0,2,3,0,0,0,75,0,50,0,4,270,289,19,1,Meena Verma,Anjali Singh,31-12-2025,27-09-2026
UP-LKO-2026-10031,P001,Railway,Maharashtra,Pune,Hinjewadi,165/1,1,Manoj Gupta,3.57 acres,Commercial,Pending Review,14447.29,URBAN,26.8529,80.9772,52429215.41,1.88,200000,98766924.97,197533849.9,2,4,14,21,55,31,67,86,91,46,144,1,2,1,3,0,0,0,0,0,0,0,5,343,397,54,1,Meena Das,Manoj Gupta,05-07-2025,13-06-2026
UP-LKO-2026-10032,P005,Railway,Tamil Nadu,Chennai,Kolathur,159/2A,2A,Manoj Mishra,1.36 acres,Residential,Verified,5503.73,RURAL,26.8531,80.9782,9136191.8,3.06,200000,28156746.91,56313493.82,9,14,3,19,18,27,76,82,81,56,50,5,0,0,3,1,2,2,50,0,50,3,7,392,719,327,1,Kavita Iyer,Manoj Mishra,27-05-2025,23-06-2026
UP-LKO-2026-10033,P004,Transmission,Tamil Nadu,Karaikudi,Kanadukathan,218/2A,2A,Rahul Mishra,0.99 acres,Residential,Active,4006.39,RURAL,26.8533,80.9792,7768390.21,3.48,200000,27233997.93,54467995.86,10,12,9,27,39,14,80,82,34,21,82,1,1,0,0,1,1,0,100,0,100,1,8,207,372,165,1,Sanjay Iyer,Rahul Mishra,13-03-2025,06-10-2025
UP-LKO-2026-10034,P006,Railway,Uttar Pradesh,Varanasi,Sarnath,37/3,3,Amit Devi,0.67 acres,Multi-crop,Disputed,2711.4,RURAL,26.8535,80.9802,5292652.8,3.31,200000,17718680.77,35437361.54,4,6,9,13,24,36,49,78,87,34,32,4,2,1,0,0,0,1,50,0,100,2,6,340,441,101,1,Deepa Singh,Amit Devi,05-10-2025,10-09-2026
UP-LKO-2026-10035,P004,Transmission,Bihar,Patna,ABC Village,183/B,B,Ramesh Sharma,3.56 acres,Agricultural,Disputed,14406.82,RURAL,26.8537,80.9812,24347525.8,3.07,50000,74796904.21,149593808.4,9,13,12,30,26,13,63,76,86,30,66,1,3,0,2,0,0,0,50,0,50,2,1,293,324,31,1,Deepa Joshi,Ramesh Sharma,26-01-2025,15-11-2025
UP-LKO-2026-10036,P003,Highway,Bihar,Siwan,XYZ Village,74/3,3,Priya Sharma,4.37 acres,Commercial,Verified,17684.78,RURAL,26.8539,80.9822,55388730.96,3.03,0,167827854.8,335655709.6,6,8,7,28,27,18,56,76,77,11,144,1,2,0,3,1,1,1,50,0,0,1,9,201,488,287,1,Arvind Das,Priya Sharma,30-12-2025,19-07-2026
UP-LKO-2026-10037,P001,Highway,Maharashtra,Pune,Hinjewadi,46/A,A,Neha Kumar,1.95 acres,Commercial,Disputed,7891.38,URBAN,26.8541,80.9832,28827211.14,1.63,50000,47038354.16,94076708.32,1,6,3,29,28,20,85,40,89,36,99,4,0,0,3,1,1,0,75,50,50,2,9,391,402,11,1,Kavita Joshi,Neha Kumar,17-10-2025,12-11-2026
UP-LKO-2026-10038,P007,Railway,Tamil Nadu,Chennai,Kolathur,97/1,1,Vikram Verma,4.8 acres,Commercial,Verified,19424.93,RURAL,26.8543,80.9842,23640139.81,3.56,200000,84358897.72,168717795.4,3,3,9,30,49,18,49,116,42,40,89,0,1,0,2,0,1,2,50,0,50,2,7,286,629,343,1,Priya Iyer,Vikram Verma,01-08-2025,14-05-2026
UP-LKO-2026-10039,P003,Highway,Tamil Nadu,Chennai,Kolathur,52/2A,2A,Priya Kumar,3.86 acres,Agricultural,Disputed,15620.88,RURAL,26.8545,80.9852,23493803.52,2.48,0,58264632.73,116529265.5,6,8,15,26,26,20,46,70,84,26,23,2,2,2,3,0,1,0,50,0,0,0,1,343,343,0,0,Meena Sharma,Priya Kumar,12-03-2025,18-02-2026
UP-LKO-2026-10040,P008,Highway,Uttar Pradesh,Kanpur,Bithoor,177/1,1,Manoj Devi,4.86 acres,Agricultural,Active,19667.74,URBAN,26.8547,80.9862,44154076.3,1.55,200000,68638818.27,137277636.5,4,4,18,25,28,33,33,51,33,13,131,4,3,1,0,1,1,0,25,0,50,0,2,213,291,78,1,Rajesh Deshmukh,Manoj Devi,06-06-2025,05-01-2026
UP-LKO-2026-10041,P003,Transmission,Tamil Nadu,Coonor,Hubbathala,145/1,1,Priya Yadav,2.57 acres,Agricultural,Verified,10400.43,RURAL,26.8549,80.9872,12730126.32,2.7,200000,34571341.06,69142682.13,4,8,3,14,57,12,52,82,37,20,120,0,0,1,2,2,2,2,75,50,50,0,0,304,664,360,1,Sanjay Deshmukh,Priya Yadav,13-05-2025,13-03-2026
UP-LKO-2026-10042,P008,Transmission,Tamil Nadu,Karaikudi,Kanadukathan,222/A,A,Manoj Devi,3.5 acres,Commercial,Disputed,14164.01,RURAL,26.8551,80.9882,23753044.77,3.97,50000,94349587.74,188699175.5,7,10,14,29,30,20,52,116,77,23,94,3,3,1,2,2,2,0,75,50,50,0,8,318,497,179,1,Deepa Singh,Manoj Devi,12-02-2025,27-12-2025
UP-LKO-2026-10043,P004,Transmission,Maharashtra,Nashik,Ozar,201/A,A,Vikram Gupta,2.7 acres,Commercial,Active,10926.52,RURAL,26.8553,80.9892,28911571.92,2.66,200000,77104781.31,154209562.6,5,5,11,26,28,38,30,55,88,17,39,1,3,0,2,3,0,0,50,0,100,0,5,308,372,64,1,Kavita Deshmukh,Vikram Gupta,26-05-2025,30-03-2026
UP-LKO-2026-10044,P004,Railway,Tamil Nadu,Chennai,Kolathur,156/1,1,Pooja Kumar,3.87 acres,Commercial,Pending Review,15661.35,RURAL,26.8555,80.9902,51980020.65,3.12,0,162177664.4,324355328.9,1,4,14,26,40,40,60,104,98,44,92,5,3,1,1,0,0,0,0,0,0,0,10,396,412,16,1,Rajesh Reddy,Pooja Kumar,15-07-2025,15-08-2026
UP-LKO-2026-10045,P008,Transmission,Uttar Pradesh,Varanasi,Sarnath,171/A,A,Neha Sharma,3.29 acres,Multi-crop,Active,13314.17,RURAL,26.8557,80.9912,13593767.57,3.14,0,42684430.17,85368860.34,4,8,16,13,41,24,90,59,62,46,89,4,2,2,3,0,1,1,0,0,50,0,1,238,500,262,1,Meena Iyer,Neha Sharma,06-10-2025,01-06-2026
UP-LKO-2026-10046,P009,Transmission,Uttar Pradesh,Kanpur,Bithoor,16-Jan,1,Manoj Verma,4.78 acres,Residential,Verified,19343.99,URBAN,26.8559,80.9922,40757786.93,1.1,200000,45033565.62,90067131.25,1,5,20,25,49,19,63,110,27,56,123,3,2,0,1,3,2,0,25,0,50,3,5,368,529,161,1,Suresh Patil,Manoj Verma,28-04-2025,01-05-2026
UP-LKO-2026-10047,P001,Transmission,Bihar,Patna,ABC Village,221/A,A,Pooja Verma,3.59 acres,Commercial,Verified,14528.23,RURAL,26.8561,80.9932,36640196.06,2.55,50000,93482499.95,186964999.9,2,7,11,21,18,45,88,104,92,13,96,2,1,2,4,0,0,1,75,50,0,2,2,321,501,180,1,Arvind Sharma,Pooja Verma,25-03-2025,09-02-2026
UP-LKO-2026-10048,P009,Railway,Maharashtra,Pune,Hinjewadi,204/1,1,Amit Verma,4.54 acres,Agricultural,Pending Review,18372.74,URBAN,26.8563,80.9942,38160180.98,1.79,200000,68506723.95,137013447.9,2,7,12,22,53,13,44,61,26,26,89,3,1,0,2,2,2,0,100,50,50,3,4,276,395,119,1,Anil Deshmukh,Amit Verma,26-03-2025,27-12-2025
UP-LKO-2026-10049,P003,Highway,Uttar Pradesh,Kanpur,Bithoor,28/B,B,Vikram Verma,4.34 acres,Commercial,Verified,17563.37,URBAN,26.8565,80.9952,38305709.97,1.7,0,65119706.95,130239413.9,9,10,17,17,45,41,55,98,16,32,34,2,0,1,3,3,0,0,50,0,50,2,8,230,394,164,1,Suresh Yadav,Vikram Verma,01-03-2025,17-10-2025
UP-LKO-2026-10050,P003,Railway,Uttar Pradesh,Varanasi,Sarnath,32/A,A,Rahul Kumar,2.49 acres,Commercial,Verified,10076.68,RURAL,26.8567,80.9962,15457627.12,3.01,0,46527457.63,93054915.26,9,13,19,20,28,17,55,42,78,31,117,1,0,2,0,2,1,1,0,0,0,0,9,265,496,231,1,Anil Singh,Rahul Kumar,09-04-2025,30-12-2025
UP-LKO-2026-10051,P009,Railway,Tamil Nadu,Coonor,Hubbathala,136/1,1,Priya Singh,4.54 acres,Commercial,Verified,18372.74,RURAL,26.8569,80.9972,48430542.64,2.94,0,142385795.4,284771590.7,2,2,18,24,56,42,85,108,59,37,146,4,2,1,3,2,0,0,100,100,50,3,8,231,471,240,1,Ramesh Iyer,Priya Singh,05-01-2025,24-08-2025
UP-LKO-2026-10052,P006,Railway,Tamil Nadu,Chennai,Kolathur,88/A,A,Sunita Gupta,4.85 acres,Agricultural,Verified,19627.27,RURAL,26.8571,80.9982,28793205.09,3.13,0,90122731.93,180245463.9,7,11,3,19,55,19,30,35,19,23,145,4,0,2,0,1,1,0,50,0,0,3,1,215,275,60,1,Priya Verma,Sunita Gupta,31-07-2025,03-03-2026
UP-LKO-2026-10053,P009,Railway,Uttar Pradesh,Varanasi,Sarnath,109/3,3,Pooja Verma,1.37 acres,Commercial,Disputed,5544.2,RURAL,26.8573,80.9992,15301992,3.8,50000,58197569.6,116395139.2,4,9,9,22,49,40,73,103,25,17,102,1,1,0,3,2,2,0,25,0,0,2,0,391,479,88,1,Deepa Joshi,Pooja Verma,24-01-2025,19-02-2026
UP-LKO-2026-10054,P002,Railway,Tamil Nadu,Karaikudi,Kanadukathan,31/2A,2A,Amit Singh,3.21 acres,Commercial,Verified,12990.42,RURAL,26.8575,81.0002,12990420,3.35,0,43517907,87035814,1,6,5,26,36,29,36,97,33,46,44,4,0,2,2,1,0,2,0,0,100,0,9,261,573,312,1,Anil Patil,Amit Singh,26-09-2025,14-06-2026
UP-LKO-2026-10055,P003,Highway,Tamil Nadu,Chennai,Kolathur,191/A,A,Vikram Kumar,1.14 acres,Agricultural,Active,4613.42,RURAL,26.8577,81.0012,8299542.58,2,50000,16649085.16,33298170.32,10,13,2,20,18,27,49,47,27,28,123,2,1,2,0,2,1,2,50,0,50,3,9,262,561,299,1,Anil Yadav,Vikram Kumar,26-05-2025,12-02-2026
UP-LKO-2026-10056,P003,Highway,Uttar Pradesh,Kanpur,Bithoor,106/3,3,Vikram Verma,2.63 acres,Commercial,Pending Review,10643.24,URBAN,26.8579,81.0022,12803817.72,1.81,200000,23374910.07,46749820.15,5,10,15,19,30,39,30,30,25,51,113,5,3,1,4,2,2,1,25,0,50,3,1,330,494,164,1,Arvind Reddy,Vikram Verma,18-04-2025,14-03-2026
UP-LKO-2026-10057,P005,Railway,Bihar,Muzaffarpur,PQR Village,176/1,1,Neha Singh,1.99 acres,Commercial,Pending Review,8053.25,RURAL,26.8581,81.0032,16662174.25,3.04,200000,50853009.72,101706019.4,2,2,14,28,15,25,36,108,24,52,147,1,2,1,4,2,1,1,100,100,0,0,5,258,513,255,1,Anil Deshmukh,Neha Singh,30-07-2025,14-04-2026
UP-LKO-2026-10058,P002,Transmission,Maharashtra,Nagpur,Butibori,125/3,3,Pooja Devi,4.31 acres,Residential,Disputed,17441.97,URBAN,26.8583,81.0042,50930552.4,1.43,0,72830689.93,145661379.9,1,4,6,17,41,38,63,50,72,21,31,4,1,1,2,0,1,0,75,0,100,1,9,244,347,103,1,Priya Das,Pooja Devi,14-09-2025,16-05-2026
UP-LKO-2026-10059,P008,Transmission,Uttar Pradesh,Lucknow,Malhaur,95/3,3,Neha Gupta,1.01 acres,Commercial,Active,4087.33,URBAN,26.8585,81.0052,5264481.04,1.31,50000,6946470.162,13892940.32,3,3,6,30,41,23,48,41,62,39,140,2,3,0,3,3,2,2,0,0,50,2,2,353,704,351,1,Anil Singh,Neha Gupta,06-05-2025,24-04-2026
UP-LKO-2026-10060,P004,Highway,Uttar Pradesh,Kanpur,Bithoor,197/3,3,Amit Verma,2.03 acres,Commercial,Active,8215.13,URBAN,26.8587,81.0062,31291430.17,1.08,200000,33994744.58,67989489.17,8,9,12,18,19,38,80,32,24,36,140,5,1,1,1,2,2,0,25,0,100,3,5,298,397,99,1,Arvind Verma,Amit Verma,10-02-2025,05-12-2025
UP-LKO-2026-10061,P004,Highway,Bihar,Patna,ABC Village,70/2A,2A,Priya Yadav,2.18 acres,Multi-crop,Verified,8822.15,RURAL,26.8589,81.0072,17547256.35,3.57,0,62643705.17,125287410.3,9,14,5,24,54,39,75,101,80,47,139,1,2,2,0,0,1,0,25,0,50,0,4,286,465,179,1,Ramesh Yadav,Priya Yadav,24-06-2025,06-04-2026
UP-LKO-2026-10062,P002,Railway,Tamil Nadu,Coonor,Hubbathala,66/3,3,Priya Yadav,0.6 acres,Agricultural,Verified,2428.12,RURAL,26.8591,81.0082,2561666.6,2.59,200000,6834716.494,13669432.99,4,4,11,24,39,27,76,62,87,34,79,1,0,0,2,1,0,0,50,0,0,1,6,292,379,87,1,Ramesh Deshmukh,Priya Yadav,09-05-2025,25-02-2026
UP-LKO-2026-10063,P005,Transmission,Bihar,Siwan,XYZ Village,152/B,B,Ramesh Kumar,3.91 acres,Agricultural,Verified,15823.22,RURAL,26.8593,81.0092,47453836.78,3.75,0,177951887.9,355903775.9,5,5,4,18,39,11,75,43,89,58,144,2,3,1,2,3,0,0,75,50,50,0,9,205,423,218,1,Rajesh Iyer,Ramesh Kumar,09-09-2025,02-04-2026
UP-LKO-2026-10064,P009,Transmission,Uttar Pradesh,Varanasi,Sarnath,75/1,1,Ramesh Yadav,4.06 acres,Multi-crop,Active,16430.25,RURAL,26.8595,81.0102,50095832.25,2.11,0,105702206,211404412.1,7,10,12,10,29,29,30,60,66,17,128,5,3,2,4,2,2,0,100,0,0,1,6,265,391,126,1,Sanjay Sharma,Ramesh Yadav,17-03-2025,07-12-2025
UP-LKO-2026-10065,P002,Highway,Bihar,Muzaffarpur,PQR Village,73/1,1,Anjali Kumar,0.91 acres,Agricultural,Active,3682.64,RURAL,26.8597,81.0112,12730886.48,2.54,200000,32536451.66,65072903.32,3,8,3,30,53,23,56,83,39,42,124,0,3,1,0,1,2,0,25,0,100,2,6,309,446,137,1,Suresh Yadav,Anjali Kumar,31-05-2025,05-04-2026
UP-LKO-2026-10066,P005,Highway,Maharashtra,Nashik,Ozar,214/1,1,Priya Kumar,4.3 acres,Commercial,Active,17401.5,RURAL,26.8599,81.0122,68962144.5,2.12,0,146199746.3,292399492.7,7,11,2,12,22,38,82,74,89,57,38,3,1,0,2,3,2,0,50,0,0,2,4,350,554,204,1,Sanjay Sharma,Priya Kumar,28-06-2025,13-06-2026
UP-LKO-2026-10067,P001,Railway,Maharashtra,Nashik,Ozar,179/1,1,Rahul Kumar,1.98 acres,Agricultural,Verified,8012.78,RURAL,26.8601,81.0132,9102518.08,3.74,0,34043417.62,68086835.24,7,7,14,16,38,30,34,88,61,53,42,4,1,1,1,2,2,1,100,0,50,0,3,399,590,191,1,Sanjay Sharma,Rahul Kumar,18-08-2025,21-09-2026
UP-LKO-2026-10068,P009,Railway,Uttar Pradesh,Varanasi,Sarnath,221/3,3,Priya Devi,3.33 acres,Commercial,Active,13476.04,RURAL,26.8603,81.0142,32005595,2.62,50000,83904658.9,167809317.8,5,7,0,28,50,42,90,92,56,21,0,4,1,1,2,3,1,1,0,0,100,2,2,298,634,336,1,Anil Singh,Priya Devi,06-06-2025,31-03-2026
UP-LKO-2026-10069,P002,Railway,Bihar,Muzaffarpur,PQR Village,241/1,1,Rahul Singh,3.37 acres,Agricultural,Verified,13637.92,RURAL,26.8605,81.0152,48523719.36,2.06,50000,100008861.9,200017723.8,2,2,19,12,19,32,39,85,27,37,115,2,0,1,3,1,1,0,25,0,100,1,2,272,326,54,1,Suresh Joshi,Rahul Singh,24-10-2025,23-07-2026
UP-LKO-2026-10070,P003,Highway,Uttar Pradesh,Varanasi,Sarnath,221/1,1,Neha Devi,4.95 acres,Multi-crop,Verified,20031.96,RURAL,26.8607,81.0162,25100045.88,2.57,0,64507117.91,129014235.8,8,8,8,30,37,22,88,80,72,49,136,4,0,0,1,3,0,0,100,50,50,3,7,334,468,134,1,Sanjay Patil,Neha Devi,27-12-2025,26-11-2026
UP-LKO-2026-10071,P008,Highway,Uttar Pradesh,Lucknow,Malhaur,246/1,1,Ramesh Gupta,4.9 acres,Agricultural,Disputed,19829.61,URBAN,26.8609,81.0172,20860749.72,1.82,0,37966564.49,75933128.98,4,6,4,23,49,17,37,55,23,16,104,0,3,1,2,2,1,0,0,0,100,1,8,310,325,15,1,Anil Iyer,Ramesh Gupta,01-08-2025,07-06-2026
UP-LKO-2026-10072,P004,Transmission,Uttar Pradesh,Lucknow,Malhaur,58/B,B,Priya Singh,3.26 acres,Multi-crop,Active,13192.76,URBAN,26.8611,81.0182,34551838.44,1.56,0,53900867.97,107801735.9,1,4,3,18,19,37,79,67,74,53,94,0,0,2,4,1,1,0,0,0,50,3,3,250,422,172,1,Deepa Iyer,Priya Singh,15-09-2025,23-05-2026
UP-LKO-2026-10073,P003,Highway,Bihar,Muzaffarpur,PQR Village,155/3,3,Pooja Kumar,2.82 acres,Residential,Pending Review,11412.15,RURAL,26.8613,81.0192,26042526.3,2.73,50000,71146096.8,142292193.6,6,8,5,21,15,12,56,81,88,57,91,0,0,0,1,0,2,0,25,0,50,2,8,309,420,111,1,Priya Deshmukh,Pooja Kumar,15-05-2025,20-03-2026
UP-LKO-2026-10074,P008,Transmission,Tamil Nadu,Karaikudi,Kanadukathan,86/2A,2A,Anjali Kumar,3.79 acres,Multi-crop,Active,15337.6,RURAL,26.8615,81.0202,51043532.8,3.49,200000,178341929.5,356683858.9,3,3,3,11,17,40,52,70,32,19,105,2,1,0,0,2,1,1,75,50,100,1,9,301,466,165,1,Arvind Das,Anjali Kumar,01-12-2025,28-09-2026
UP-LKO-2026-10075,P008,Railway,Tamil Nadu,Coonor,Hubbathala,211/A,A,Vikram Gupta,4.58 acres,Multi-crop,Pending Review,18534.62,RURAL,26.8617,81.0212,49913731.66,2.82,200000,140956723.3,281913446.6,6,7,18,14,50,35,90,107,36,13,113,0,2,0,2,1,1,0,25,0,100,0,0,367,420,53,1,Anil Singh,Vikram Gupta,10-09-2025,12-09-2026
UP-LKO-2026-10076,P004,Transmission,Tamil Nadu,Karaikudi,Kanadukathan,219/B,B,Pooja Singh,2.65 acres,Residential,Pending Review,10724.18,RURAL,26.8619,81.0222,37588250.9,2.64,0,99232982.38,198465964.8,1,6,19,13,28,32,62,82,74,14,136,5,2,1,0,0,2,0,0,0,100,0,1,239,395,156,1,Arvind Reddy,Pooja Singh,19-11-2025,16-07-2026
UP-LKO-2026-10077,P006,Transmission,Tamil Nadu,Coonor,Hubbathala,58/3,3,Anjali Kumar,2.48 acres,Commercial,Pending Review,10036.21,RURAL,26.8621,81.0232,18075214.21,2.88,200000,52256616.92,104513233.8,8,9,18,25,42,14,86,75,66,18,22,0,0,0,3,2,1,0,25,0,0,0,9,320,431,111,1,Kavita Yadav,Anjali Kumar,18-02-2025,04-01-2026
UP-LKO-2026-10078,P006,Railway,Bihar,Siwan,XYZ Village,196/1,1,Vikram Kumar,2.58 acres,Residential,Disputed,10440.9,RURAL,26.8623,81.0242,25924754.7,3.83,50000,99341810.5,198683621,4,4,9,14,43,17,57,61,61,10,79,5,2,1,4,1,1,2,0,0,100,0,3,298,578,280,1,Deepa Verma,Vikram Kumar,06-03-2025,29-12-2025
UP-LKO-2026-10079,P006,Railway,Uttar Pradesh,Kanpur,Bithoor,135/A,A,Pooja Singh,3.39 acres,Multi-crop,Disputed,13718.86,URBAN,26.8625,81.0252,15296528.9,1.83,0,27992647.89,55985295.77,3,4,17,12,53,36,61,80,38,13,114,4,0,1,0,2,0,0,25,0,100,3,3,239,353,114,1,Kavita Singh,Pooja Singh,07-06-2025,01-02-2026
UP-LKO-2026-10080,P008,Transmission,Bihar,Muzaffarpur,PQR Village,37/2A,2A,Pooja Mishra,2.0 acres,Multi-crop,Pending Review,8093.72,RURAL,26.8627,81.0262,12512891.12,3.48,0,43544861.1,87089722.2,10,11,4,21,22,15,51,102,53,29,83,1,0,1,0,2,0,0,50,0,100,2,0,286,353,67,1,Suresh Iyer,Pooja Mishra,14-09-2025,27-06-2026
UP-LKO-2026-10081,P001,Highway,Maharashtra,Nashik,Ozar,220/1,1,Manoj Sharma,3.4 acres,Agricultural,Active,13759.32,RURAL,26.8629,81.0272,16717573.8,2.81,0,46976382.38,93952764.76,10,10,3,17,60,42,61,102,55,56,112,5,3,2,3,2,1,1,25,0,100,2,3,231,618,387,1,Kavita Verma,Manoj Sharma,03-09-2025,22-04-2026
UP-LKO-2026-10082,P007,Railway,Tamil Nadu,Karaikudi,Kanadukathan,199/A,A,Anjali Gupta,1.1 acres,Multi-crop,Active,4451.55,RURAL,26.8631,81.0282,9187999.2,2.83,200000,26202037.74,52404075.47,1,5,8,17,21,12,49,105,76,56,21,2,1,0,1,0,1,0,25,0,0,2,3,321,381,60,1,Kavita Yadav,Anjali Gupta,11-02-2025,29-12-2025
UP-LKO-2026-10083,P008,Highway,Uttar Pradesh,Lucknow,Malhaur,132/B,B,Amit Mishra,2.94 acres,Agricultural,Pending Review,11897.77,URBAN,26.8633,81.0292,25437432.26,1.63,200000,41663014.58,83326029.17,10,15,18,28,39,33,61,67,84,38,25,1,0,1,3,3,2,1,50,0,0,3,6,302,650,348,1,Deepa Yadav,Amit Mishra,25-10-2025,23-08-2026
UP-LKO-2026-10084,P004,Transmission,Bihar,Siwan,XYZ Village,99/2A,2A,Pooja Devi,3.76 acres,Multi-crop,Pending Review,15216.19,RURAL,26.8635,81.0302,51582884.1,2.02,0,104197425.9,208394851.8,7,7,1,20,25,28,34,104,93,35,93,4,1,0,2,2,0,1,50,0,0,3,2,339,519,180,1,Priya Singh,Pooja Devi,12-03-2025,14-02-2026
UP-LKO-2026-10085,P008,Railway,Maharashtra,Nagpur,Butibori,184/2A,2A,Pooja Mishra,2.07 acres,Agricultural,Disputed,8377,URBAN,26.8637,81.0312,10630413,1.07,200000,11574541.91,23149083.82,9,14,14,11,49,27,63,111,76,55,135,5,0,2,1,2,2,0,25,0,50,1,5,301,542,241,1,Kavita Patil,Pooja Mishra,02-04-2025,28-01-2026
UP-LKO-2026-10086,P008,Highway,Maharashtra,Pune,Hinjewadi,47/A,A,Pooja Verma,1.26 acres,Residential,Verified,5099.04,URBAN,26.8639,81.0322,17841540.96,1.48,50000,26455480.62,52910961.24,6,8,9,22,48,41,82,89,18,46,115,0,0,0,2,1,2,0,75,0,0,2,2,229,466,237,1,Deepa Reddy,Pooja Verma,01-05-2025,16-12-2025
UP-LKO-2026-10087,P003,Transmission,Tamil Nadu,Coonor,Hubbathala,59/B,B,Anjali Yadav,4.67 acres,Commercial,Verified,18898.84,RURAL,26.8641,81.0332,43089355.2,2.03,50000,87521391.06,175042782.1,8,8,3,27,56,22,81,88,41,24,51,1,0,1,2,0,0,0,75,0,50,1,3,327,339,12,1,Rajesh Joshi,Anjali Yadav,12-10-2025,04-09-2026
UP-LKO-2026-10088,P005,Railway,Uttar Pradesh,Varanasi,Sarnath,184/2A,2A,Priya Gupta,1.09 acres,Multi-crop,Pending Review,4411.08,RURAL,26.8643,81.0342,10158717.24,3.04,50000,30932500.41,61865000.82,4,8,14,17,17,36,31,82,57,15,20,4,0,2,2,1,0,0,75,100,0,0,2,344,285,0,0,Suresh Patil,Priya Gupta,19-07-2025,28-06-2026
UP-LKO-2026-10089,P009,Highway,Tamil Nadu,Coonor,Hubbathala,91/A,A,Priya Mishra,1.26 acres,Agricultural,Disputed,5099.04,RURAL,26.8645,81.0352,8245147.68,3.91,50000,32288527.43,64577054.86,9,13,7,21,52,17,89,95,34,15,21,1,2,2,1,1,1,0,0,0,100,0,8,321,398,77,1,Suresh Yadav,Priya Mishra,01-01-2026,18-11-2026
UP-LKO-2026-10090,P008,Transmission,Tamil Nadu,Karaikudi,Kanadukathan,33/3,3,Amit Sharma,4.92 acres,Commercial,Disputed,19910.55,RURAL,26.8647,81.0362,49736553.9,3.14,50000,156222779.2,312445558.5,7,10,8,19,37,36,47,42,79,46,96,2,0,0,0,2,0,0,75,0,0,0,5,228,366,138,1,Ramesh Sharma,Amit Sharma,09-02-2025,25-09-2025
UP-LKO-2026-10091,P001,Transmission,Bihar,Patna,ABC Village,241/3,3,Manoj Sharma,3.93 acres,Multi-crop,Active,15904.16,RURAL,26.8649,81.0372,40142099.84,3.95,50000,158611294.4,317222588.7,10,11,4,30,44,32,58,65,97,38,56,5,1,0,3,3,0,0,0,0,50,3,3,336,454,118,1,Arvind Deshmukh,Manoj Sharma,22-08-2025,24-07-2026
UP-LKO-2026-10092,P008,Transmission,Uttar Pradesh,Kanpur,Bithoor,42/1,1,Rahul Devi,2.74 acres,Commercial,Active,11088.4,URBAN,26.8651,81.0382,24494275.6,1.68,0,41150383.01,82300766.02,6,9,16,20,50,38,77,74,76,32,51,4,2,2,4,1,1,0,50,0,0,3,7,355,442,87,1,Rajesh Patil,Rahul Devi,25-09-2025,15-09-2026
UP-LKO-2026-10093,P002,Highway,Uttar Pradesh,Kanpur,Bithoor,118/3,3,Pooja Sharma,4.69 acres,Multi-crop,Disputed,18979.77,URBAN,26.8653,81.0392,53921526.57,1.39,0,74950921.93,149901843.9,8,9,7,30,37,37,34,109,42,29,136,4,0,1,3,0,1,0,25,0,50,0,9,352,363,11,1,Sanjay Sharma,Pooja Sharma,10-05-2025,27-04-2026
UP-LKO-2026-10094,P002,Highway,Tamil Nadu,Coonor,Hubbathala,15/B,B,Anjali Kumar,2.35 acres,Agricultural,Pending Review,9510.12,RURAL,26.8655,81.0402,19362604.32,3.86,0,74739652.68,149479305.4,1,5,13,15,18,29,32,85,56,44,116,2,2,1,0,0,0,0,0,0,0,2,3,283,279,0,0,Priya Reddy,Anjali Kumar,25-12-2025,04-10-2026
UP-LKO-2026-10095,P005,Railway,Maharashtra,Nagpur,Butibori,155/A,A,Priya Verma,0.69 acres,Agricultural,Verified,2792.33,URBAN,26.8657,81.0412,5721484.17,1.14,0,6522491.954,13044983.91,4,4,8,29,48,18,48,51,28,44,97,1,1,2,0,2,0,0,25,0,50,1,5,320,326,6,1,Arvind Patil,Priya Verma,26-01-2025,12-12-2025
UP-LKO-2026-10096,P007,Railway,Bihar,Siwan,XYZ Village,96/2A,2A,Sunita Gupta,3.24 acres,Agricultural,Verified,13111.83,RURAL,26.8659,81.0422,41144922.54,3.02,50000,124307666.1,248615332.1,2,4,19,30,23,39,38,31,92,53,58,0,2,0,2,3,0,0,75,100,50,2,10,201,396,195,1,Arvind Yadav,Sunita Gupta,01-10-2025,20-04-2026
UP-LKO-2026-10097,P001,Highway,Tamil Nadu,Karaikudi,Kanadukathan,164/B,B,Anjali Sharma,2.31 acres,Multi-crop,Active,9348.25,RURAL,26.8661,81.0432,12040546,2.82,200000,34154339.72,68308679.44,8,11,10,15,58,15,75,80,97,21,136,3,0,2,0,3,1,0,75,100,0,2,8,225,496,271,1,Ramesh Joshi,Anjali Sharma,06-01-2025,19-08-2025
UP-LKO-2026-10098,P003,Transmission,Tamil Nadu,Chennai,Kolathur,185/B,B,Amit Devi,4.33 acres,Agricultural,Pending Review,17522.9,RURAL,26.8663,81.0442,18381522.1,3.87,0,71136490.53,142272981.1,9,9,0,30,49,39,90,85,66,25,0,2,2,1,1,0,1,0,25,0,100,2,7,337,429,92,1,Priya Reddy,Amit Devi,21-02-2025,24-01-2026
UP-LKO-2026-10099,P004,Transmission,Maharashtra,Nashik,Ozar,139/1,1,Sunita Sharma,3.97 acres,Multi-crop,Disputed,16066.03,RURAL,26.8665,81.0452,17013925.77,2.06,0,35048687.09,70097374.17,1,2,0,15,36,31,80,60,38,52,0,2,0,2,2,0,2,0,75,0,100,1,2,332,402,70,1,Anil Yadav,Sunita Sharma,11-11-2025,09-10-2026
UP-LKO-2026-10100,P008,Railway,Uttar Pradesh,Varanasi,Sarnath,157/B,B,Rahul Gupta,2.5 acres,Agricultural,Disputed,10117.15,RURAL,26.8667,81.0462,30533558.7,3.47,200000,106151448.7,212302897.4,2,5,2,11,56,27,42,102,60,43,90,1,3,2,1,3,2,0,25,0,0,3,1,332,521,189,1,Deepa Deshmukh,Rahul Gupta,13-01-2025,11-12-2025
UP-LKO-2026-10101,P002,Transmission,Tamil Nadu,Coonor,Hubbathala,189/2A,2A,Manoj Singh,4.4 acres,Residential,Pending Review,17806.18,RURAL,26.8669,81.0472,26299727.86,3.39,200000,89356077.45,178712154.9,6,7,9,30,37,16,59,61,52,57,22,0,0,1,2,2,0,0,75,50,50,0,9,374,372,0,0,Suresh Iyer,Manoj Singh,13-01-2025,22-01-2026
UP-LKO-2026-10102,P004,Highway,Bihar,Siwan,XYZ Village,126/1,1,Pooja Singh,3.49 acres,Commercial,Verified,14123.54,RURAL,26.8671,81.0482,43514626.74,3.02,200000,131614172.8,263228345.5,4,9,6,11,34,37,82,70,54,47,29,0,0,1,2,1,2,0,75,100,50,0,9,262,455,193,1,Deepa Reddy,Pooja Singh,25-02-2025,14-11-2025
UP-LKO-2026-10103,P004,Transmission,Tamil Nadu,Karaikudi,Kanadukathan,82/1,1,Neha Kumar,3.45 acres,Multi-crop,Pending Review,13961.67,RURAL,26.8673,81.0492,47944374.78,2.12,50000,101692074.5,203384149.1,8,8,7,12,47,35,68,90,26,55,65,1,0,0,4,2,2,0,0,0,50,2,6,385,483,98,1,Ramesh Deshmukh,Neha Kumar,12-01-2025,01-02-2026
UP-LKO-2026-10104,P008,Highway,Maharashtra,Pune,Hinjewadi,32/A,A,Priya Gupta,2.06 acres,Commercial,Active,8336.53,URBAN,26.8675,81.0502,16939828.96,1.52,0,25748540.02,51497080.04,10,13,18,10,50,41,50,73,89,48,129,0,1,2,0,3,0,2,75,100,0,0,9,323,691,368,1,Sanjay Joshi,Priya Gupta,18-07-2025,06-06-2026
UP-LKO-2026-10105,P004,Transmission,Bihar,Siwan,XYZ Village,20/2A,2A,Priya Verma,2.68 acres,Residential,Pending Review,10845.58,RURAL,26.8677,81.0512,42612283.82,3.61,200000,154030344.6,308060689.2,6,11,14,18,42,38,31,30,69,42,21,4,3,0,2,2,2,0,50,0,100,1,3,256,420,164,1,Rajesh Yadav,Priya Verma,22-03-2025,03-12-2025
UP-LKO-2026-10106,P003,Railway,Uttar Pradesh,Varanasi,Sarnath,136/B,B,Vikram Kumar,1.15 acres,Multi-crop,Disputed,4653.89,RURAL,26.8679,81.0522,18052439.31,3.27,0,59031476.54,118062953.1,6,9,7,20,38,45,58,67,81,28,96,4,1,2,1,3,1,1,75,100,100,3,9,254,592,338,1,Sanjay Deshmukh,Vikram Kumar,07-06-2025,16-02-2026
UP-LKO-2026-10107,P002,Highway,Maharashtra,Nagpur,Butibori,182/B,B,Rahul Sharma,1.82 acres,Residential,Verified,7365.29,URBAN,26.8681,81.0532,22545152.69,1.66,200000,37624953.47,75249906.93,5,6,1,10,45,34,68,64,24,32,92,0,2,2,0,2,1,0,25,0,100,2,2,301,382,81,1,Sanjay Patil,Rahul Sharma,17-10-2025,14-08-2026
UP-LKO-2026-10108,P002,Highway,Maharashtra,Nashik,Ozar,10/2A,2A,Rahul Mishra,1.34 acres,Commercial,Active,5422.79,RURAL,26.8683,81.0542,7320766.5,3.3,200000,24358529.45,48717058.9,5,10,3,30,37,25,59,46,24,13,123,3,1,1,0,0,1,0,25,0,100,3,0,338,279,0,0,Rajesh Das,Rahul Mishra,20-12-2025,23-11-2026
UP-LKO-2026-10109,P004,Highway,Tamil Nadu,Karaikudi,Kanadukathan,204/1,1,Anjali Mishra,4.36 acres,Agricultural,Disputed,17644.31,RURAL,26.8685,81.0552,57061698.54,3.39,200000,193639158.1,387278316.1,7,8,11,17,37,41,59,34,67,54,106,0,2,1,1,3,1,0,100,0,100,1,4,242,444,202,1,Kavita Yadav,Anjali Mishra,11-05-2025,08-01-2026
UP-LKO-2026-10110,P002,Transmission,Maharashtra,Pune,Hinjewadi,19-Mar,3,Neha Sharma,1.71 acres,Agricultural,Pending Review,6920.13,URBAN,26.8687,81.0562,10663920.33,1.16,0,12370147.58,24740295.17,8,10,20,26,18,43,58,83,46,39,68,3,2,2,2,1,1,0,50,0,0,3,3,365,388,23,1,Arvind Sharma,Neha Sharma,12-10-2025,12-10-2026
UP-LKO-2026-10111,P002,Railway,Bihar,Siwan,XYZ Village,190/1,1,Anjali Devi,1.46 acres,Residential,Pending Review,5908.42,RURAL,26.8689,81.0572,20159529.04,2.91,200000,58864229.51,117728459,9,11,13,18,38,18,34,92,24,40,106,1,1,2,0,1,1,0,100,100,0,3,8,266,339,73,1,Arvind Iyer,Anjali Devi,23-03-2025,14-12-2025
UP-LKO-2026-10112,P001,Highway,Uttar Pradesh,Kanpur,Bithoor,169/2A,2A,Vikram Verma,0.53 acres,Residential,Disputed,2144.84,URBAN,26.8691,81.0582,3770628.72,1.83,200000,7100250.558,14200501.12,7,10,11,18,33,23,50,120,100,52,145,5,0,0,1,0,1,1,50,0,0,0,6,371,561,190,1,Sanjay Verma,Vikram Verma,27-01-2025,02-02-2026
UP-LKO-2026-10113,P009,Transmission,Tamil Nadu,Coonor,Hubbathala,172/2A,2A,Rahul Kumar,1.53 acres,Agricultural,Disputed,6191.7,RURAL,26.8693,81.0592,18271706.7,3.91,0,71442373.2,142884746.4,1,6,11,17,40,41,64,64,99,21,93,4,1,1,3,0,1,0,25,0,50,1,4,287,391,104,1,Rajesh Deshmukh,Rahul Kumar,09-01-2025,23-10-2025
UP-LKO-2026-10114,P005,Highway,Tamil Nadu,Coonor,Hubbathala,135/A,A,Sunita Gupta,2.11 acres,Commercial,Pending Review,8538.87,RURAL,26.8695,81.0602,20578676.7,3.2,50000,65901765.44,131803530.9,8,8,16,22,58,39,60,117,24,13,149,4,1,1,1,1,2,1,100,50,50,3,0,264,573,309,1,Rajesh Joshi,Sunita Gupta,15-10-2025,06-07-2026
UP-LKO-2026-10115,P006,Highway,Uttar Pradesh,Lucknow,Malhaur,168/B,B,Rahul Devi,1.16 acres,Agricultural,Disputed,4694.36,URBAN,26.8697,81.0612,13435258.32,1.37,50000,18456303.9,36912607.8,8,9,11,17,53,28,63,49,15,60,71,2,1,2,2,3,1,2,25,0,50,3,0,373,660,287,1,Rajesh Deshmukh,Rahul Devi,21-09-2025,29-09-2026
UP-LKO-2026-10116,P008,Highway,Bihar,Muzaffarpur,PQR Village,48/1,1,Anjali Singh,4.71 acres,Commercial,Verified,19060.71,RURAL,26.8699,81.0622,54284902.08,3.6,50000,195475647.5,390951295,10,15,4,30,52,22,54,77,61,34,20,1,1,1,1,3,1,0,50,0,50,2,1,301,465,164,1,Suresh Verma,Anjali Singh,14-04-2025,09-02-2026
UP-LKO-2026-10117,P001,Transmission,Tamil Nadu,Chennai,Kolathur,145/B,B,Priya Devi,1.8 acres,Agricultural,Disputed,7284.35,RURAL,26.8701,81.0632,10518601.4,3.47,0,36499546.86,72999093.72,6,9,16,14,37,28,47,86,99,13,94,1,2,0,0,2,0,1,50,0,0,1,7,294,504,210,1,Priya Verma,Priya Devi,24-12-2025,14-10-2026
UP-LKO-2026-10118,P009,Railway,Bihar,Siwan,XYZ Village,191/A,A,Rahul Kumar,4.78 acres,Multi-crop,Disputed,19343.99,RURAL,26.8703,81.0642,27623217.72,3.87,0,106901852.6,213803705.2,8,10,8,19,41,20,83,88,74,27,30,5,1,2,1,2,0,0,25,0,0,0,5,260,412,152,1,Kavita Singh,Rahul Kumar,08-01-2025,25-09-2025
UP-LKO-2026-10119,P004,Transmission,Bihar,Muzaffarpur,PQR Village,100/A,A,Sunita Singh,2.29 acres,Agricultural,Pending Review,9267.31,RURAL,26.8705,81.0652,26365496.95,2.43,0,64068157.59,128136315.2,4,5,6,25,17,23,39,85,71,57,21,3,2,0,0,0,0,0,100,100,100,0,2,384,317,0,0,Deepa Patil,Sunita Singh,09-05-2025,28-05-2026
UP-LKO-2026-10120,P003,Transmission,Maharashtra,Nagpur,Butibori,48/2A,2A,Anjali Mishra,1.11 acres,Multi-crop,Pending Review,4492.01,URBAN,26.8707,81.0662,9918358.08,1.76,50000,17506310.22,35012620.44,4,7,9,20,40,21,40,51,91,14,91,2,3,2,0,0,1,0,100,0,0,1,3,366,322,0,0,Meena Singh,Anjali Mishra,02-12-2025,03-12-2026
UP-LKO-2026-10121,P009,Highway,Tamil Nadu,Coonor,Hubbathala,74/A,A,Rahul Verma,3.47 acres,Agricultural,Active,14042.6,RURAL,26.8709,81.0672,20474110.8,2.75,200000,56503804.7,113007609.4,7,9,10,30,30,45,90,59,31,29,25,0,1,1,2,2,1,0,0,0,0,2,1,334,419,85,1,Deepa Singh,Rahul Verma,16-07-2025,15-06-2026
UP-LKO-2026-10122,P004,Highway,Bihar,Muzaffarpur,PQR Village,211/3,3,Vikram Singh,2.09 acres,Agricultural,Verified,8457.94,RURAL,26.8711,81.0682,24680268.92,3.45,0,85146927.77,170293855.5,5,7,8,21,48,39,86,74,40,60,88,0,2,1,2,1,2,0,25,0,50,1,6,211,488,277,1,Sanjay Yadav,Vikram Singh,01-06-2025,29-12-2025
UP-LKO-2026-10123,P007,Railway,Maharashtra,Pune,Hinjewadi,159/2A,2A,Neha Devi,1.48 acres,Commercial,Verified,5989.35,URBAN,26.8713,81.0692,23160816.45,1.91,50000,44287159.42,88574318.84,8,9,1,18,17,21,73,40,63,54,85,3,3,2,1,0,2,0,100,100,50,3,1,233,376,143,1,Arvind Deshmukh,Neha Devi,30-04-2025,19-12-2025
UP-LKO-2026-10124,P007,Railway,Tamil Nadu,Karaikudi,Kanadukathan,235/3,3,Vikram Gupta,0.89 acres,Commercial,Active,3601.71,RURAL,26.8715,81.0702,5625871.02,2.01,0,11308000.75,22616001.5,8,11,12,11,49,28,55,89,43,19,43,5,1,1,3,2,1,1,75,100,0,3,9,323,519,196,1,Anil Das,Vikram Gupta,27-01-2025,16-12-2025
UP-LKO-2026-10125,P007,Transmission,Maharashtra,Nagpur,Butibori,225/3,3,Amit Kumar,2.07 acres,Agricultural,Verified,8377,URBAN,26.8717,81.0712,33097527,1.28,200000,42564834.56,85129669.12,7,11,19,28,33,32,71,92,48,45,116,4,0,1,2,3,1,1,75,50,100,0,9,392,604,212,1,Deepa Singh,Amit Kumar,30-11-2025,27-12-2026
UP-LKO-2026-10126,P003,Highway,Maharashtra,Nashik,Ozar,68/1,1,Vikram Kumar,3.77 acres,Agricultural,Active,15256.66,RURAL,26.8719,81.0722,45754723.34,3.32,200000,152105681.5,304211363,5,8,10,18,46,11,84,39,22,21,39,0,1,2,4,2,1,0,75,50,0,2,0,387,346,0,0,Sanjay Yadav,Vikram Kumar,26-12-2025,17-01-2027
UP-LKO-2026-10127,P009,Highway,Uttar Pradesh,Lucknow,Malhaur,108/3,3,Ramesh Sharma,3.96 acres,Residential,Disputed,16025.57,URBAN,26.8721,81.0732,39326748.78,1.99,50000,78310230.07,156620460.1,4,5,8,20,34,21,38,34,21,36,149,3,3,2,1,1,2,2,0,0,0,0,0,368,564,196,1,Sanjay Sharma,Ramesh Sharma,04-08-2025,07-08-2026
UP-LKO-2026-10128,P007,Railway,Uttar Pradesh,Kanpur,Bithoor,98/2A,2A,Ramesh Yadav,0.98 acres,Agricultural,Disputed,3965.92,URBAN,26.8723,81.0742,14876165.92,1.27,200000,19092730.72,38185461.44,6,11,0,13,27,41,65,75,33,57,0,4,3,1,1,3,2,0,75,100,100,1,1,228,491,263,1,Suresh Iyer,Ramesh Yadav,09-10-2025,25-05-2026
UP-LKO-2026-10129,P004,Railway,Maharashtra,Pune,Hinjewadi,200/A,A,Rahul Mishra,0.84 acres,Agricultural,Pending Review,3399.36,URBAN,26.8725,81.0752,12298884.48,1.3,200000,16188549.82,32377099.65,9,12,15,22,22,22,69,90,35,10,46,5,1,2,3,2,0,1,25,0,0,2,6,216,450,234,1,Suresh Das,Rahul Mishra,21-12-2025,25-07-2026
UP-LKO-2026-10130,P003,Highway,Bihar,Patna,ABC Village,224/B,B,Vikram Yadav,2.29 acres,Multi-crop,Active,9267.31,RURAL,26.8727,81.0762,18340006.49,3.74,0,68591624.27,137183248.5,9,12,1,15,36,28,90,118,87,54,118,2,0,0,4,0,1,0,0,0,0,3,7,357,473,116,1,Arvind Sharma,Vikram Yadav,19-04-2025,11-04-2026
UP-LKO-2026-10131,P001,Highway,Tamil Nadu,Coonor,Hubbathala,205/3,3,Vikram Singh,1.89 acres,Agricultural,Verified,7648.57,RURAL,26.8729,81.0772,9224175.42,3.69,50000,34087207.3,68174414.6,2,5,7,16,55,37,73,39,66,25,40,2,3,0,1,1,1,0,25,0,100,1,1,311,386,75,1,Anil Singh,Vikram Singh,24-05-2025,31-03-2026
UP-LKO-2026-10132,P006,Highway,Tamil Nadu,Chennai,Kolathur,55/A,A,Vikram Mishra,3.22 acres,Multi-crop,Pending Review,13030.89,RURAL,26.8731,81.0782,49947401.37,3.35,50000,167373794.6,334747589.2,3,3,17,25,24,43,33,59,27,17,51,5,0,2,4,1,2,0,75,50,50,2,5,371,348,0,0,Sanjay Joshi,Vikram Mishra,12-08-2025,18-08-2026
UP-LKO-2026-10133,P005,Railway,Uttar Pradesh,Varanasi,Sarnath,219/B,B,Manoj Sharma,0.92 acres,Residential,Active,3723.11,RURAL,26.8733,81.0792,11228899.76,2.51,50000,28234538.4,56469076.8,4,9,19,26,53,14,44,52,54,19,70,1,2,1,4,2,2,2,100,50,100,0,5,300,652,352,1,Ramesh Sharma,Manoj Sharma,17-02-2025,14-12-2025
UP-LKO-2026-10134,P007,Highway,Tamil Nadu,Coonor,Hubbathala,98/3,3,Neha Gupta,2.98 acres,Commercial,Disputed,12059.64,RURAL,26.8735,81.0802,43402644.36,2.02,50000,87723341.61,175446683.2,6,8,2,18,16,34,39,52,89,42,60,5,1,0,2,3,2,0,75,100,50,2,9,201,470,269,1,Anil Reddy,Neha Gupta,29-08-2025,18-03-2026
UP-LKO-2026-10135,P001,Railway,Bihar,Siwan,XYZ Village,40/3,3,Sunita Sharma,3.91 acres,Commercial,Active,15823.22,RURAL,26.8737,81.0812,24446874.9,2.13,0,52071843.54,104143687.1,2,6,9,23,49,42,78,113,44,23,105,5,2,2,4,0,1,2,75,0,50,3,5,281,657,376,1,Kavita Patil,Sunita Sharma,26-11-2025,03-09-2026
UP-LKO-2026-10136,P004,Railway,Maharashtra,Nashik,Ozar,215/2A,2A,Anjali Yadav,0.58 acres,Commercial,Pending Review,2347.18,RURAL,26.8739,81.0822,7236355.94,3.04,0,21998522.06,43997044.12,3,8,14,18,17,16,84,117,40,18,58,4,3,2,4,1,2,0,0,0,100,1,9,296,430,134,1,Arvind Yadav,Anjali Yadav,29-10-2025,21-08-2026
UP-LKO-2026-10137,P008,Transmission,Bihar,Muzaffarpur,PQR Village,91/B,B,Amit Verma,2.65 acres,Residential,Verified,10724.18,RURAL,26.8741,81.0832,27378831.54,3.18,200000,87264684.3,174529368.6,2,5,4,13,17,17,35,108,44,55,28,2,1,0,3,3,1,1,50,0,50,2,3,231,544,313,1,Anil Reddy,Amit Verma,22-10-2025,10-06-2026
UP-LKO-2026-10138,P003,Railway,Tamil Nadu,Karaikudi,Kanadukathan,93/2A,2A,Ramesh Mishra,3.11 acres,Residential,Disputed,12585.73,RURAL,26.8743,81.0842,27839634.76,3.02,50000,84125696.98,168251394,8,8,15,16,52,14,36,45,57,16,130,5,0,2,2,3,1,2,100,100,50,3,9,325,611,286,1,Kavita Verma,Ramesh Mishra,22-09-2025,13-08-2026
UP-LKO-2026-10139,P002,Transmission,Tamil Nadu,Coonor,Hubbathala,206/B,B,Manoj Yadav,1.61 acres,Multi-crop,Active,6515.44,RURAL,26.8745,81.0852,8860998.4,3.28,50000,29114074.75,58228149.5,2,2,2,20,15,28,89,41,70,30,60,0,3,1,0,2,1,0,25,0,100,2,7,317,398,81,1,Meena Das,Manoj Yadav,12-04-2025,23-02-2026
UP-LKO-2026-10140,P002,Highway,Tamil Nadu,Chennai,Kolathur,54/1,1,Anjali Mishra,4.47 acres,Residential,Disputed,18089.46,RURAL,26.8747,81.0862,31747002.3,2.97,0,94288596.83,188577193.7,1,5,7,27,42,18,76,80,89,45,34,0,1,1,3,2,0,1,50,0,0,1,8,281,557,276,1,Ramesh Verma,Anjali Mishra,16-03-2025,22-12-2025
UP-LKO-2026-10141,P008,Transmission,Maharashtra,Nagpur,Butibori,232/2A,2A,Manoj Sharma,1.07 acres,Commercial,Active,4330.14,URBAN,26.8749,81.0872,6629444.34,1.2,0,7955333.208,15910666.42,9,10,7,29,31,44,49,43,97,30,143,2,0,2,2,3,1,0,75,50,50,3,10,250,458,208,1,Priya Yadav,Manoj Sharma,01-05-2025,06-01-2026
UP-LKO-2026-10142,P008,Highway,Maharashtra,Nagpur,Butibori,216/B,B,Neha Mishra,3.77 acres,Residential,Pending Review,15256.66,URBAN,26.8751,81.0882,22549343.48,1.03,200000,23425823.78,46851647.57,1,3,15,18,26,21,90,117,50,30,125,0,0,0,3,1,1,1,75,50,0,0,7,330,547,217,1,Sanjay Patil,Neha Mishra,08-03-2025,01-02-2026
UP-LKO-2026-10143,P008,Highway,Uttar Pradesh,Lucknow,Malhaur,17/A,A,Anjali Yadav,4.77 acres,Residential,Disputed,19303.52,URBAN,26.8753,81.0892,63354152.64,1.28,200000,81293315.38,162586630.8,7,7,10,24,33,23,67,53,99,25,130,0,3,2,3,3,1,0,75,100,50,1,5,245,459,214,1,Ramesh Singh,Anjali Yadav,13-12-2025,15-08-2026
UP-LKO-2026-10144,P005,Railway,Uttar Pradesh,Varanasi,Sarnath,41/1,1,Manoj Devi,3.54 acres,Multi-crop,Disputed,14325.88,RURAL,26.8755,81.0902,46544784.12,2.34,50000,108964794.8,217929589.7,6,8,9,19,43,30,73,79,69,48,146,5,2,1,2,2,1,0,25,0,50,3,9,386,466,80,1,Sanjay Iyer,Manoj Devi,18-07-2025,08-08-2026
UP-LKO-2026-10145,P004,Railway,Maharashtra,Pune,Hinjewadi,217/1,1,Rahul Singh,2.2 acres,Commercial,Verified,8903.09,URBAN,26.8757,81.0912,23789056.48,1.27,200000,30412101.73,60824203.46,2,6,20,27,54,41,54,104,96,37,50,5,0,1,1,1,1,0,50,0,0,1,5,331,488,157,1,Deepa Yadav,Rahul Singh,29-10-2025,25-09-2026
UP-LKO-2026-10146,P005,Highway,Tamil Nadu,Chennai,Kolathur,190/1,1,Amit Verma,2.74 acres,Residential,Verified,11088.4,RURAL,26.8759,81.0922,23662645.6,2.16,200000,51311314.5,102622629,10,12,5,15,31,41,78,117,23,42,64,4,2,0,1,0,1,0,25,0,50,1,0,315,392,77,1,Suresh Joshi,Amit Verma,28-01-2025,09-12-2025
UP-LKO-2026-10147,P008,Railway,Tamil Nadu,Coonor,Hubbathala,27-Jan,1,Ramesh Yadav,4.98 acres,Residential,Disputed,20153.36,RURAL,26.8761,81.0932,42301902.64,3.6,200000,152486849.5,304973699,5,8,8,18,59,30,65,51,84,60,61,5,3,2,2,2,2,0,25,0,0,2,7,315,517,202,1,Rajesh Deshmukh,Ramesh Yadav,20-05-2025,31-03-2026
UP-LKO-2026-10148,P009,Highway,Bihar,Siwan,XYZ Village,66/1,1,Neha Kumar,2.94 acres,Agricultural,Pending Review,11897.77,RURAL,26.8763,81.0942,45044957.22,2.24,0,100900704.2,201801408.3,3,5,13,20,58,22,81,40,31,12,110,0,3,1,4,0,2,1,25,0,100,3,4,346,474,128,1,Arvind Das,Neha Kumar,12-07-2025,23-06-2026
UP-LKO-2026-10149,P007,Transmission,Bihar,Patna,ABC Village,245/A,A,Sunita Mishra,3.46 acres,Commercial,Verified,14002.14,RURAL,26.8765,81.0952,36615596.1,3.94,50000,144315448.6,288630897.3,5,9,13,27,28,21,75,85,82,44,110,3,1,1,4,3,2,2,25,0,50,3,5,216,782,566,1,Ramesh Sharma,Sunita Mishra,25-12-2025,29-07-2026
UP-LKO-2026-10150,P002,Highway,Bihar,Patna,ABC Village,50/2A,2A,Rahul Mishra,4.16 acres,Commercial,Active,16834.94,RURAL,26.8767,81.0962,56127689.96,3.62,200000,203382237.7,406764475.3,2,2,2,17,38,28,71,99,42,52,52,5,1,0,1,2,0,1,0,0,50,2,0,225,527,302,1,Anil Deshmukh,Rahul Mishra,10-02-2025,23-09-2025
UP-LKO-2026-10151,P005,Railway,Tamil Nadu,Karaikudi,Kanadukathan,65/2A,2A,Manoj Devi,3.56 acres,Commercial,Pending Review,14406.82,RURAL,26.8769,81.0972,50899295.06,3.01,200000,153406878.1,306813756.3,3,5,4,15,50,26,69,89,30,53,105,2,3,1,1,0,2,2,75,100,100,1,6,293,662,369,1,Rajesh Iyer,Manoj Devi,12-03-2025,30-12-2025
UP-LKO-2026-10152,P002,Railway,Maharashtra,Pune,Hinjewadi,98/3,3,Neha Yadav,2.93 acres,Residential,Verified,11857.3,URBAN,26.8771,81.0982,39212091.1,1.37,50000,53770564.81,107541129.6,9,9,8,25,49,32,75,50,52,27,75,4,3,1,4,0,0,0,100,0,100,3,0,322,310,0,0,Ramesh Singh,Neha Yadav,28-09-2025,16-08-2026
UP-LKO-2026-10153,P006,Railway,Maharashtra,Nagpur,Butibori,111/3,3,Priya Gupta,2.75 acres,Multi-crop,Pending Review,11128.86,URBAN,26.8773,81.0992,21756921.3,1.84,50000,40082735.19,80165470.38,9,14,19,27,19,39,83,82,25,22,95,1,1,2,0,2,0,1,50,0,0,2,3,387,477,90,1,Priya Yadav,Priya Gupta,31-10-2025,22-11-2026
UP-LKO-2026-10154,P005,Transmission,Bihar,Siwan,XYZ Village,63/1,1,Vikram Kumar,0.93 acres,Residential,Pending Review,3763.58,RURAL,26.8775,81.1002,6571210.68,3.71,0,24379191.62,48758383.25,1,1,8,15,36,37,89,79,27,25,44,4,3,1,3,3,1,0,100,100,100,3,2,315,443,128,1,Ramesh Das,Vikram Kumar,06-04-2025,15-02-2026
UP-LKO-2026-10155,P004,Transmission,Uttar Pradesh,Lucknow,Malhaur,145/B,B,Vikram Singh,1.67 acres,Multi-crop,Active,6758.26,URBAN,26.8777,81.1012,14347785.98,1.64,0,23530369.01,47060738.01,7,10,16,29,20,27,66,68,29,55,137,0,3,2,2,0,2,0,75,0,50,2,2,251,384,133,1,Sanjay Yadav,Vikram Singh,04-04-2025,11-12-2025
UP-LKO-2026-10156,P004,Railway,Bihar,Patna,ABC Village,146/1,1,Vikram Devi,0.56 acres,Agricultural,Active,2266.24,RURAL,26.8779,81.1022,3703036.16,3.51,50000,13047656.92,26095313.84,10,13,5,21,21,28,46,82,84,46,110,4,3,2,1,0,0,1,100,100,50,2,5,332,448,116,1,Deepa Verma,Vikram Devi,31-12-2025,28-11-2026
UP-LKO-2026-10157,P007,Transmission,Tamil Nadu,Chennai,Kolathur,117/3,3,Amit Sharma,1.38 acres,Agricultural,Verified,5584.67,RURAL,26.8781,81.1032,12599015.52,3.42,200000,43288633.08,86577266.16,6,9,20,29,59,14,70,103,76,50,96,2,0,2,1,1,0,0,25,0,100,3,3,243,431,188,1,Ramesh Reddy,Amit Sharma,25-02-2025,26-10-2025
UP-LKO-2026-10158,P001,Highway,Bihar,Patna,ABC Village,192/B,B,Amit Yadav,3.64 acres,Multi-crop,Active,14730.57,RURAL,26.8783,81.1042,42777575.28,2.93,0,125338295.6,250676591.1,10,14,0,10,15,10,53,83,69,35,0,0,0,0,2,0,1,1,50,0,100,3,8,202,440,238,1,Kavita Joshi,Amit Yadav,15-03-2025,03-10-2025
UP-LKO-2026-10159,P003,Highway,Maharashtra,Nashik,Ozar,129/3,3,Anjali Devi,4.11 acres,Agricultural,Disputed,16632.59,RURAL,26.8785,81.1052,17247995.83,3.51,50000,60590465.36,121180930.7,8,10,1,22,35,31,76,106,72,47,103,2,1,0,4,1,0,1,100,0,100,2,4,289,539,250,1,Arvind Iyer,Anjali Devi,03-07-2025,18-04-2026
UP-LKO-2026-10160,P006,Highway,Maharashtra,Pune,Hinjewadi,89/3,3,Amit Yadav,1.52 acres,Residential,Active,6151.23,URBAN,26.8787,81.1062,10069563.51,1.83,50000,18477301.22,36954602.45,8,11,18,15,37,11,32,62,62,35,130,4,3,0,3,3,1,1,75,50,100,3,4,249,509,260,1,Ramesh Reddy,Amit Yadav,08-08-2025,14-04-2026
UP-LKO-2026-10161,P009,Transmission,Bihar,Muzaffarpur,PQR Village,77/A,A,Priya Mishra,2.39 acres,Agricultural,Verified,9672,RURAL,26.8789,81.1072,22400352,2.63,0,58912925.76,117825851.5,10,10,1,10,34,23,89,96,97,20,147,2,1,1,4,2,1,1,25,0,100,1,6,354,594,240,1,Deepa Yadav,Priya Mishra,22-10-2025,11-10-2026
UP-LKO-2026-10162,P004,Highway,Tamil Nadu,Coonor,Hubbathala,83/2A,2A,Ramesh Yadav,2.01 acres,Commercial,Disputed,8134.19,RURAL,26.8791,81.1082,9232305.65,2.15,50000,19899457.15,39798914.3,9,10,12,21,23,25,39,57,89,47,21,3,0,2,2,2,1,2,0,0,50,2,3,294,646,352,1,Ramesh Iyer,Ramesh Yadav,26-08-2025,16-06-2026
UP-LKO-2026-10163,P005,Railway,Maharashtra,Nashik,Ozar,74/2A,2A,Vikram Kumar,2.36 acres,Commercial,Disputed,9550.59,RURAL,26.8793,81.1092,23332091.37,3.11,50000,72612804.16,145225608.3,7,10,13,16,59,29,85,89,38,18,89,4,3,0,1,2,2,0,25,0,100,0,5,220,484,264,1,Anil Patil,Vikram Kumar,05-04-2025,11-11-2025
UP-LKO-2026-10164,P008,Highway,Tamil Nadu,Karaikudi,Kanadukathan,110/A,A,Priya Sharma,1.2 acres,Multi-crop,Verified,4856.23,RURAL,26.8795,81.1102,13607156.46,3.86,0,52523623.94,105047247.9,9,13,2,25,28,37,75,59,69,46,109,1,2,2,0,0,1,0,100,0,100,3,7,213,384,171,1,Kavita Sharma,Priya Sharma,19-05-2025,18-12-2025
UP-LKO-2026-10165,P003,Railway,Maharashtra,Pune,Hinjewadi,240/1,1,Priya Gupta,1.42 acres,Multi-crop,Verified,5746.54,URBAN,26.8797,81.1112,11142541.06,1.4,50000,15649557.48,31299114.97,6,11,12,12,30,40,35,116,39,23,106,5,3,2,2,2,1,1,50,0,0,1,6,248,520,272,1,Anil Sharma,Priya Gupta,05-01-2025,10-09-2025
UP-LKO-2026-10166,P003,Railway,Maharashtra,Pune,Hinjewadi,112/2A,2A,Priya Mishra,2.57 acres,Commercial,Verified,10400.43,URBAN,26.8799,81.1122,31960521.39,1.64,200000,52615255.08,105230510.2,4,6,10,16,44,36,53,92,38,36,32,0,3,2,0,2,1,2,50,0,50,2,3,310,660,350,1,Anil Das,Priya Mishra,15-05-2025,21-03-2026
UP-LKO-2026-10167,P007,Transmission,Maharashtra,Nagpur,Butibori,130/2A,2A,Manoj Devi,2.43 acres,Multi-crop,Pending Review,9833.87,URBAN,26.8801,81.1132,24987863.67,1.87,0,46727305.06,93454610.13,7,12,13,23,36,24,31,75,46,15,40,2,2,1,2,0,2,1,50,0,100,3,1,309,460,151,1,Meena Iyer,Manoj Devi,27-11-2025,02-10-2026
UP-LKO-2026-10168,P005,Railway,Tamil Nadu,Coonor,Hubbathala,185/2A,2A,Ramesh Sharma,2.15 acres,Residential,Active,8700.75,RURAL,26.8803,81.1142,26519886,2.83,200000,75251277.38,150502554.8,5,10,16,26,22,17,71,78,39,38,87,4,2,0,2,2,2,1,25,0,0,0,7,242,561,319,1,Priya Iyer,Ramesh Sharma,02-09-2025,02-05-2026
UP-LKO-2026-10169,P008,Railway,Maharashtra,Nashik,Ozar,78/1,1,Priya Kumar,1.04 acres,Residential,Active,4208.73,RURAL,26.8805,81.1152,5298791.07,2.71,200000,14559723.8,29119447.6,4,7,0,17,19,35,49,85,40,40,0,5,2,1,0,1,2,2,25,0,100,2,4,256,645,389,1,Kavita Sharma,Priya Kumar,15-06-2025,26-02-2026
UP-LKO-2026-10170,P002,Transmission,Maharashtra,Pune,Hinjewadi,104/1,1,Anjali Verma,0.7 acres,Commercial,Verified,2832.8,URBAN,26.8807,81.1162,3447517.6,1.2,50000,4187021.12,8374042.24,6,11,19,21,42,40,58,55,58,19,45,4,2,2,4,2,2,2,75,50,50,1,5,345,683,338,1,Deepa Reddy,Anjali Verma,19-12-2025,29-11-2026
UP-LKO-2026-10171,P001,Highway,Uttar Pradesh,Kanpur,Bithoor,117/1,1,Manoj Sharma,3.59 acres,Residential,Active,14528.23,URBAN,26.8809,81.1172,57865940.09,1.53,200000,88734888.34,177469776.7,4,5,18,25,54,38,43,65,50,16,75,2,0,2,3,3,1,0,100,0,100,1,0,245,426,181,1,Suresh Yadav,Manoj Sharma,26-07-2025,28-03-2026
UP-LKO-2026-10172,P004,Transmission,Tamil Nadu,Coonor,Hubbathala,108/1,1,Manoj Yadav,3.18 acres,Agricultural,Disputed,12869.01,RURAL,26.8811,81.1182,20526070.95,3.2,200000,65883427.04,131766854.1,3,3,5,12,42,34,65,30,48,52,106,3,1,0,1,2,1,0,75,0,50,1,10,242,388,146,1,Rajesh Yadav,Manoj Yadav,13-03-2025,10-11-2025
UP-LKO-2026-10173,P003,Transmission,Uttar Pradesh,Varanasi,Sarnath,92/1,1,Rahul Devi,1.58 acres,Commercial,Active,6394.04,RURAL,26.8813,81.1192,21356093.6,3.11,200000,66617451.1,133234902.2,10,10,9,12,46,27,36,114,60,45,21,2,0,1,1,0,0,2,25,0,0,3,4,346,580,234,1,Deepa Reddy,Rahul Devi,09-11-2025,21-10-2026
UP-LKO-2026-10174,P007,Railway,Tamil Nadu,Coonor,Hubbathala,66/2A,2A,Anjali Kumar,2.73 acres,Agricultural,Verified,11047.93,RURAL,26.8815,81.1202,24780506.99,2.61,200000,64877123.24,129754246.5,9,11,10,20,56,13,52,112,92,47,140,1,3,0,4,0,2,0,100,0,0,0,8,363,482,119,1,Rajesh Yadav,Anjali Kumar,27-06-2025,25-06-2026
UP-LKO-2026-10175,P005,Railway,Uttar Pradesh,Kanpur,Bithoor,201/A,A,Rahul Yadav,3.5 acres,Residential,Pending Review,14164.01,URBAN,26.8817,81.1212,30183505.31,1.51,50000,45627093.02,91254186.04,7,11,4,16,48,21,86,93,65,44,113,3,1,1,3,1,0,0,25,0,0,1,0,233,403,170,1,Sanjay Patil,Rahul Yadav,06-01-2025,27-08-2025
UP-LKO-2026-10176,P001,Transmission,Uttar Pradesh,Kanpur,Bithoor,210/B,B,Ramesh Mishra,1.17 acres,Agricultural,Active,4734.83,URBAN,26.8819,81.1222,15416606.48,1.57,200000,24404072.17,48808144.35,3,3,20,18,56,26,58,31,90,49,52,1,0,0,2,3,1,0,0,0,0,2,3,214,463,249,1,Rajesh Yadav,Ramesh Mishra,24-05-2025,24-12-2025
UP-LKO-2026-10177,P001,Railway,Uttar Pradesh,Varanasi,Sarnath,89/3,3,Manoj Gupta,4.52 acres,Multi-crop,Disputed,18291.81,RURAL,26.8821,81.1232,47174577.99,3.01,0,141995479.7,283990959.5,6,8,9,21,40,40,89,113,81,32,92,2,0,2,4,0,2,2,75,0,0,1,0,399,746,347,1,Kavita Singh,Manoj Gupta,15-03-2025,18-04-2026
UP-LKO-2026-10178,P005,Railway,Bihar,Siwan,XYZ Village,192/A,A,Amit Mishra,2.42 acres,Commercial,Verified,9793.4,RURAL,26.8823,81.1242,13367991,2.76,0,36895655.16,73791310.32,2,2,12,18,32,16,67,77,37,46,113,1,1,1,4,1,0,1,0,0,0,0,2,372,443,71,1,Arvind Deshmukh,Amit Mishra,03-08-2025,10-08-2026
UP-LKO-2026-10179,P009,Highway,Bihar,Siwan,XYZ Village,246/3,3,Neha Verma,4.53 acres,Multi-crop,Pending Review,18332.28,RURAL,26.8825,81.1252,50138785.8,2.77,50000,138934436.7,277868873.3,6,7,18,30,43,10,46,52,73,11,117,1,0,1,4,1,0,1,0,0,50,2,1,240,415,175,1,Deepa Yadav,Neha Verma,21-02-2025,19-10-2025
UP-LKO-2026-10180,P001,Transmission,Maharashtra,Nashik,Ozar,162/2A,2A,Ramesh Kumar,1.58 acres,Commercial,Pending Review,6394.04,RURAL,26.8827,81.1262,11976036.92,3.85,0,46107742.14,92215484.28,2,2,17,14,32,33,31,67,31,23,112,0,3,2,3,3,0,1,50,0,0,2,3,209,441,232,1,Meena Yadav,Ramesh Kumar,22-07-2025,16-02-2026
UP-LKO-2026-10181,P006,Railway,Uttar Pradesh,Kanpur,Bithoor,21-Mar,3,Vikram Mishra,2.92 acres,Agricultural,Disputed,11816.83,URBAN,26.8829,81.1272,31420950.97,1.73,50000,54408245.18,108816490.4,10,12,2,30,33,13,75,102,72,38,112,5,1,2,0,1,1,2,0,0,100,0,5,210,678,468,1,Meena Singh,Vikram Mishra,10-10-2025,08-05-2026
UP-LKO-2026-10182,P001,Highway,Uttar Pradesh,Lucknow,Malhaur,198/B,B,Manoj Singh,0.82 acres,Residential,Pending Review,3318.43,URBAN,26.8831,81.1282,6441072.63,1.81,50000,11708341.46,23416682.92,8,12,10,11,53,36,59,116,59,14,64,3,1,2,0,2,0,0,100,100,100,1,1,305,408,103,1,Arvind Iyer,Manoj Singh,29-03-2025,28-01-2026
UP-LKO-2026-10183,P008,Transmission,Bihar,Muzaffarpur,PQR Village,65/3,3,Vikram Sharma,2.54 acres,Commercial,Disputed,10279.02,RURAL,26.8833,81.1292,31094035.5,3.47,0,107896303.2,215792606.4,5,9,11,28,41,38,65,80,55,12,143,4,2,1,3,3,2,0,100,50,0,2,0,371,499,128,1,Rajesh Das,Vikram Sharma,15-05-2025,21-05-2026
UP-LKO-2026-10184,P003,Transmission,Bihar,Muzaffarpur,PQR Village,141/A,A,Ramesh Gupta,2.33 acres,Commercial,Verified,9429.18,RURAL,26.8835,81.1302,35246274.84,2.67,0,94107553.82,188215107.6,3,8,10,19,32,11,60,119,88,12,36,1,1,2,0,3,0,0,25,0,0,0,9,309,431,122,1,Anil Das,Ramesh Gupta,06-10-2025,11-08-2026
UP-LKO-2026-10185,P006,Highway,Bihar,Patna,ABC Village,88/B,B,Priya Devi,2.74 acres,Commercial,Active,11088.4,RURAL,26.8837,81.1312,24072916.4,3.28,200000,79159165.79,158318331.6,3,8,19,17,44,20,66,111,47,23,123,1,1,0,2,1,2,2,50,0,0,0,3,273,688,415,1,Meena Das,Priya Devi,27-05-2025,24-02-2026
UP-LKO-2026-10186,P008,Transmission,Tamil Nadu,Chennai,Kolathur,75/3,3,Ramesh Gupta,3.83 acres,Agricultural,Disputed,15499.47,RURAL,26.8839,81.1322,41554079.07,3.85,0,159983204.4,319966408.8,9,12,3,11,58,31,85,91,84,41,43,3,1,1,1,3,2,1,100,50,0,1,6,284,701,417,1,Deepa Das,Ramesh Gupta,04-01-2025,15-10-2025
UP-LKO-2026-10187,P003,Highway,Bihar,Muzaffarpur,PQR Village,186/A,A,Ramesh Singh,2.34 acres,Agricultural,Disputed,9469.65,RURAL,26.8841,81.1332,26950623.9,2.06,50000,55568285.23,111136570.5,6,6,19,20,16,26,40,71,57,57,109,3,3,1,3,2,0,0,25,0,100,0,9,203,347,144,1,Anil Verma,Ramesh Singh,21-12-2025,12-07-2026
UP-LKO-2026-10188,P001,Highway,Maharashtra,Nashik,Ozar,201/2A,2A,Pooja Verma,1.21 acres,Commercial,Disputed,4896.7,RURAL,26.8843,81.1342,13647102.9,3.27,200000,44826026.48,89652052.97,2,6,18,15,17,20,30,44,33,37,25,5,2,2,2,1,2,2,0,0,100,3,5,352,556,204,1,Kavita Sharma,Pooja Verma,31-12-2025,18-12-2026
UP-LKO-2026-10189,P003,Railway,Maharashtra,Pune,Hinjewadi,185/2A,2A,Rahul Yadav,1.22 acres,Multi-crop,Disputed,4937.17,URBAN,26.8845,81.1352,6887352.15,1.09,0,7507213.844,15014427.69,4,6,0,28,59,25,48,111,17,32,0,1,3,0,2,0,2,2,100,100,100,3,3,380,650,270,1,Sanjay Verma,Rahul Yadav,09-02-2025,24-02-2026
UP-LKO-2026-10190,P003,Transmission,Bihar,Muzaffarpur,PQR Village,211/3,3,Manoj Sharma,3.28 acres,Commercial,Disputed,13273.7,RURAL,26.8847,81.1362,45834086.1,3.25,200000,149160779.8,298321559.7,9,10,12,16,58,13,86,88,54,60,68,2,2,0,4,3,0,0,100,50,0,0,1,208,465,257,1,Ramesh Verma,Manoj Sharma,22-04-2025,16-11-2025
UP-LKO-2026-10191,P003,Transmission,Maharashtra,Nashik,Ozar,120/1,1,Manoj Sharma,3.35 acres,Agricultural,Disputed,13556.98,RURAL,26.8849,81.1372,30218508.42,2.95,200000,89344599.84,178689199.7,10,12,17,23,49,35,43,117,88,54,59,2,1,2,1,0,2,0,0,0,0,1,3,258,499,241,1,Anil Yadav,Manoj Sharma,24-04-2025,07-01-2026
UP-LKO-2026-10192,P002,Railway,Maharashtra,Pune,Hinjewadi,242/2A,2A,Ramesh Gupta,3.37 acres,Residential,Active,13637.92,URBAN,26.8851,81.1382,33712938.24,1.63,50000,55002089.33,110004178.7,5,7,5,23,18,15,48,43,35,36,88,2,0,0,4,2,0,0,75,100,50,1,8,313,278,0,0,Priya Deshmukh,Ramesh Gupta,04-11-2025,13-09-2026
UP-LKO-2026-10193,P007,Railway,Uttar Pradesh,Kanpur,Bithoor,186/3,3,Priya Yadav,3.78 acres,Agricultural,Pending Review,15297.13,URBAN,26.8853,81.1392,44025140.14,1.58,200000,69759721.42,139519442.8,8,11,10,10,22,32,37,84,30,37,86,2,3,1,1,0,1,2,75,0,50,2,4,271,537,266,1,Kavita Sharma,Priya Yadav,01-03-2025,27-11-2025
UP-LKO-2026-10194,P006,Transmission,Maharashtra,Pune,Hinjewadi,19-Mar,3,Vikram Sharma,1.17 acres,Commercial,Verified,4734.83,URBAN,26.8855,81.1402,9365493.74,1.65,200000,15653064.67,31306129.34,6,11,1,26,28,27,65,49,93,11,76,1,0,1,1,1,2,0,100,50,50,3,7,225,419,194,1,Deepa Joshi,Vikram Sharma,26-12-2025,08-08-2026
UP-LKO-2026-10195,P009,Railway,Bihar,Patna,ABC Village,19-Jan,1,Priya Mishra,1.9 acres,Commercial,Active,7689.03,RURAL,26.8857,81.1412,14809071.78,3.21,0,47537120.41,95074240.83,1,1,10,28,53,10,77,104,31,31,74,5,2,1,2,3,0,2,100,100,100,3,9,292,664,372,1,Deepa Patil,Priya Mishra,05-06-2025,24-03-2026
UP-LKO-2026-10196,P005,Railway,Uttar Pradesh,Kanpur,Bithoor,168/3,3,Priya Kumar,1.35 acres,Multi-crop,Disputed,5463.26,URBAN,26.8859,81.1422,20192208.96,1.44,0,29076780.9,58153561.8,2,5,12,23,23,12,46,104,39,23,90,5,3,0,2,1,0,0,0,0,100,2,5,335,300,0,0,Kavita Patil,Priya Kumar,28-11-2025,29-10-2026
UP-LKO-2026-10197,P002,Highway,Bihar,Siwan,XYZ Village,201/A,A,Neha Devi,0.61 acres,Commercial,Active,2468.58,RURAL,26.8861,81.1432,4682896.26,2.66,50000,12506504.05,25013008.1,5,10,13,13,15,37,41,101,62,44,46,4,1,2,3,0,0,0,25,0,0,2,5,381,313,0,0,Suresh Deshmukh,Neha Devi,15-06-2025,01-07-2026
UP-LKO-2026-10198,P004,Transmission,Uttar Pradesh,Kanpur,Bithoor,33/B,B,Neha Verma,1.4 acres,Commercial,Verified,5665.6,URBAN,26.8863,81.1442,10996929.6,1.62,50000,17865025.95,35730051.9,8,12,7,30,27,27,50,57,44,13,131,2,0,0,2,2,0,0,75,100,50,3,5,319,308,0,0,Kavita Deshmukh,Neha Verma,17-11-2025,02-10-2026
UP-LKO-2026-10199,P003,Highway,Tamil Nadu,Chennai,Kolathur,107/B,B,Anjali Kumar,3.78 acres,Residential,Disputed,15297.13,RURAL,26.8865,81.1452,25852149.7,3.61,0,93326260.42,186652520.8,6,9,2,17,38,43,52,53,37,26,111,0,0,2,1,0,1,2,75,100,0,2,2,382,551,169,1,Suresh Joshi,Anjali Kumar,20-01-2025,06-02-2026
UP-LKO-2026-10200,P003,Highway,Bihar,Muzaffarpur,PQR Village,142/2A,2A,Pooja Singh,4.15 acres,Agricultural,Active,16794.47,RURAL,26.8867,81.1462,47998595.26,2.47,200000,118756530.3,237513060.6,9,14,13,18,49,37,69,108,65,55,118,0,3,1,2,0,0,0,25,0,0,2,5,308,401,93,1,Rajesh Reddy,Pooja Singh,04-08-2025,08-06-2026
UP-LKO-2026-10201,P009,Transmission,Uttar Pradesh,Varanasi,Sarnath,233/2A,2A,Pooja Devi,4.28 acres,Agricultural,Active,17320.56,RURAL,26.8869,81.1472,68277647.52,3.08,200000,210495154.4,420990308.7,4,7,9,25,29,18,51,65,46,30,62,5,0,1,2,3,0,0,25,0,100,3,0,202,354,152,1,Ramesh Singh,Pooja Devi,18-02-2025,08-09-2025
UP-LKO-2026-10202,P008,Highway,Tamil Nadu,Coonor,Hubbathala,111/3,3,Pooja Verma,4.61 acres,Residential,Verified,18656.02,RURAL,26.8871,81.1482,48729524.24,2.14,50000,104331181.9,208662363.7,5,6,2,14,21,10,74,38,28,54,65,2,2,1,1,0,2,1,50,0,0,0,7,271,449,178,1,Ramesh Singh,Pooja Verma,26-08-2025,24-05-2026
UP-LKO-2026-10203,P006,Transmission,Uttar Pradesh,Varanasi,Sarnath,62/1,1,Ramesh Devi,4.99 acres,Residential,Active,20193.83,RURAL,26.8873,81.1492,71607321.18,3.74,0,267811381.2,535622762.4,4,7,9,17,31,33,83,79,20,18,114,1,0,1,3,1,1,0,75,0,0,0,5,214,356,142,1,Ramesh Sharma,Ramesh Devi,25-12-2025,27-07-2026
UP-LKO-2026-10204,P003,Railway,Bihar,Muzaffarpur,PQR Village,127/B,B,Amit Sharma,2.05 acres,Residential,Disputed,8296.06,RURAL,26.8875,81.1502,18674431.06,2.63,50000,49163753.69,98327507.38,5,7,7,13,47,24,71,55,53,44,32,3,0,0,1,3,2,0,100,100,100,0,0,247,487,240,1,Sanjay Yadav,Amit Sharma,17-12-2025,21-08-2026
UP-LKO-2026-10205,P007,Railway,Tamil Nadu,Karaikudi,Kanadukathan,156/2A,2A,Pooja Kumar,4.76 acres,Agricultural,Pending Review,19263.05,RURAL,26.8877,81.1512,50353612.7,2.66,0,133940609.8,267881219.6,9,13,10,17,54,15,44,81,36,41,96,1,2,1,0,1,2,0,75,100,100,0,2,209,408,199,1,Suresh Das,Pooja Kumar,02-08-2025,27-02-2026
UP-LKO-2026-10206,P008,Highway,Tamil Nadu,Coonor,Hubbathala,122/1,1,Amit Sharma,3.13 acres,Multi-crop,Verified,12666.67,RURAL,26.8879,81.1522,27588007.26,2.46,0,67866497.86,135732995.7,1,2,5,29,34,39,88,76,79,19,66,1,0,2,4,2,1,0,50,0,0,0,4,284,469,185,1,Priya Iyer,Amit Sharma,28-04-2025,06-02-2026
UP-LKO-2026-10207,P001,Railway,Tamil Nadu,Karaikudi,Kanadukathan,122/1,1,Anjali Yadav,0.54 acres,Multi-crop,Verified,2185.3,RURAL,26.8881,81.1532,7049777.8,2.68,200000,19093404.5,38186809.01,9,9,2,26,18,35,37,54,95,37,120,3,2,2,2,2,0,1,100,50,100,0,10,344,482,138,1,Priya Deshmukh,Anjali Yadav,28-05-2025,07-05-2026
UP-LKO-2026-10208,P004,Highway,Tamil Nadu,Chennai,Kolathur,160/1,1,Sunita Kumar,2.43 acres,Residential,Active,9833.87,RURAL,26.8883,81.1542,36218143.21,2,0,72436286.42,144872572.8,10,13,9,14,36,19,38,57,44,55,23,4,0,0,0,3,1,0,50,0,0,3,9,337,398,61,1,Rajesh Reddy,Sunita Kumar,25-05-2025,27-04-2026
UP-LKO-2026-10209,P006,Railway,Uttar Pradesh,Varanasi,Sarnath,72/2A,2A,Amit Devi,2.58 acres,Commercial,Active,10440.9,RURAL,26.8885,81.1552,25987400.1,3.56,0,92515144.36,185030288.7,3,7,14,11,53,28,32,87,84,56,26,3,3,1,1,3,0,0,100,50,100,0,5,358,441,83,1,Suresh Deshmukh,Amit Devi,18-08-2025,11-08-2026
UP-LKO-2026-10210,P003,Railway,Bihar,Muzaffarpur,PQR Village,181/3,3,Ramesh Yadav,1.64 acres,Agricultural,Pending Review,6636.85,RURAL,26.8887,81.1562,6968692.5,2.8,200000,19712339,39424678,3,3,18,21,31,29,68,94,48,59,46,5,3,1,3,0,2,0,75,0,0,0,1,316,440,124,1,Suresh Sharma,Ramesh Yadav,13-12-2025,25-10-2026
UP-LKO-2026-10211,P002,Railway,Uttar Pradesh,Varanasi,Sarnath,181/2A,2A,Sunita Yadav,3.93 acres,Agricultural,Verified,15904.16,RURAL,26.8889,81.1572,57573059.2,3.48,50000,200404246,400808492,10,12,7,24,33,29,40,113,17,57,22,2,2,2,1,2,0,1,100,50,50,3,5,374,493,119,1,Deepa Verma,Sunita Yadav,04-05-2025,13-05-2026
UP-LKO-2026-10212,P004,Highway,Maharashtra,Pune,Hinjewadi,51/B,B,Ramesh Devi,1.36 acres,Residential,Active,5503.73,URBAN,26.8891,81.1582,18233857.49,1.43,50000,26124416.21,52248832.42,9,13,5,28,49,18,33,79,20,31,146,4,1,1,4,3,0,1,50,0,50,0,3,358,468,110,1,Arvind Iyer,Ramesh Devi,10-01-2025,03-01-2026
UP-LKO-2026-10213,P008,Highway,Maharashtra,Pune,Hinjewadi,196/A,A,Priya Sharma,3.12 acres,Commercial,Verified,12626.2,URBAN,26.8893,81.1592,24469575.6,1.61,200000,39596016.72,79192033.43,1,4,19,26,20,28,90,85,90,44,118,3,0,2,4,1,1,0,100,50,100,0,5,203,458,255,1,Arvind Das,Priya Sharma,01-12-2025,22-06-2026
UP-LKO-2026-10214,P008,Railway,Maharashtra,Nashik,Ozar,141/3,3,Amit Singh,3.84 acres,Multi-crop,Pending Review,15539.94,RURAL,26.8895,81.1602,17249333.4,2.98,50000,51453013.53,102906027.1,3,5,12,10,39,32,75,100,21,57,80,4,2,1,3,1,0,0,0,0,100,1,10,322,364,42,1,Meena Iyer,Amit Singh,26-12-2025,13-11-2026
UP-LKO-2026-10215,P005,Transmission,Tamil Nadu,Coonor,Hubbathala,168/2A,2A,Vikram Gupta,2.54 acres,Multi-crop,Active,10279.02,RURAL,26.8897,81.1612,36901681.8,2.69,0,99265524.04,198531048.1,10,15,18,23,45,22,74,108,90,46,125,4,0,1,1,2,1,0,25,0,100,2,5,234,513,279,1,Priya Joshi,Vikram Gupta,23-11-2025,15-07-2026
UP-LKO-2026-10216,P007,Transmission,Uttar Pradesh,Lucknow,Malhaur,43/A,A,Rahul Gupta,1.53 acres,Multi-crop,Verified,6191.7,URBAN,26.8899,81.1622,22215819.6,1.88,200000,41965740.85,83931481.7,3,8,0,29,48,45,64,114,18,34,0,2,1,2,1,0,2,0,100,50,100,0,1,370,442,72,1,Priya Singh,Rahul Gupta,08-05-2025,13-05-2026
UP-LKO-2026-10217,P004,Highway,Bihar,Patna,ABC Village,75/2A,2A,Manoj Mishra,3.46 acres,Residential,Pending Review,14002.14,RURAL,26.8901,81.1632,36335553.3,2.41,50000,87618683.45,175237366.9,9,13,14,27,23,14,51,50,97,16,70,3,3,2,1,1,2,0,50,0,0,1,0,277,398,121,1,Suresh Verma,Manoj Mishra,01-06-2025,05-03-2026
UP-LKO-2026-10218,P001,Railway,Bihar,Muzaffarpur,PQR Village,186/2A,2A,Rahul Yadav,4.77 acres,Multi-crop,Disputed,19303.52,RURAL,26.8903,81.1642,31677076.32,2.23,200000,70839880.19,141679760.4,7,8,13,11,16,34,79,40,15,41,103,3,1,1,2,2,1,0,0,0,50,3,8,245,341,96,1,Ramesh Joshi,Rahul Yadav,07-08-2025,09-04-2026
UP-LKO-2026-10219,P001,Highway,Tamil Nadu,Chennai,Kolathur,173/2A,2A,Manoj Kumar,1.13 acres,Agricultural,Active,4572.95,RURAL,26.8905,81.1652,11093976.7,3.8,200000,42357111.46,84714222.92,3,6,0,29,49,22,60,43,91,60,0,0,3,2,4,1,1,2,50,0,100,3,3,261,669,408,1,Sanjay Sharma,Manoj Kumar,02-10-2025,20-06-2026
UP-LKO-2026-10220,P004,Transmission,Bihar,Muzaffarpur,PQR Village,134/1,1,Manoj Yadav,4.96 acres,Residential,Verified,20072.43,RURAL,26.8907,81.1662,56704614.75,2.88,200000,163509290.5,327018581,3,5,19,21,54,42,80,31,42,46,109,1,3,0,1,2,2,2,50,0,0,3,9,216,706,490,1,Anil Yadav,Manoj Yadav,07-05-2025,09-12-2025
UP-LKO-2026-10221,P003,Railway,Tamil Nadu,Coonor,Hubbathala,20/B,B,Manoj Verma,3.73 acres,Agricultural,Disputed,15094.79,RURAL,26.8909,81.1672,28831048.9,2.78,200000,80350315.94,160700631.9,1,1,5,19,36,43,77,71,97,33,70,2,1,0,3,0,1,1,25,0,50,1,5,254,541,287,1,Rajesh Sharma,Manoj Verma,12-11-2025,24-07-2026
UP-LKO-2026-10222,P002,Highway,Bihar,Muzaffarpur,PQR Village,138/3,3,Anjali Devi,2.74 acres,Multi-crop,Verified,11088.4,RURAL,26.8911,81.1682,38011035.2,3.85,0,146342485.5,292684971,3,6,15,16,21,34,81,104,99,49,142,2,1,0,2,3,1,2,25,0,100,2,9,227,779,552,1,Kavita Singh,Anjali Devi,03-02-2025,18-09-2025
UP-LKO-2026-10223,P007,Highway,Bihar,Siwan,XYZ Village,183/A,A,Priya Gupta,4.8 acres,Commercial,Disputed,19424.93,RURAL,26.8913,81.1692,66025337.07,2.38,200000,157340302.2,314680604.5,2,2,18,24,17,13,89,105,15,43,149,4,0,1,0,0,1,0,75,50,50,1,8,288,351,63,1,Arvind Joshi,Priya Gupta,29-01-2025,13-11-2025
UP-LKO-2026-10224,P004,Transmission,Bihar,Patna,ABC Village,103/2A,2A,Neha Singh,0.69 acres,Agricultural,Active,2792.33,RURAL,26.8915,81.1702,5073663.61,2.77,200000,14254048.2,28508096.4,4,6,18,24,54,17,88,105,37,38,82,3,0,2,0,2,1,1,50,0,0,3,3,363,588,225,1,Sanjay Patil,Neha Singh,15-09-2025,13-09-2026
UP-LKO-2026-10225,P008,Highway,Tamil Nadu,Karaikudi,Kanadukathan,122/B,B,Neha Devi,0.76 acres,Residential,Verified,3075.61,RURAL,26.8917,81.1712,8436398.23,2.34,0,19741171.86,39482343.72,2,4,11,24,28,26,64,94,22,26,143,3,3,0,0,1,0,1,25,0,100,3,6,234,434,200,1,Priya Singh,Neha Devi,28-01-2025,19-09-2025
UP-LKO-2026-10226,P005,Transmission,Tamil Nadu,Chennai,Kolathur,154/2A,2A,Priya Gupta,1.54 acres,Commercial,Active,6232.16,RURAL,26.8919,81.1722,15717507.52,2.06,0,32378065.49,64756130.98,10,13,5,19,54,18,77,103,26,52,24,5,0,0,3,3,2,0,50,0,100,0,7,291,529,238,1,Sanjay Singh,Priya Gupta,26-02-2025,14-12-2025
UP-LKO-2026-10227,P005,Highway,Bihar,Patna,ABC Village,114/B,B,Vikram Sharma,2.39 acres,Multi-crop,Pending Review,9672,RURAL,26.8921,81.1732,12467208,2.02,0,25183760.16,50367520.32,9,11,8,20,59,33,49,79,89,24,127,1,2,1,3,0,2,1,100,0,100,0,3,320,563,243,1,Anil Verma,Vikram Sharma,01-03-2025,15-01-2026
UP-LKO-2026-10228,P001,Highway,Uttar Pradesh,Varanasi,Sarnath,161/B,B,Vikram Singh,2.01 acres,Residential,Active,8134.19,RURAL,26.8923,81.1742,21474261.6,3.75,50000,80578481,161156962,6,6,19,12,26,22,75,63,44,55,97,3,2,1,0,3,2,1,0,0,50,0,5,271,597,326,1,Arvind Yadav,Vikram Singh,07-03-2025,03-12-2025
UP-LKO-2026-10229,P003,Highway,Maharashtra,Nagpur,Butibori,137/A,A,Manoj Gupta,4.49 acres,Commercial,Disputed,18170.4,URBAN,26.8925,81.1752,67521206.4,1.93,0,130315928.4,260631856.7,7,7,7,20,20,37,85,88,84,21,145,3,3,0,0,3,2,0,25,0,50,2,2,383,535,152,1,Rajesh Iyer,Manoj Gupta,17-06-2025,05-07-2026
UP-LKO-2026-10230,P008,Transmission,Maharashtra,Nashik,Ozar,96/3,3,Vikram Kumar,4.52 acres,Multi-crop,Active,18291.81,RURAL,26.8927,81.1762,62466531.15,2.54,0,158664989.1,317329978.2,5,10,10,25,37,12,68,113,26,30,71,1,1,2,4,2,0,0,25,0,0,0,1,256,371,115,1,Sanjay Joshi,Vikram Kumar,26-02-2025,09-11-2025
UP-LKO-2026-10231,P004,Highway,Bihar,Muzaffarpur,PQR Village,151/3,3,Manoj Mishra,3.13 acres,Residential,Active,12666.67,RURAL,26.8929,81.1772,32882675.32,2.31,200000,76158979.99,152317960,10,11,4,15,49,23,64,105,65,54,21,5,2,2,2,0,2,0,100,100,100,0,10,366,465,99,1,Kavita Reddy,Manoj Mishra,09-05-2025,10-05-2026
UP-LKO-2026-10232,P005,Transmission,Uttar Pradesh,Lucknow,Malhaur,210/3,3,Anjali Gupta,2.07 acres,Multi-crop,Pending Review,8377,URBAN,26.8931,81.1782,12129896,1.04,200000,12815091.84,25630183.68,1,3,1,12,43,38,86,105,36,60,95,0,0,0,3,3,1,2,75,100,100,1,8,258,755,497,1,Kavita Reddy,Anjali Gupta,19-06-2025,04-03-2026
UP-LKO-2026-10233,P001,Railway,Uttar Pradesh,Kanpur,Bithoor,107/3,3,Pooja Gupta,3.4 acres,Residential,Verified,13759.32,URBAN,26.8933,81.1792,44882901.84,1.7,0,76300933.13,152601866.3,6,11,3,20,50,13,39,82,49,56,48,1,0,0,1,0,2,1,50,0,0,1,7,246,519,273,1,Deepa Verma,Pooja Gupta,23-11-2025,27-07-2026
UP-LKO-2026-10234,P009,Railway,Maharashtra,Pune,Hinjewadi,179/3,3,Amit Gupta,3.09 acres,Commercial,Verified,12504.8,URBAN,26.8935,81.1802,48918777.6,1.53,50000,74895729.73,149791459.5,10,10,17,11,60,14,59,65,92,56,111,3,1,2,0,1,0,0,75,100,50,0,0,281,387,106,1,Suresh Deshmukh,Amit Gupta,18-02-2025,26-11-2025
UP-LKO-2026-10235,P004,Highway,Bihar,Siwan,XYZ Village,89/3,3,Priya Kumar,3.29 acres,Commercial,Verified,13314.17,RURAL,26.8937,81.1812,27773358.62,3.97,50000,110310233.7,220620467.4,3,5,5,13,20,41,32,81,15,16,34,5,1,2,1,0,1,0,50,0,50,0,7,220,263,43,1,Rajesh Patil,Priya Kumar,22-05-2025,28-12-2025
UP-LKO-2026-10236,P007,Railway,Bihar,Patna,ABC Village,105/B,B,Manoj Mishra,2.59 acres,Residential,Verified,10481.37,RURAL,26.8939,81.1822,40154128.47,3.88,50000,155848018.5,311696036.9,5,5,15,20,58,37,77,32,81,59,44,3,0,1,3,3,1,0,25,0,100,0,10,297,499,202,1,Anil Iyer,Manoj Mishra,01-11-2025,25-08-2026
UP-LKO-2026-10237,P004,Transmission,Tamil Nadu,Coonor,Hubbathala,185/1,1,Priya Mishra,1.49 acres,Multi-crop,Verified,6029.82,RURAL,26.8941,81.1832,14592164.4,3.38,200000,49521515.67,99043031.34,2,3,1,24,20,20,82,32,46,60,132,4,0,0,4,1,2,0,100,50,0,0,8,355,404,49,1,Sanjay Sharma,Priya Mishra,17-01-2025,07-01-2026
UP-LKO-2026-10238,P002,Transmission,Uttar Pradesh,Kanpur,Bithoor,153/2A,2A,Amit Singh,2.02 acres,Commercial,Pending Review,8174.66,URBAN,26.8943,81.1842,32641417.38,1.34,200000,43939499.29,87878998.58,4,5,9,25,37,41,43,60,57,37,121,1,2,0,0,1,0,1,0,0,0,2,1,233,450,217,1,Kavita Das,Amit Singh,05-05-2025,24-12-2025
UP-LKO-2026-10239,P005,Railway,Uttar Pradesh,Kanpur,Bithoor,243/3,3,Vikram Singh,3.23 acres,Multi-crop,Active,13071.36,URBAN,26.8945,81.1852,24992440.32,1.8,200000,45186392.58,90372785.15,5,9,16,23,35,37,75,82,19,13,125,5,2,1,0,1,0,0,100,0,50,1,0,238,314,76,1,Suresh Yadav,Vikram Singh,20-03-2025,13-11-2025
UP-LKO-2026-10240,P005,Highway,Maharashtra,Nagpur,Butibori,89/B,B,Neha Gupta,4.44 acres,Multi-crop,Active,17968.06,URBAN,26.8947,81.1862,47992688.26,1.43,0,68629544.21,137259088.4,9,14,8,16,43,29,58,69,24,60,82,2,1,1,0,0,1,0,50,0,50,0,3,391,344,0,0,Kavita Joshi,Neha Gupta,29-08-2025,24-09-2026
UP-LKO-2026-10241,P004,Railway,Bihar,Muzaffarpur,PQR Village,221/2A,2A,Pooja Devi,4.96 acres,Commercial,Active,20072.43,RURAL,26.8949,81.1872,22922715.06,3.75,0,85960181.48,171920363,2,5,11,10,16,12,82,91,100,17,25,5,0,1,0,1,2,0,100,50,100,3,8,304,448,144,1,Meena Reddy,Pooja Devi,22-12-2025,22-10-2026
UP-LKO-2026-10242,P003,Railway,Tamil Nadu,Coonor,Hubbathala,23-Mar,3,Neha Mishra,1.7 acres,Commercial,Disputed,6879.66,RURAL,26.8951,81.1882,12025645.68,2.07,0,24893086.56,49786173.12,4,7,1,28,44,14,47,49,84,26,42,1,3,2,3,1,2,0,100,50,0,2,6,392,412,20,1,Priya Singh,Neha Mishra,31-03-2025,27-04-2026
UP-LKO-2026-10243,P006,Transmission,Maharashtra,Pune,Hinjewadi,178/3,3,Anjali Mishra,2.83 acres,Multi-crop,Pending Review,11452.61,URBAN,26.8953,81.1892,23008293.49,1.31,50000,30190864.47,60381728.94,1,1,0,17,51,22,45,115,19,23,0,0,2,1,1,3,0,0,100,0,100,3,6,334,382,48,1,Suresh Das,Anjali Mishra,13-10-2025,12-09-2026
UP-LKO-2026-10244,P002,Highway,Bihar,Muzaffarpur,PQR Village,73/3,3,Manoj Verma,0.66 acres,Residential,Pending Review,2670.93,RURAL,26.8955,81.1902,6415573.86,2.12,50000,13651016.58,27302033.17,7,11,5,12,24,16,81,85,65,15,51,5,0,1,2,0,0,0,75,0,50,1,1,322,298,0,0,Rajesh Singh,Manoj Verma,07-01-2025,25-11-2025
UP-LKO-2026-10245,P008,Railway,Tamil Nadu,Karaikudi,Kanadukathan,86/A,A,Pooja Kumar,3.09 acres,Residential,Verified,12504.8,RURAL,26.8957,81.1912,23609062.4,3.32,0,78382087.17,156764174.3,2,5,10,13,31,24,51,92,54,15,58,4,1,1,0,3,1,0,25,0,0,3,2,243,415,172,1,Kavita Iyer,Pooja Kumar,03-06-2025,01-02-2026
UP-LKO-2026-10246,P008,Highway,Bihar,Patna,ABC Village,71/1,1,Amit Devi,0.69 acres,Agricultural,Active,2792.33,RURAL,26.8959,81.1922,8857270.76,3.25,50000,28836129.97,57672259.94,6,6,12,25,52,44,87,30,84,47,99,4,1,2,2,2,2,0,75,100,50,2,5,321,519,198,1,Ramesh Deshmukh,Amit Devi,06-01-2025,23-11-2025
UP-LKO-2026-10247,P003,Transmission,Bihar,Siwan,XYZ Village,246/B,B,Manoj Devi,2.02 acres,Multi-crop,Verified,8174.66,RURAL,26.8961,81.1932,32559670.78,2.27,50000,73960452.67,147920905.3,9,10,6,25,18,40,67,80,93,47,133,3,3,1,3,3,1,0,0,0,0,0,10,328,505,177,1,Rajesh Yadav,Manoj Devi,19-09-2025,13-08-2026
UP-LKO-2026-10248,P008,Transmission,Bihar,Patna,ABC Village,224/3,3,Manoj Yadav,3.59 acres,Residential,Pending Review,14528.23,RURAL,26.8963,81.1942,21748760.31,2.36,200000,51527074.33,103054148.7,5,8,5,24,53,41,73,85,17,53,132,5,1,0,2,2,0,1,0,0,50,1,10,205,526,321,1,Anil Singh,Manoj Yadav,23-10-2025,16-05-2026
UP-LKO-2026-10249,P003,Transmission,Maharashtra,Nagpur,Butibori,100/A,A,Rahul Singh,4.79 acres,Agricultural,Disputed,19384.46,URBAN,26.8965,81.1952,23765347.96,1.54,0,36598635.86,73197271.72,6,6,16,17,55,23,45,93,96,24,53,4,0,1,4,0,2,1,75,50,100,2,3,295,563,268,1,Rajesh Patil,Rahul Singh,22-03-2025,11-01-2026
UP-LKO-2026-10250,P001,Transmission,Uttar Pradesh,Lucknow,Malhaur,102/3,3,Neha Singh,4.88 acres,Agricultural,Active,19748.68,URBAN,26.8967,81.1962,67579982.96,1.07,200000,72510581.77,145021163.5,6,11,16,13,38,34,47,41,45,18,123,4,3,1,3,3,2,0,50,0,100,2,0,281,416,135,1,Ramesh Yadav,Neha Singh,01-07-2025,08-04-2026
UP-LKO-2026-10251,P007,Railway,Uttar Pradesh,Kanpur,Bithoor,60/A,A,Amit Yadav,3.64 acres,Multi-crop,Verified,14730.57,URBAN,26.8969,81.1972,36458160.75,1.3,200000,47595608.98,95191217.95,3,7,2,16,59,42,45,117,75,43,44,5,1,1,1,0,0,1,0,0,50,2,4,397,517,120,1,Rajesh Iyer,Amit Yadav,03-09-2025,05-10-2026
UP-LKO-2026-10252,P001,Transmission,Tamil Nadu,Chennai,Kolathur,233/3,3,Vikram Verma,3.17 acres,Agricultural,Verified,12828.55,RURAL,26.8971,81.1982,30134263.95,3.88,0,116920944.1,233841888.3,4,8,14,25,57,44,67,31,55,59,96,5,3,0,2,1,2,2,75,100,100,1,2,252,698,446,1,Anil Sharma,Vikram Verma,09-09-2025,19-05-2026
UP-LKO-2026-10253,P001,Transmission,Maharashtra,Nagpur,Butibori,33/3,3,Amit Yadav,2.96 acres,Residential,Active,11978.71,URBAN,26.8973,81.1992,23717845.8,1.69,50000,40133159.4,80266318.8,6,11,6,12,15,44,48,75,24,57,79,2,2,2,4,3,0,0,50,0,50,2,4,255,365,110,1,Deepa Yadav,Amit Yadav,27-08-2025,09-05-2026
UP-LKO-2026-10254,P007,Railway,Maharashtra,Nagpur,Butibori,180/1,1,Priya Singh,1.9 acres,Residential,Pending Review,7689.03,URBAN,26.8975,81.2002,25827451.77,1.57,200000,40749099.28,81498198.56,8,11,17,18,15,11,63,50,62,59,20,4,1,2,0,3,0,0,100,100,0,3,10,244,368,124,1,Meena Verma,Priya Singh,24-09-2025,26-05-2026
UP-LKO-2026-10255,P006,Transmission,Bihar,Siwan,XYZ Village,234/B,B,Manoj Gupta,1.47 acres,Commercial,Pending Review,5948.88,RURAL,26.8977,81.2012,15110155.2,2.62,200000,39788606.62,79577213.25,6,8,1,11,53,24,80,97,49,32,80,2,2,0,1,3,0,0,50,0,0,2,3,354,436,82,1,Rajesh Patil,Manoj Gupta,30-09-2025,19-09-2026
UP-LKO-2026-10256,P002,Highway,Bihar,Patna,ABC Village,96/A,A,Manoj Devi,1.62 acres,Residential,Disputed,6555.91,RURAL,26.8979,81.2022,8516127.09,2.97,50000,25342897.46,50685794.91,8,8,6,19,53,22,56,44,32,44,115,0,2,0,1,2,2,0,0,0,100,3,1,314,420,106,1,Deepa Verma,Manoj Devi,27-04-2025,07-03-2026
UP-LKO-2026-10257,P009,Railway,Tamil Nadu,Coonor,Hubbathala,128/2A,2A,Priya Singh,4.25 acres,Commercial,Verified,17199.15,RURAL,26.8981,81.2032,59010283.65,3.3,200000,194933936,389867872.1,7,8,16,15,43,22,62,110,74,58,145,0,0,1,2,3,1,2,50,0,100,1,6,273,759,486,1,Kavita Reddy,Priya Singh,21-06-2025,21-03-2026
UP-LKO-2026-10258,P008,Transmission,Uttar Pradesh,Kanpur,Bithoor,97/B,B,Vikram Verma,4.73 acres,Multi-crop,Active,19141.65,URBAN,26.8983,81.2042,22759421.85,1.43,50000,32595973.25,65191946.49,6,11,3,11,55,27,73,68,79,27,111,0,2,0,3,2,0,2,50,0,0,3,1,376,640,264,1,Meena Patil,Vikram Verma,17-04-2025,28-04-2026
UP-LKO-2026-10259,P005,Railway,Maharashtra,Nagpur,Butibori,84/B,B,Ramesh Mishra,2.17 acres,Residential,Verified,8781.69,URBAN,26.8985,81.2052,14753239.2,1.08,0,15933498.34,31866996.67,10,11,8,20,21,45,73,38,54,39,139,2,0,1,1,1,0,0,0,0,100,2,9,316,320,4,1,Ramesh Yadav,Ramesh Mishra,13-05-2025,25-03-2026
UP-LKO-2026-10260,P004,Railway,Bihar,Siwan,XYZ Village,24/A,A,Anjali Gupta,1.91 acres,Agricultural,Disputed,7729.5,RURAL,26.8987,81.2062,23721835.5,3.02,200000,71839943.21,143679886.4,4,4,0,30,52,19,74,59,21,22,0,1,1,1,3,0,1,0,0,0,100,0,0,318,322,4,1,Suresh Sharma,Anjali Gupta,29-12-2025,12-11-2026
UP-LKO-2026-10261,P008,Transmission,Uttar Pradesh,Varanasi,Sarnath,74/2A,2A,Anjali Verma,3.21 acres,Multi-crop,Disputed,12990.42,RURAL,26.8989,81.2072,24538903.38,3.63,0,89076219.27,178152438.5,6,6,11,27,49,39,63,74,22,44,96,1,0,2,3,2,0,2,0,0,100,1,5,393,618,225,1,Arvind Sharma,Anjali Verma,16-08-2025,13-09-2026
UP-LKO-2026-10262,P006,Railway,Maharashtra,Nashik,Ozar,112/1,1,Neha Devi,2.19 acres,Residential,Pending Review,8862.62,RURAL,26.8991,81.2082,14960102.56,3.29,50000,49268737.42,98537474.84,8,9,2,25,44,22,88,92,63,28,75,3,3,2,1,1,2,0,25,0,50,2,1,269,482,213,1,Kavita Yadav,Neha Devi,31-10-2025,27-07-2026
UP-LKO-2026-10263,P005,Highway,Maharashtra,Nashik,Ozar,188/2A,2A,Amit Gupta,4.83 acres,Residential,Active,19546.33,RURAL,26.8993,81.2092,51602311.2,3.08,200000,159135118.5,318270237,4,4,10,28,28,19,66,62,27,47,20,2,2,1,3,1,1,0,25,0,50,1,5,280,352,72,1,Rajesh Yadav,Amit Gupta,22-03-2025,27-12-2025
UP-LKO-2026-10264,P007,Transmission,Bihar,Muzaffarpur,PQR Village,210/1,1,Amit Mishra,3.54 acres,Commercial,Pending Review,14325.88,RURAL,26.8995,81.2102,36344757.56,2.43,50000,88367760.87,176735521.7,4,6,1,25,51,29,85,67,34,49,147,4,1,0,0,2,2,0,50,0,0,1,3,334,490,156,1,Priya Reddy,Amit Mishra,23-01-2025,23-12-2025
UP-LKO-2026-10265,P009,Highway,Tamil Nadu,Coonor,Hubbathala,219/1,1,Anjali Singh,3.15 acres,Agricultural,Pending Review,12747.61,RURAL,26.8997,81.2112,33946885.43,2.14,200000,72846334.82,145692669.6,7,11,2,20,33,18,46,94,71,34,117,0,3,1,0,3,0,2,50,0,50,0,0,254,646,392,1,Suresh Reddy,Anjali Singh,30-04-2025,09-01-2026
UP-LKO-2026-10266,P002,Highway,Tamil Nadu,Karaikudi,Kanadukathan,57/B,B,Vikram Yadav,2.75 acres,Commercial,Verified,11128.86,RURAL,26.8999,81.2122,16203620.16,2.36,200000,38440543.58,76881087.16,1,6,10,22,49,22,37,91,72,19,22,5,1,0,4,1,2,1,50,0,100,1,6,235,552,317,1,Rajesh Singh,Vikram Yadav,03-05-2025,24-12-2025
UP-LKO-2026-10267,P006,Highway,Maharashtra,Pune,Hinjewadi,190/2A,2A,Manoj Gupta,1.2 acres,Commercial,Pending Review,4856.23,URBAN,26.9001,81.2132,14350159.65,1.22,200000,17707194.77,35414389.55,2,3,7,30,51,11,35,51,100,25,120,3,1,2,3,0,0,0,50,0,50,1,1,289,303,14,1,Ramesh Sharma,Manoj Gupta,02-06-2025,18-03-2026
UP-LKO-2026-10268,P004,Highway,Tamil Nadu,Chennai,Kolathur,57/B,B,Neha Verma,1.58 acres,Multi-crop,Verified,6394.04,RURAL,26.9003,81.2142,11176781.92,2.18,200000,24565384.59,49130769.17,2,5,10,19,53,26,90,62,63,45,105,1,0,2,1,1,0,0,75,0,100,0,0,374,388,14,1,Priya Patil,Neha Verma,26-05-2025,04-06-2026
UP-LKO-2026-10269,P009,Railway,Tamil Nadu,Chennai,Kolathur,11/2A,2A,Vikram Sharma,4.31 acres,Residential,Pending Review,17441.97,RURAL,26.9005,81.2152,69331830.75,2.06,50000,142873571.3,285747142.7,5,9,13,10,19,35,44,94,90,44,66,0,1,0,1,2,1,2,25,0,100,0,2,217,681,464,1,Arvind Das,Vikram Sharma,29-10-2025,03-06-2026
UP-LKO-2026-10270,P005,Railway,Maharashtra,Nashik,Ozar,58/2A,2A,Neha Verma,2.92 acres,Multi-crop,Verified,11816.83,RURAL,26.9007,81.2162,23078268.99,2.8,50000,64669153.17,129338306.3,10,11,18,21,32,29,44,85,36,36,82,4,2,0,1,1,0,2,50,0,0,3,9,340,553,213,1,Anil Patil,Neha Verma,14-01-2025,20-12-2025
UP-LKO-2026-10271,P005,Railway,Bihar,Siwan,XYZ Village,36/B,B,Priya Devi,3.81 acres,Multi-crop,Disputed,15418.54,RURAL,26.9009,81.2172,48799679.1,3.48,0,169822883.3,339645766.5,3,8,19,22,20,24,70,90,88,33,94,5,3,0,4,1,1,0,75,50,100,0,7,226,422,196,1,Ramesh Joshi,Priya Devi,24-04-2025,06-12-2025
UP-LKO-2026-10272,P008,Railway,Maharashtra,Pune,Hinjewadi,132/B,B,Vikram Verma,4.98 acres,Multi-crop,Disputed,20153.36,URBAN,26.9011,81.2182,66183634.24,1.75,200000,116021359.9,232042719.8,9,9,20,23,26,14,39,46,27,42,78,5,1,0,4,1,1,2,0,0,100,3,7,368,532,164,1,Rajesh Das,Vikram Verma,04-08-2025,07-08-2026
UP-LKO-2026-10273,P004,Highway,Bihar,Patna,ABC Village,178/B,B,Rahul Kumar,3.0 acres,Multi-crop,Active,12140.58,RURAL,26.9013,81.2192,14362306.14,2.84,200000,40988949.44,81977898.88,2,3,2,22,22,13,64,82,89,35,134,0,3,1,4,1,1,0,25,0,50,0,3,203,402,199,1,Sanjay Iyer,Rahul Kumar,09-06-2025,29-12-2025
UP-LKO-2026-10274,P004,Railway,Uttar Pradesh,Lucknow,Malhaur,162/3,3,Sunita Kumar,4.07 acres,Commercial,Disputed,16470.72,URBAN,26.9015,81.2202,60529896,1.03,0,62345792.88,124691585.8,7,9,15,14,39,33,32,86,28,60,97,0,3,2,3,3,2,2,75,50,0,2,6,385,712,327,1,Meena Iyer,Sunita Kumar,24-10-2025,13-11-2026
UP-LKO-2026-10275,P005,Transmission,Tamil Nadu,Chennai,Kolathur,12-Jan,1,Ramesh Mishra,3.8 acres,Multi-crop,Disputed,15378.07,RURAL,26.9017,81.2212,34600657.5,2.97,200000,102963952.8,205927905.6,4,6,4,20,44,22,86,105,55,15,127,1,2,2,1,2,1,2,100,50,100,0,6,205,692,487,1,Deepa Das,Ramesh Mishra,14-12-2025,07-07-2026
UP-LKO-2026-10276,P003,Highway,Uttar Pradesh,Lucknow,Malhaur,17-Mar,3,Anjali Verma,0.93 acres,Multi-crop,Pending Review,3763.58,URBAN,26.9019,81.2222,8404074.14,1.05,0,8824277.847,17648555.69,6,7,11,17,60,14,72,105,27,23,75,1,2,1,2,3,2,2,75,0,50,2,1,353,738,385,1,Ramesh Singh,Anjali Verma,28-01-2025,16-01-2026
UP-LKO-2026-10277,P008,Transmission,Maharashtra,Nashik,Ozar,157/2A,2A,Priya Mishra,3.2 acres,Multi-crop,Disputed,12949.95,RURAL,26.9021,81.2232,18375979.05,2.11,200000,38973315.8,77946631.59,8,8,9,25,50,36,89,90,40,37,140,0,3,2,2,1,2,0,50,0,0,3,10,378,487,109,1,Priya Sharma,Priya Mishra,21-10-2025,03-11-2026
UP-LKO-2026-10278,P007,Transmission,Bihar,Muzaffarpur,PQR Village,105/3,3,Manoj Kumar,1.84 acres,Multi-crop,Verified,7446.22,RURAL,26.9023,81.2242,22949250.04,3.13,0,71831152.63,143662305.3,2,5,4,29,29,15,38,36,63,10,52,0,1,2,0,3,0,0,0,0,50,0,3,280,310,30,1,Priya Deshmukh,Manoj Kumar,22-07-2025,28-04-2026
UP-LKO-2026-10279,P004,Transmission,Tamil Nadu,Karaikudi,Kanadukathan,57/B,B,Priya Verma,3.34 acres,Residential,Active,13516.51,RURAL,26.9025,81.2252,13867939.26,2.41,200000,33621733.62,67243467.23,9,10,3,22,22,27,64,67,95,11,36,0,0,2,1,0,0,0,25,0,50,2,2,304,308,4,1,Ramesh Singh,Priya Verma,09-01-2025,09-11-2025
UP-LKO-2026-10280,P004,Highway,Bihar,Muzaffarpur,PQR Village,232/2A,2A,Rahul Kumar,2.46 acres,Commercial,Active,9955.28,RURAL,26.9027,81.2262,20129576.16,3.27,200000,66023714.04,132047428.1,9,9,18,27,25,24,37,113,83,10,82,4,3,1,3,3,1,1,100,50,50,3,9,362,574,212,1,Meena Deshmukh,Rahul Kumar,17-10-2025,14-10-2026
UP-LKO-2026-10281,P002,Highway,Bihar,Patna,ABC Village,29/2A,2A,Priya Devi,4.42 acres,Commercial,Pending Review,17887.12,RURAL,26.9029,81.2272,54036989.52,3.4,50000,183775764.4,367551528.7,6,6,13,24,43,10,51,60,28,24,137,1,1,1,2,1,2,0,75,100,50,2,5,277,360,83,1,Meena Reddy,Priya Devi,18-03-2025,20-12-2025
UP-LKO-2026-10282,P004,Railway,Tamil Nadu,Chennai,Kolathur,121/A,A,Rahul Yadav,0.8 acres,Agricultural,Active,3237.49,RURAL,26.9031,81.2282,3674551.15,3.09,50000,11404363.05,22808726.11,2,6,9,24,54,36,51,46,38,24,30,0,3,1,1,0,0,0,100,0,0,2,8,223,273,50,1,Priya Reddy,Rahul Yadav,15-01-2025,26-08-2025
UP-LKO-2026-10283,P009,Railway,Uttar Pradesh,Varanasi,Sarnath,149/2A,2A,Priya Sharma,4.56 acres,Commercial,Active,18453.68,RURAL,26.9033,81.2292,59254766.48,2.95,0,174801561.1,349603122.2,2,7,12,20,44,25,74,72,74,50,76,1,0,0,4,1,1,0,25,0,100,1,0,254,434,180,1,Kavita Reddy,Priya Sharma,16-11-2025,28-07-2026
UP-LKO-2026-10284,P008,Transmission,Tamil Nadu,Karaikudi,Kanadukathan,152/B,B,Neha Yadav,4.94 acres,Multi-crop,Active,19991.49,RURAL,26.9035,81.2302,43801354.59,3.17,50000,138900294.1,277800588.1,5,10,20,24,23,21,55,47,89,19,98,0,2,1,2,2,1,1,50,0,100,1,0,291,503,212,1,Deepa Patil,Neha Yadav,30-07-2025,17-05-2026
UP-LKO-2026-10285,P009,Railway,Uttar Pradesh,Kanpur,Bithoor,180/2A,2A,Pooja Verma,3.76 acres,Commercial,Verified,15216.19,URBAN,26.9037,81.2312,25745793.48,1.49,0,38361232.29,76722464.57,7,9,1,19,22,21,30,32,71,32,20,1,0,2,1,1,1,0,75,50,50,1,5,214,302,88,1,Sanjay Yadav,Pooja Verma,23-08-2025,25-03-2026
UP-LKO-2026-10286,P003,Railway,Tamil Nadu,Karaikudi,Kanadukathan,114/1,1,Priya Verma,2.05 acres,Commercial,Disputed,8296.06,RURAL,26.9039,81.2322,14128190.18,3.97,50000,56138915.01,112277830,3,5,10,25,21,33,65,33,81,46,104,2,1,1,1,1,2,0,75,0,0,0,1,201,424,223,1,Meena Deshmukh,Priya Verma,04-11-2025,24-05-2026
UP-LKO-2026-10287,P005,Railway,Uttar Pradesh,Lucknow,Malhaur,97/B,B,Ramesh Mishra,2.94 acres,Agricultural,Active,11897.77,URBAN,26.9041,81.2332,14979292.43,1.43,200000,21620388.17,43240776.35,9,12,18,26,52,27,47,57,16,29,130,0,1,0,4,3,1,0,75,0,100,3,5,327,389,62,1,Rajesh Das,Ramesh Mishra,24-07-2025,16-06-2026
UP-LKO-2026-10288,P004,Transmission,Tamil Nadu,Chennai,Kolathur,30-Jan,1,Vikram Mishra,0.87 acres,Agricultural,Disputed,3520.77,RURAL,26.9043,81.2342,14026747.68,3.6,0,50496291.65,100992583.3,9,12,9,11,16,14,75,52,71,50,41,0,3,2,1,3,0,2,0,0,50,0,8,227,619,392,1,Meena Joshi,Vikram Mishra,19-04-2025,02-12-2025
UP-LKO-2026-10289,P002,Railway,Tamil Nadu,Coonor,Hubbathala,213/A,A,Manoj Verma,1.53 acres,Multi-crop,Disputed,6191.7,RURAL,26.9045,81.2352,20451185.1,3.74,0,76487432.27,152974864.5,3,6,7,18,24,21,41,54,68,16,47,1,0,1,1,3,2,2,75,0,0,2,8,316,662,346,1,Kavita Joshi,Manoj Verma,11-03-2025,21-01-2026
UP-LKO-2026-10290,P002,Railway,Uttar Pradesh,Kanpur,Bithoor,43/A,A,Sunita Sharma,1.04 acres,Residential,Active,4208.73,URBAN,26.9047,81.2362,16346707.32,1.58,50000,25877797.57,51755595.13,4,8,10,24,27,21,55,87,78,40,73,4,1,0,2,2,1,2,50,0,0,1,8,300,677,377,1,Meena Iyer,Sunita Sharma,05-12-2025,01-10-2026
UP-LKO-2026-10291,P002,Railway,Tamil Nadu,Karaikudi,Kanadukathan,127/B,B,Anjali Yadav,1.91 acres,Agricultural,Verified,7729.5,RURAL,26.9049,81.2372,21480280.5,2.97,0,63796433.09,127592866.2,1,2,16,16,17,42,80,80,22,57,67,4,1,0,4,0,0,0,75,0,50,2,10,399,314,0,0,Kavita Sharma,Anjali Yadav,07-01-2025,10-02-2026
UP-LKO-2026-10292,P001,Highway,Bihar,Patna,ABC Village,150/A,A,Pooja Mishra,4.52 acres,Commercial,Verified,18291.81,RURAL,26.9051,81.2382,66252935.82,2.63,0,174245221.2,348490442.4,2,4,20,25,57,26,79,52,78,58,67,0,1,0,2,1,0,0,25,0,100,1,4,291,405,114,1,Kavita Yadav,Pooja Mishra,21-06-2025,08-04-2026
UP-LKO-2026-10293,P009,Railway,Uttar Pradesh,Lucknow,Malhaur,76/2A,2A,Anjali Yadav,4.14 acres,Residential,Active,16754,URBAN,26.9053,81.2392,60113352,1.34,50000,80601891.68,161203783.4,2,7,1,13,28,24,58,82,85,48,139,5,3,1,4,1,0,0,25,0,100,0,10,382,368,0,0,Ramesh Yadav,Anjali Yadav,01-01-2025,18-01-2026
UP-LKO-2026-10294,P006,Transmission,Maharashtra,Nashik,Ozar,34/1,1,Ramesh Verma,3.5 acres,Multi-crop,Active,14164.01,RURAL,26.9055,81.2402,30863377.79,2.38,0,73454839.14,146909678.3,6,6,14,13,32,17,57,76,73,36,122,3,1,1,4,0,0,2,25,0,100,2,7,381,544,163,1,Rajesh Iyer,Ramesh Verma,11-11-2025,27-11-2026
UP-LKO-2026-10295,P002,Transmission,Tamil Nadu,Karaikudi,Kanadukathan,188/A,A,Vikram Sharma,1.14 acres,Multi-crop,Active,4613.42,RURAL,26.9057,81.2412,7390698.84,2.18,50000,16161723.47,32323446.94,8,13,18,14,37,11,44,33,35,11,144,2,3,1,0,1,1,2,100,50,0,0,10,302,500,198,1,Sanjay Joshi,Vikram Sharma,20-10-2025,18-08-2026
UP-LKO-2026-10296,P007,Railway,Bihar,Muzaffarpur,PQR Village,152/2A,2A,Vikram Mishra,4.89 acres,Multi-crop,Disputed,19789.15,RURAL,26.9059,81.2422,50125916.95,3.87,200000,194187298.6,388374597.2,2,7,11,18,46,34,85,39,18,30,98,2,0,0,0,1,1,1,50,0,100,1,7,286,465,179,1,Meena Das,Vikram Mishra,03-12-2025,15-09-2026
UP-LKO-2026-10297,P003,Railway,Tamil Nadu,Coonor,Hubbathala,91/1,1,Neha Devi,0.86 acres,Commercial,Verified,3480.3,RURAL,26.9061,81.2432,13851594,3.7,0,51250897.8,102501795.6,2,5,11,12,24,12,90,33,74,15,129,5,3,2,3,3,1,0,0,0,50,3,10,300,395,95,1,Priya Sharma,Neha Devi,11-07-2025,07-05-2026
UP-LKO-2026-10298,P009,Railway,Tamil Nadu,Chennai,Kolathur,25/A,A,Anjali Sharma,4.97 acres,Agricultural,Pending Review,20112.89,RURAL,26.9063,81.2442,23049371.94,2.16,50000,49836643.39,99673286.78,2,3,16,10,19,44,83,36,22,17,87,0,3,2,2,0,2,1,50,0,50,1,3,291,441,150,1,Priya Reddy,Anjali Sharma,06-01-2025,24-10-2025
UP-LKO-2026-10299,P003,Transmission,Tamil Nadu,Karaikudi,Kanadukathan,178/2A,2A,Amit Yadav,2.43 acres,Multi-crop,Disputed,9833.87,RURAL,26.9065,81.2452,10561576.38,3.14,200000,33363349.83,66726699.67,9,11,14,28,35,23,60,94,29,56,99,0,3,0,0,2,1,2,25,0,0,0,5,309,670,361,1,Rajesh Das,Amit Yadav,27-03-2025,30-01-2026
UP-LKO-2026-10300,P002,Railway,Tamil Nadu,Coonor,Hubbathala,71/2A,2A,Rahul Devi,4.32 acres,Commercial,Disputed,17482.44,RURAL,26.9067,81.2462,66922780.32,3.53,0,236237414.5,472474829.1,2,5,18,23,38,10,77,74,38,39,102,2,3,0,0,1,2,0,50,0,100,0,9,339,419,80,1,Suresh Reddy,Rahul Devi,11-06-2025,16-05-2026
UP-LKO-2026-10301,P009,Railway,Tamil Nadu,Chennai,Kolathur,27-Mar,3,Neha Kumar,4.8 acres,Residential,Active,19424.93,RURAL,26.9069,81.2472,38072862.8,2.48,50000,94470699.74,188941399.5,5,7,18,24,18,43,69,61,87,59,130,4,3,2,4,0,2,2,0,0,0,1,9,267,691,424,1,Anil Singh,Neha Kumar,24-07-2025,17-04-2026
UP-LKO-2026-10302,P005,Transmission,Uttar Pradesh,Lucknow,Malhaur,179/1,1,Sunita Mishra,2.54 acres,Commercial,Pending Review,10279.02,URBAN,26.9071,81.2482,30292271.94,1.89,200000,57452393.97,114904787.9,8,13,20,16,30,19,73,43,32,38,111,2,2,0,4,0,1,0,100,50,0,3,10,367,296,0,0,Arvind Verma,Sunita Mishra,24-05-2025,26-05-2026
UP-LKO-2026-10303,P009,Highway,Tamil Nadu,Chennai,Kolathur,92/2A,2A,Manoj Yadav,2.78 acres,Multi-crop,Disputed,11250.27,RURAL,26.9073,81.2492,27349406.37,3.84,200000,105221720.5,210443440.9,6,6,12,24,40,35,81,82,32,16,47,1,1,0,1,1,2,0,50,0,100,2,7,203,430,227,1,Deepa Das,Manoj Yadav,23-06-2025,12-01-2026
UP-LKO-2026-10304,P008,Transmission,Bihar,Patna,ABC Village,184/2A,2A,Pooja Verma,2.59 acres,Agricultural,Verified,10481.37,RURAL,26.9075,81.2502,33949157.43,3.52,50000,119551034.2,239102068.3,5,9,14,15,29,14,62,73,16,15,59,4,2,1,1,1,0,2,100,0,0,3,5,229,494,265,1,Priya Reddy,Pooja Verma,06-01-2025,23-08-2025
UP-LKO-2026-10305,P001,Transmission,Maharashtra,Nagpur,Butibori,19/A,A,Pooja Mishra,4.75 acres,Agricultural,Active,19222.58,URBAN,26.9077,81.2512,62088933.4,1.26,0,78232056.08,156464112.2,8,13,7,27,57,22,72,94,60,26,103,3,2,2,4,0,2,0,100,100,0,2,2,324,448,124,1,Kavita Das,Pooja Mishra,02-04-2025,20-02-2026
UP-LKO-2026-10306,P002,Transmission,Tamil Nadu,Chennai,Kolathur,231/2A,2A,Vikram Verma,3.72 acres,Multi-crop,Verified,15054.32,RURAL,26.9079,81.2522,42648888.56,3.98,0,169742576.5,339485152.9,6,9,15,14,54,16,83,50,20,48,112,4,3,0,4,3,0,2,25,0,100,3,2,298,615,317,1,Sanjay Reddy,Vikram Verma,27-08-2025,21-06-2026
UP-LKO-2026-10307,P007,Transmission,Uttar Pradesh,Lucknow,Malhaur,200/B,B,Neha Devi,4.28 acres,Agricultural,Disputed,17320.56,URBAN,26.9081,81.2532,50524073.52,1.61,50000,81393758.37,162787516.7,6,10,20,15,36,29,38,104,63,24,42,3,3,2,2,1,2,0,100,0,100,3,10,332,429,97,1,Deepa Deshmukh,Neha Devi,08-10-2025,05-09-2026
UP-LKO-2026-10308,P009,Highway,Bihar,Patna,ABC Village,211/1,1,Sunita Mishra,2.85 acres,Multi-crop,Pending Review,11533.55,RURAL,26.9083,81.2542,27772788.4,2.79,200000,77686079.64,155372159.3,2,5,6,16,46,16,42,71,77,24,106,5,3,0,4,0,2,2,25,0,50,3,1,386,622,236,1,Priya Das,Sunita Mishra,02-01-2025,23-01-2026
UP-LKO-2026-10309,P003,Transmission,Tamil Nadu,Coonor,Hubbathala,229/B,B,Sunita Yadav,2.11 acres,Commercial,Disputed,8538.87,RURAL,26.9085,81.2552,19511317.95,3.05,50000,59559519.75,119119039.5,10,11,13,11,32,35,60,73,93,18,55,1,2,1,4,2,2,0,50,0,50,3,6,384,472,88,1,Sanjay Joshi,Sunita Yadav,26-09-2025,15-10-2026
UP-LKO-2026-10310,P001,Highway,Tamil Nadu,Chennai,Kolathur,162/1,1,Rahul Sharma,1.75 acres,Commercial,Active,7082.01,RURAL,26.9087,81.2562,8016835.32,3.32,50000,26665893.26,53331786.52,3,8,11,18,57,39,68,84,92,42,101,1,0,1,4,3,2,0,75,0,50,1,4,250,580,330,1,Meena Patil,Rahul Sharma,15-08-2025,22-04-2026
UP-LKO-2026-10311,P007,Railway,Uttar Pradesh,Lucknow,Malhaur,223/B,B,Vikram Devi,3.84 acres,Commercial,Active,15539.94,URBAN,26.9089,81.2572,62050980.42,1.87,200000,116235333.4,232470666.8,9,13,20,13,47,43,45,65,46,42,40,1,3,1,3,1,1,1,75,100,100,1,10,290,496,206,1,Anil Das,Vikram Devi,16-08-2025,02-06-2026
UP-LKO-2026-10312,P006,Highway,Uttar Pradesh,Lucknow,Malhaur,55/B,B,Manoj Mishra,1.94 acres,Commercial,Disputed,7850.91,URBAN,26.9091,81.2582,19501660.44,1.96,200000,38423254.46,76846508.92,7,9,8,26,42,27,58,33,57,46,113,4,1,1,3,3,0,0,100,100,50,3,6,373,379,6,1,Meena Das,Manoj Mishra,15-12-2025,23-12-2026
UP-LKO-2026-10313,P001,Railway,Bihar,Muzaffarpur,PQR Village,99/B,B,Sunita Kumar,3.32 acres,Commercial,Pending Review,13435.58,RURAL,26.9093,81.2592,18729198.52,3.23,0,60495311.22,120990622.4,8,12,17,19,46,32,52,99,24,25,124,0,1,1,1,2,1,0,0,0,100,0,8,257,402,145,1,Arvind Reddy,Sunita Kumar,19-06-2025,03-03-2026
UP-LKO-2026-10314,P007,Transmission,Maharashtra,Nashik,Ozar,223/B,B,Neha Verma,4.61 acres,Residential,Pending Review,18656.02,RURAL,26.9095,81.2602,63747620.34,3,0,191242861,382485722,1,2,6,29,53,45,56,86,98,46,143,1,0,2,4,0,2,1,25,0,0,1,0,350,623,273,1,Deepa Joshi,Neha Verma,13-09-2025,29-08-2026
UP-LKO-2026-10315,P007,Highway,Tamil Nadu,Coonor,Hubbathala,96/1,1,Priya Singh,2.59 acres,Multi-crop,Active,10481.37,RURAL,26.9097,81.2612,21769805.49,3.51,0,76412017.27,152824034.5,2,3,0,28,26,23,67,119,58,57,0,5,2,0,3,0,1,1,75,50,100,2,0,318,543,225,1,Sanjay Das,Priya Singh,04-06-2025,18-04-2026
UP-LKO-2026-10316,P008,Railway,Maharashtra,Nashik,Ozar,50/B,B,Sunita Kumar,3.69 acres,Multi-crop,Pending Review,14932.91,RURAL,26.9099,81.2622,57641032.6,3.74,200000,215777461.9,431554923.8,4,9,2,12,41,22,45,109,72,11,20,1,1,0,0,3,0,1,25,0,0,0,0,347,522,175,1,Arvind Verma,Sunita Kumar,23-09-2025,05-09-2026
UP-LKO-2026-10317,P003,Transmission,Maharashtra,Nashik,Ozar,160/B,B,Sunita Mishra,1.92 acres,Agricultural,Active,7769.97,RURAL,26.9101,81.2632,29020837.95,3.74,0,108537933.9,217075867.9,7,8,20,17,32,25,54,110,32,32,113,2,0,0,1,1,1,0,75,0,0,1,5,347,377,30,1,Ramesh Das,Sunita Mishra,30-05-2025,12-05-2026
UP-LKO-2026-10318,P009,Railway,Uttar Pradesh,Kanpur,Bithoor,129/1,1,Amit Yadav,0.68 acres,Commercial,Active,2751.86,URBAN,26.9103,81.2642,9012341.5,1.71,0,15411103.97,30822207.93,8,10,17,15,15,12,44,97,35,42,55,4,3,2,3,2,1,0,75,100,100,2,4,297,365,68,1,Deepa Das,Amit Yadav,15-07-2025,08-05-2026
UP-LKO-2026-10319,P005,Railway,Tamil Nadu,Coonor,Hubbathala,129/2A,2A,Priya Mishra,1.06 acres,Residential,Disputed,4289.67,RURAL,26.9105,81.2652,4311118.35,3.12,0,13450689.25,26901378.5,4,4,17,27,29,37,59,54,56,45,30,5,0,1,4,3,0,2,25,0,100,1,4,215,637,422,1,Arvind Joshi,Priya Mishra,02-03-2025,03-10-2025
UP-LKO-2026-10320,P004,Railway,Maharashtra,Nagpur,Butibori,139/3,3,Vikram Gupta,2.73 acres,Agricultural,Pending Review,11047.93,URBAN,26.9107,81.2662,18394803.45,1.38,0,25384828.76,50769657.52,3,7,2,18,51,24,58,33,67,11,37,2,1,0,4,0,1,2,0,0,100,3,1,246,547,301,1,Anil Patil,Vikram Gupta,10-04-2025,12-12-2025
UP-LKO-2026-10321,P003,Railway,Bihar,Muzaffarpur,PQR Village,167/B,B,Neha Mishra,4.68 acres,Commercial,Active,18939.3,RURAL,26.9109,81.2672,21420348.3,3.58,50000,76734846.91,153469693.8,9,9,20,21,23,38,89,63,59,25,26,5,1,2,3,3,1,0,100,50,0,3,1,299,453,154,1,Meena Yadav,Neha Mishra,11-10-2025,06-08-2026
UP-LKO-2026-10322,P003,Railway,Maharashtra,Pune,Hinjewadi,245/3,3,Rahul Yadav,3.02 acres,Agricultural,Pending Review,12221.52,URBAN,26.9111,81.2682,40954313.52,1.36,0,55697866.39,111395732.8,1,6,11,28,46,38,61,42,45,23,126,1,3,1,0,0,0,0,100,50,100,1,10,355,283,0,0,Kavita Sharma,Rahul Yadav,24-07-2025,14-07-2026
UP-LKO-2026-10323,P001,Railway,Bihar,Siwan,XYZ Village,184/3,3,Priya Gupta,2.92 acres,Commercial,Verified,11816.83,RURAL,26.9113,81.2692,35663192.94,3.68,200000,131440550,262881100,5,7,6,14,36,43,61,117,26,36,115,2,0,1,4,0,1,2,75,100,0,3,1,269,618,349,1,Deepa Patil,Priya Gupta,15-10-2025,11-07-2026
UP-LKO-2026-10324,P002,Highway,Uttar Pradesh,Varanasi,Sarnath,135/B,B,Rahul Singh,0.64 acres,Commercial,Verified,2589.99,RURAL,26.9115,81.2702,9577783.02,3.38,0,32372906.61,64745813.22,8,12,5,30,30,42,44,112,92,22,92,5,0,1,4,1,2,0,75,0,0,2,3,302,492,190,1,Arvind Singh,Rahul Singh,27-01-2025,25-11-2025
UP-LKO-2026-10325,P008,Highway,Bihar,Siwan,XYZ Village,126/A,A,Vikram Singh,0.72 acres,Agricultural,Pending Review,2913.74,RURAL,26.9117,81.2712,7864184.26,2.6,200000,20646879.08,41293758.15,1,4,12,28,36,26,68,103,95,33,82,0,1,2,2,0,2,0,75,50,0,0,2,286,479,193,1,Arvind Das,Vikram Singh,30-07-2025,12-05-2026
UP-LKO-2026-10326,P009,Highway,Maharashtra,Nashik,Ozar,181/2A,2A,Rahul Gupta,3.83 acres,Multi-crop,Pending Review,15499.47,RURAL,26.9119,81.2722,50559271.14,2.64,50000,133526475.8,267052951.6,5,5,15,24,36,10,89,62,37,53,99,0,0,2,4,2,0,0,0,0,100,0,6,339,371,32,1,Ramesh Verma,Rahul Gupta,06-01-2025,11-12-2025
UP-LKO-2026-10327,P004,Highway,Maharashtra,Nashik,Ozar,239/3,3,Amit Mishra,3.53 acres,Residential,Verified,14285.42,RURAL,26.9121,81.2732,35084991.52,2.06,200000,72475082.53,144950165.1,1,1,18,14,19,40,73,93,15,10,39,5,3,2,1,2,0,0,0,0,50,1,0,225,324,99,1,Arvind Verma,Amit Mishra,16-02-2025,29-09-2025
UP-LKO-2026-10328,P008,Highway,Uttar Pradesh,Kanpur,Bithoor,74/A,A,Ramesh Yadav,2.94 acres,Residential,Verified,11897.77,URBAN,26.9123,81.2742,16252353.82,1.1,50000,17927589.2,35855178.4,7,8,19,13,18,12,57,101,54,58,31,4,1,2,1,0,0,0,0,0,50,0,7,329,313,0,0,Rajesh Verma,Ramesh Yadav,01-10-2025,26-08-2026
UP-LKO-2026-10329,P005,Highway,Tamil Nadu,Karaikudi,Kanadukathan,63/A,A,Sunita Yadav,2.19 acres,Agricultural,Verified,8862.62,RURAL,26.9125,81.2752,32623304.22,3.71,50000,121082458.7,242164917.3,8,11,9,21,56,35,34,110,40,18,78,2,0,2,0,3,1,0,50,0,50,1,3,349,449,100,1,Anil Sharma,Sunita Yadav,08-05-2025,22-04-2026
UP-LKO-2026-10330,P007,Railway,Bihar,Muzaffarpur,PQR Village,128/2A,2A,Rahul Singh,1.19 acres,Multi-crop,Pending Review,4815.76,RURAL,26.9127,81.2762,13734547.52,2.74,0,37632660.2,75265320.41,8,9,9,27,30,25,70,99,41,44,51,5,3,0,1,2,0,1,100,50,0,3,9,320,516,196,1,Priya Singh,Rahul Singh,16-10-2025,01-09-2026
UP-LKO-2026-10331,P001,Railway,Tamil Nadu,Chennai,Kolathur,75/3,3,Manoj Gupta,0.53 acres,Residential,Active,2144.84,RURAL,26.9129,81.2772,7245269.52,2.55,50000,18525437.28,37050874.55,8,8,17,15,47,25,86,117,29,11,43,3,2,2,2,1,0,0,75,50,100,0,9,316,360,44,1,Sanjay Sharma,Manoj Gupta,30-08-2025,12-07-2026
UP-LKO-2026-10332,P001,Highway,Uttar Pradesh,Kanpur,Bithoor,117/2A,2A,Pooja Singh,1.73 acres,Residential,Disputed,7001.07,URBAN,26.9131,81.2782,8667324.66,1.79,50000,15564511.14,31129022.28,9,13,0,30,44,32,50,70,99,35,0,0,1,0,3,0,1,0,75,100,100,1,9,353,405,52,1,Ramesh Patil,Pooja Singh,03-11-2025,22-10-2026
UP-LKO-2026-10333,P009,Railway,Tamil Nadu,Karaikudi,Kanadukathan,118/2A,2A,Amit Singh,4.02 acres,Commercial,Verified,16268.38,RURAL,26.9133,81.2792,23328856.92,3.51,0,81884287.79,163768575.6,7,8,4,21,54,39,43,109,26,16,103,2,2,0,1,1,2,1,75,0,100,0,9,267,548,281,1,Sanjay Yadav,Amit Singh,30-01-2025,24-10-2025
UP-LKO-2026-10334,P002,Railway,Tamil Nadu,Coonor,Hubbathala,129/B,B,Ramesh Singh,4.46 acres,Agricultural,Verified,18049,RURAL,26.9135,81.2802,21694898,3.15,0,68338928.7,136677857.4,1,3,12,13,21,16,38,51,58,40,90,3,3,0,1,3,1,2,100,100,100,2,8,308,612,304,1,Kavita Singh,Ramesh Singh,11-12-2025,15-10-2026
UP-LKO-2026-10335,P001,Railway,Bihar,Siwan,XYZ Village,162/2A,2A,Pooja Gupta,4.1 acres,Residential,Verified,16592.13,RURAL,26.9137,81.2812,20839715.28,3.89,200000,81266492.44,162532984.9,10,13,12,16,36,27,59,51,68,39,139,4,3,2,2,2,0,0,0,0,0,0,2,342,356,14,1,Deepa Das,Pooja Gupta,17-07-2025,24-06-2026
UP-LKO-2026-10336,P005,Railway,Bihar,Muzaffarpur,PQR Village,69/3,3,Neha Mishra,4.16 acres,Agricultural,Pending Review,16834.94,RURAL,26.9139,81.2822,36026771.6,2.68,200000,96751747.89,193503495.8,3,3,2,28,27,21,49,79,85,32,125,1,3,1,2,3,1,2,25,0,100,2,4,285,696,411,1,Arvind Joshi,Neha Mishra,04-07-2025,15-04-2026
UP-LKO-2026-10337,P003,Highway,Maharashtra,Pune,Hinjewadi,113/B,B,Pooja Singh,1.33 acres,Multi-crop,Pending Review,5382.32,URBAN,26.9141,81.2832,16130813.04,1.59,50000,25697992.73,51395985.47,5,7,5,27,20,21,53,71,40,33,72,3,2,2,2,1,1,0,100,100,100,1,8,314,340,26,1,Arvind Das,Pooja Singh,28-03-2025,05-02-2026
UP-LKO-2026-10338,P005,Transmission,Uttar Pradesh,Kanpur,Bithoor,242/A,A,Neha Mishra,3.07 acres,Multi-crop,Disputed,12423.86,URBAN,26.9143,81.2842,33469878.84,1.02,200000,34339276.42,68678552.83,1,4,6,28,28,28,74,82,72,40,30,5,1,1,4,3,2,0,25,0,100,1,5,270,532,262,1,Sanjay Sharma,Neha Mishra,12-10-2025,09-07-2026
UP-LKO-2026-10339,P008,Highway,Tamil Nadu,Chennai,Kolathur,221/A,A,Sunita Verma,2.46 acres,Agricultural,Verified,9955.28,RURAL,26.9145,81.2852,10313670.08,2.05,50000,21193023.66,42386047.33,6,8,18,26,29,39,46,120,27,17,104,0,2,0,0,3,0,2,0,0,0,0,7,343,634,291,1,Arvind Joshi,Sunita Verma,30-04-2025,08-04-2026
UP-LKO-2026-10340,P003,Railway,Tamil Nadu,Karaikudi,Kanadukathan,39/2A,2A,Manoj Sharma,3.81 acres,Agricultural,Disputed,15418.54,RURAL,26.9147,81.2862,40782038.3,3.02,200000,123361755.7,246723511.3,3,6,15,12,39,20,38,50,26,22,127,1,0,2,3,3,1,2,100,50,0,2,3,219,582,363,1,Deepa Deshmukh,Manoj Sharma,01-04-2025,06-11-2025
UP-LKO-2026-10341,P003,Highway,Bihar,Patna,ABC Village,139/A,A,Neha Yadav,4.46 acres,Commercial,Verified,18049,RURAL,26.9149,81.2872,18211441,3.21,200000,58658725.61,117317451.2,8,9,5,15,60,41,69,46,65,43,67,4,1,2,3,3,1,2,0,0,0,3,7,263,714,451,1,Anil Deshmukh,Neha Yadav,21-06-2025,11-03-2026
UP-LKO-2026-10342,P007,Transmission,Uttar Pradesh,Lucknow,Malhaur,204/1,1,Manoj Gupta,2.67 acres,Residential,Disputed,10805.12,URBAN,26.9151,81.2882,14457250.56,1.84,0,26601341.03,53202682.06,4,4,3,23,20,33,87,63,70,28,115,1,3,1,0,3,2,0,100,0,100,2,2,378,504,126,1,Anil Iyer,Manoj Gupta,25-03-2025,07-04-2026
UP-LKO-2026-10343,P005,Transmission,Tamil Nadu,Coonor,Hubbathala,209/1,1,Rahul Yadav,1.09 acres,Residential,Verified,4411.08,RURAL,26.9153,81.2892,9166224.24,2.65,200000,24490494.24,48980988.47,1,5,0,25,42,34,79,104,18,40,0,2,1,2,2,0,0,2,75,100,100,1,5,363,582,219,1,Sanjay Sharma,Rahul Yadav,09-06-2025,07-06-2026
UP-LKO-2026-10344,P007,Transmission,Maharashtra,Nagpur,Butibori,67/2A,2A,Ramesh Devi,4.53 acres,Residential,Pending Review,18332.28,URBAN,26.9155,81.2902,63484685.64,1.98,200000,125899677.6,251799355.1,1,3,2,15,53,13,56,61,22,38,99,2,1,2,0,0,0,0,0,0,50,2,4,360,258,0,0,Deepa Patil,Ramesh Devi,14-12-2025,09-12-2026
UP-LKO-2026-10345,P009,Railway,Uttar Pradesh,Lucknow,Malhaur,25/2A,2A,Manoj Kumar,2.03 acres,Multi-crop,Disputed,8215.13,URBAN,26.9157,81.2912,28613297.79,2,200000,57426595.58,114853191.2,5,7,4,11,40,12,66,106,20,44,94,0,0,1,0,2,1,0,25,0,0,1,0,390,404,14,1,Ramesh Joshi,Manoj Kumar,17-01-2025,11-02-2026
UP-LKO-2026-10346,P002,Railway,Uttar Pradesh,Lucknow,Malhaur,178/A,A,Manoj Sharma,2.6 acres,Commercial,Verified,10521.84,URBAN,26.9159,81.2922,26367731.04,1.53,50000,40392628.49,80785256.98,10,11,17,15,37,16,70,44,95,36,54,5,1,2,3,1,0,2,75,100,0,1,0,307,583,276,1,Kavita Reddy,Manoj Sharma,23-08-2025,26-06-2026
UP-LKO-2026-10347,P005,Railway,Uttar Pradesh,Varanasi,Sarnath,96/3,3,Amit Mishra,4.98 acres,Residential,Disputed,20153.36,RURAL,26.9161,81.2932,23881731.6,2.25,0,53733896.1,107467792.2,1,3,19,15,47,21,53,45,31,48,116,5,0,0,4,3,2,1,50,0,100,1,7,293,560,267,1,Arvind Reddy,Amit Mishra,12-07-2025,01-05-2026
UP-LKO-2026-10348,P007,Railway,Uttar Pradesh,Varanasi,Sarnath,22/2A,2A,Ramesh Singh,3.18 acres,Multi-crop,Active,12869.01,RURAL,26.9163,81.2942,36419298.3,3.43,0,124918193.2,249836386.3,8,12,15,13,44,39,53,39,91,58,42,0,3,1,2,3,0,1,50,0,0,3,6,266,547,281,1,Deepa Verma,Ramesh Singh,22-10-2025,15-07-2026
UP-LKO-2026-10349,P009,Highway,Uttar Pradesh,Kanpur,Bithoor,17/B,B,Pooja Kumar,3.59 acres,Commercial,Verified,14528.23,URBAN,26.9165,81.2952,24044220.65,1.4,200000,33861908.91,67723817.82,9,11,8,23,19,12,51,59,93,26,102,4,2,2,2,1,0,2,50,0,100,2,7,364,553,189,1,Rajesh Iyer,Pooja Kumar,20-11-2025,19-11-2026
UP-LKO-2026-10350,P003,Highway,Bihar,Patna,ABC Village,71/3,3,Ramesh Gupta,3.12 acres,Residential,Disputed,12626.2,RURAL,26.9167,81.2962,22537767,3.46,0,77980673.82,155961347.6,8,10,4,27,37,10,45,47,24,57,132,5,1,2,2,0,2,0,50,0,50,0,8,399,337,0,0,Deepa Reddy,Ramesh Gupta,11-04-2025,15-05-2026
UP-LKO-2026-10351,P002,Transmission,Maharashtra,Nagpur,Butibori,56/2A,2A,Manoj Singh,2.88 acres,Residential,Disputed,11654.96,URBAN,26.9169,81.2972,40431056.24,1.27,0,51347441.42,102694882.8,10,14,2,26,26,27,86,93,64,20,132,2,3,2,2,0,2,1,50,0,100,2,6,269,552,283,1,Anil Reddy,Manoj Singh,11-02-2025,07-11-2025
UP-LKO-2026-10352,P004,Railway,Uttar Pradesh,Kanpur,Bithoor,161/1,1,Ramesh Yadav,2.88 acres,Multi-crop,Verified,11654.96,URBAN,26.9171,81.2982,32750437.6,1.55,0,50763178.28,101526356.6,1,1,14,22,30,38,46,109,35,45,145,3,2,1,3,1,1,0,25,0,50,1,9,261,400,139,1,Anil Joshi,Ramesh Yadav,21-03-2025,07-12-2025
UP-LKO-2026-10353,P005,Transmission,Maharashtra,Pune,Hinjewadi,83/A,A,Pooja Sharma,4.11 acres,Multi-crop,Disputed,16632.59,URBAN,26.9173,81.2992,36907717.21,1.04,0,38384025.9,76768051.8,6,11,15,21,38,45,56,116,16,28,90,0,3,0,1,2,1,1,0,0,0,2,5,253,545,292,1,Arvind Patil,Pooja Sharma,16-11-2025,27-07-2026
UP-LKO-2026-10354,P006,Railway,Uttar Pradesh,Varanasi,Sarnath,142/3,3,Pooja Verma,3.11 acres,Commercial,Verified,12585.73,RURAL,26.9175,81.3002,32131368.69,3.94,200000,126797592.6,253595185.3,1,6,16,16,60,33,77,108,86,17,33,0,2,2,0,1,2,0,25,0,0,3,1,206,517,311,1,Meena Verma,Pooja Verma,30-07-2025,21-02-2026
UP-LKO-2026-10355,P002,Highway,Uttar Pradesh,Lucknow,Malhaur,50/B,B,Anjali Verma,4.02 acres,Commercial,Pending Review,16268.38,URBAN,26.9177,81.3012,18611026.72,1.07,50000,19963798.59,39927597.18,3,7,3,18,31,16,41,34,56,22,89,1,3,2,3,3,0,2,25,0,100,0,7,331,548,217,1,Deepa Yadav,Anjali Verma,14-08-2025,11-07-2026
UP-LKO-2026-10356,P006,Highway,Maharashtra,Nashik,Ozar,100/A,A,Manoj Mishra,1.79 acres,Commercial,Verified,7243.88,RURAL,26.9179,81.3022,8446364.08,3.57,0,30153519.77,60307039.53,8,8,14,13,58,30,71,84,65,23,25,0,1,0,4,3,0,0,100,0,0,2,8,201,434,233,1,Deepa Patil,Manoj Mishra,11-04-2025,29-10-2025
UP-LKO-2026-10357,P005,Transmission,Maharashtra,Nagpur,Butibori,102/3,3,Sunita Devi,4.1 acres,Agricultural,Active,16592.13,URBAN,26.9181,81.3032,48531980.25,1.74,200000,84645645.64,169291291.3,2,6,13,19,22,43,44,96,19,39,74,3,0,0,4,1,0,2,25,0,100,0,7,380,552,172,1,Anil Deshmukh,Sunita Devi,16-03-2025,31-03-2026
UP-LKO-2026-10358,P002,Transmission,Maharashtra,Pune,Hinjewadi,166/B,B,Rahul Devi,0.53 acres,Agricultural,Disputed,2144.84,URBAN,26.9183,81.3042,7487636.44,1.73,50000,13003611.04,26007222.08,8,10,13,16,29,40,70,37,95,49,109,4,0,0,0,0,2,0,0,0,100,0,3,221,426,205,1,Rajesh Verma,Rahul Devi,01-05-2025,08-12-2025
UP-LKO-2026-10359,P009,Transmission,Bihar,Muzaffarpur,PQR Village,21/B,B,Ramesh Gupta,1.99 acres,Agricultural,Disputed,8053.25,RURAL,26.9185,81.3052,21767934.75,3.29,200000,71816505.33,143633010.7,7,8,5,24,26,18,83,43,31,17,95,1,1,1,3,2,0,0,25,0,0,2,6,233,302,69,1,Rajesh Reddy,Ramesh Gupta,27-11-2025,18-07-2026
UP-LKO-2026-10360,P008,Railway,Tamil Nadu,Coonor,Hubbathala,19-Mar,3,Manoj Singh,2.89 acres,Agricultural,Active,11695.43,RURAL,26.9187,81.3062,18841337.73,2.07,50000,39051569.1,78103138.2,7,10,18,24,56,21,41,48,94,16,43,2,3,1,1,3,0,1,100,50,100,1,4,316,510,194,1,Suresh Verma,Manoj Singh,09-12-2025,21-10-2026
UP-LKO-2026-10361,P005,Highway,Uttar Pradesh,Kanpur,Bithoor,221/B,B,Sunita Gupta,1.05 acres,Commercial,Verified,4249.2,URBAN,26.9189,81.3072,8608879.2,1.52,50000,13135496.38,26270992.77,9,11,0,27,58,39,78,114,88,58,0,3,3,0,1,1,2,2,50,0,100,0,4,367,822,455,1,Anil Singh,Sunita Gupta,19-09-2025,21-09-2026
UP-LKO-2026-10362,P007,Transmission,Uttar Pradesh,Lucknow,Malhaur,131/B,B,Rahul Singh,0.54 acres,Commercial,Pending Review,2185.3,URBAN,26.9191,81.3082,8251692.8,1.24,200000,10432099.07,20864198.14,7,7,2,13,25,33,38,119,43,57,123,5,1,2,3,3,1,0,0,0,50,3,4,258,463,205,1,Deepa Sharma,Rahul Singh,08-06-2025,21-02-2026
UP-LKO-2026-10363,P004,Railway,Maharashtra,Nagpur,Butibori,221/1,1,Sunita Yadav,2.31 acres,Commercial,Active,9348.25,URBAN,26.9193,81.3092,22753640.5,1.35,50000,30767414.68,61534829.35,4,8,19,13,16,28,54,55,79,38,90,0,0,1,4,3,0,1,50,0,0,3,3,215,493,278,1,Rajesh Joshi,Sunita Yadav,01-12-2025,04-07-2026
UP-LKO-2026-10364,P001,Railway,Tamil Nadu,Karaikudi,Kanadukathan,175/A,A,Neha Singh,4.93 acres,Agricultural,Pending Review,19951.02,RURAL,26.9195,81.3102,65499198.66,3.62,200000,237307099.1,474614198.3,5,8,18,11,43,13,40,94,37,60,131,1,2,0,1,0,1,2,0,0,50,2,2,206,583,377,1,Kavita Deshmukh,Neha Singh,28-06-2025,20-01-2026
UP-LKO-2026-10365,P006,Highway,Bihar,Muzaffarpur,PQR Village,213/2A,2A,Amit Sharma,3.82 acres,Agricultural,Verified,15459.01,RURAL,26.9197,81.3112,35586641.02,2.25,50000,80119942.3,160239884.6,3,5,2,20,56,31,50,79,65,45,106,0,2,2,3,0,0,0,100,100,0,0,8,365,346,0,0,Deepa Yadav,Amit Sharma,28-07-2025,28-07-2026
UP-LKO-2026-10366,P003,Railway,Maharashtra,Nagpur,Butibori,35/2A,2A,Rahul Singh,2.81 acres,Commercial,Active,11371.68,URBAN,26.9199,81.3122,39618933.12,1.3,200000,51704613.06,103409226.1,2,5,12,19,32,32,48,120,25,52,102,5,2,1,3,1,2,2,100,50,50,0,8,221,688,467,1,Deepa Joshi,Rahul Singh,13-04-2025,20-11-2025
UP-LKO-2026-10367,P006,Highway,Bihar,Patna,ABC Village,221/B,B,Rahul Kumar,1.32 acres,Commercial,Active,5341.86,RURAL,26.9201,81.3132,8060866.74,2.8,200000,22770426.87,45540853.74,8,9,18,18,44,38,55,82,91,59,73,2,2,0,4,3,2,0,25,0,100,1,7,374,567,193,1,Anil Sharma,Rahul Kumar,14-02-2025,23-02-2026
UP-LKO-2026-10368,P002,Highway,Uttar Pradesh,Kanpur,Bithoor,42/1,1,Manoj Gupta,2.77 acres,Multi-crop,Disputed,11209.8,URBAN,26.9203,81.3142,21029584.8,1.16,200000,24594318.37,49188636.74,5,5,1,23,37,10,44,36,54,23,148,0,2,1,2,0,2,1,100,0,100,3,0,357,437,80,1,Sanjay Joshi,Manoj Gupta,18-01-2025,10-01-2026
UP-LKO-2026-10369,P006,Railway,Uttar Pradesh,Kanpur,Bithoor,85/A,A,Manoj Verma,1.61 acres,Agricultural,Disputed,6515.44,URBAN,26.9205,81.3152,12724654.32,1.5,200000,19286981.48,38573962.96,8,12,15,26,19,16,63,39,68,21,71,5,0,0,4,0,2,0,50,0,0,1,5,315,342,27,1,Deepa Deshmukh,Manoj Verma,15-02-2025,27-12-2025
UP-LKO-2026-10370,P004,Transmission,Tamil Nadu,Karaikudi,Kanadukathan,245/3,3,Sunita Gupta,3.23 acres,Multi-crop,Active,13071.36,RURAL,26.9207,81.3162,48494745.6,2.39,50000,115952442,231904884,10,12,8,24,35,34,82,119,16,18,117,3,3,0,1,1,2,0,0,0,0,0,2,267,448,181,1,Rajesh Das,Sunita Gupta,08-12-2025,01-09-2026
UP-LKO-2026-10371,P006,Highway,Bihar,Muzaffarpur,PQR Village,220/1,1,Priya Yadav,1.97 acres,Residential,Active,7972.31,RURAL,26.9209,81.3172,17443414.28,3.61,0,62970725.55,125941451.1,1,1,6,20,15,44,34,67,55,49,91,0,3,1,3,2,2,0,75,100,0,0,6,275,434,159,1,Deepa Deshmukh,Priya Yadav,07-05-2025,06-02-2026
UP-LKO-2026-10372,P003,Transmission,Tamil Nadu,Karaikudi,Kanadukathan,199/B,B,Pooja Yadav,3.15 acres,Multi-crop,Pending Review,12747.61,RURAL,26.9211,81.3182,20625632.98,2.38,0,49089006.49,98178012.98,9,13,18,13,45,17,72,64,35,52,135,4,2,0,2,0,2,0,100,50,100,1,1,353,388,35,1,Arvind Verma,Pooja Yadav,20-03-2025,08-03-2026
UP-LKO-2026-10373,P005,Railway,Bihar,Patna,ABC Village,231/B,B,Sunita Kumar,0.67 acres,Residential,Pending Review,2711.4,RURAL,26.9213,81.3192,10780526.4,2.24,50000,24198379.14,48396758.27,4,7,12,13,59,14,82,73,87,15,96,2,0,0,0,2,0,0,0,0,0,0,3,246,403,157,1,Ramesh Yadav,Sunita Kumar,22-07-2025,25-03-2026
UP-LKO-2026-10374,P003,Highway,Bihar,Siwan,XYZ Village,18/B,B,Priya Mishra,4.21 acres,Agricultural,Verified,17037.28,RURAL,26.9215,81.3202,19013604.48,2.88,0,54759180.9,109518361.8,9,13,12,20,35,12,48,64,100,53,145,4,1,0,3,3,0,1,100,0,0,3,3,283,542,259,1,Suresh Das,Priya Mishra,18-08-2025,28-05-2026
UP-LKO-2026-10375,P003,Railway,Bihar,Muzaffarpur,PQR Village,86/A,A,Anjali Devi,2.01 acres,Multi-crop,Verified,8134.19,RURAL,26.9217,81.3212,32414747.15,2.18,50000,70714148.79,141428297.6,7,7,13,29,42,13,40,51,29,30,119,5,2,0,3,3,2,0,0,0,100,1,10,253,414,161,1,Rajesh Iyer,Anjali Devi,26-03-2025,04-12-2025
UP-LKO-2026-10376,P006,Railway,Tamil Nadu,Chennai,Kolathur,97/B,B,Manoj Singh,3.47 acres,Agricultural,Pending Review,14042.6,RURAL,26.9219,81.3222,19210276.8,2.35,0,45144150.48,90288300.96,4,7,1,25,16,45,89,79,22,20,117,1,2,0,2,3,0,1,25,0,0,0,0,258,506,248,1,Arvind Verma,Manoj Singh,12-02-2025,28-10-2025
UP-LKO-2026-10377,P006,Railway,Maharashtra,Nagpur,Butibori,87/3,3,Anjali Gupta,2.1 acres,Multi-crop,Pending Review,8498.41,URBAN,26.9221,81.3232,14591769.97,1.54,200000,22671325.75,45342651.51,1,2,11,30,37,18,77,53,82,58,60,2,0,0,0,1,1,0,100,100,0,3,10,227,430,203,1,Rajesh Joshi,Anjali Gupta,02-09-2025,17-04-2026
UP-LKO-2026-10378,P006,Railway,Uttar Pradesh,Varanasi,Sarnath,82/1,1,Ramesh Sharma,2.41 acres,Commercial,Verified,9752.93,RURAL,26.9223,81.3242,33325761.81,2.01,50000,67034781.24,134069562.5,7,9,17,22,26,41,54,83,59,60,97,3,2,0,4,1,0,0,50,0,50,1,3,231,375,144,1,Sanjay Das,Ramesh Sharma,29-09-2025,18-05-2026
UP-LKO-2026-10379,P007,Railway,Maharashtra,Pune,Hinjewadi,39/B,B,Pooja Mishra,1.21 acres,Multi-crop,Active,4896.7,URBAN,26.9225,81.3252,8564328.3,1.53,0,13103422.3,26206844.6,5,8,7,14,40,45,73,113,40,22,99,3,1,1,0,3,0,2,50,0,0,0,10,210,677,467,1,Arvind Das,Pooja Mishra,24-03-2025,20-10-2025
UP-LKO-2026-10380,P009,Railway,Bihar,Patna,ABC Village,33/2A,2A,Priya Gupta,4.67 acres,Commercial,Verified,18898.84,RURAL,26.9227,81.3262,34773865.6,2,0,69547731.2,139095462.4,3,7,7,18,58,32,64,51,29,11,94,4,3,0,3,2,1,2,25,0,0,2,10,210,608,398,1,Meena Yadav,Priya Gupta,23-12-2025,21-07-2026
UP-LKO-2026-10381,P001,Highway,Uttar Pradesh,Varanasi,Sarnath,109/3,3,Vikram Devi,4.19 acres,Agricultural,Verified,16956.34,RURAL,26.9229,81.3272,61568470.54,3,0,184705411.6,369410823.2,8,11,17,30,60,21,83,73,99,40,102,2,1,0,1,3,1,0,75,50,100,0,6,324,541,217,1,Deepa Singh,Vikram Devi,07-05-2025,27-03-2026
UP-LKO-2026-10382,P001,Highway,Uttar Pradesh,Lucknow,Malhaur,121/B,B,Manoj Kumar,4.1 acres,Agricultural,Active,16592.13,URBAN,26.9231,81.3282,36635423.04,1.83,200000,67242824.16,134485648.3,8,10,13,13,41,42,68,41,54,53,36,0,2,1,1,0,2,1,0,0,50,0,7,350,522,172,1,Arvind Verma,Manoj Kumar,21-08-2025,06-08-2026
UP-LKO-2026-10383,P008,Transmission,Tamil Nadu,Chennai,Kolathur,49/2A,2A,Sunita Mishra,2.8 acres,Residential,Verified,11331.21,RURAL,26.9233,81.3292,17529381.87,3.03,50000,53164027.07,106328054.1,3,3,4,29,53,29,78,33,65,57,108,4,1,2,2,3,0,1,0,0,0,2,9,359,554,195,1,Suresh Joshi,Sunita Mishra,16-05-2025,10-05-2026
UP-LKO-2026-10384,P003,Highway,Tamil Nadu,Coonor,Hubbathala,57/3,3,Amit Mishra,2.8 acres,Multi-crop,Disputed,11331.21,RURAL,26.9235,81.3302,35228731.89,3.1,50000,109259068.9,218518137.7,6,10,1,17,17,34,89,43,22,36,98,2,2,2,2,3,0,0,0,0,50,1,7,383,348,0,0,Meena Verma,Amit Mishra,21-04-2025,09-05-2026
UP-LKO-2026-10385,P001,Highway,Tamil Nadu,Coonor,Hubbathala,138/2A,2A,Sunita Sharma,2.85 acres,Multi-crop,Active,11533.55,RURAL,26.9237,81.3312,36711289.65,2.77,50000,101740272.3,203480544.7,7,12,9,19,39,28,62,78,46,21,56,2,0,0,4,2,0,0,25,0,0,1,8,346,353,7,1,Ramesh Joshi,Sunita Sharma,20-06-2025,01-06-2026
UP-LKO-2026-10386,P005,Transmission,Maharashtra,Pune,Hinjewadi,60/3,3,Neha Singh,1.44 acres,Agricultural,Verified,5827.48,URBAN,26.9239,81.3322,8875252.04,1.86,0,16507968.79,33015937.59,1,5,10,26,47,33,78,78,28,38,127,4,3,2,4,3,1,0,0,0,100,3,1,361,463,102,1,Anil Verma,Neha Singh,03-03-2025,27-02-2026
UP-LKO-2026-10387,P001,Highway,Uttar Pradesh,Kanpur,Bithoor,206/B,B,Ramesh Singh,4.93 acres,Agricultural,Active,19951.02,URBAN,26.9241,81.3332,66796014.96,1.97,0,131588149.5,263176298.9,9,11,0,10,38,35,80,113,71,25,0,3,2,0,3,3,2,0,50,0,100,2,6,250,552,302,1,Rajesh Patil,Ramesh Singh,18-10-2025,25-06-2026
UP-LKO-2026-10388,P009,Transmission,Tamil Nadu,Chennai,Kolathur,232/3,3,Manoj Sharma,3.51 acres,Commercial,Disputed,14204.48,RURAL,26.9243,81.3342,17997076.16,2.77,0,49851900.96,99703801.93,2,4,2,20,26,36,57,37,26,35,27,4,2,2,2,2,1,0,0,0,0,0,7,278,342,64,1,Sanjay Das,Manoj Sharma,11-03-2025,14-12-2025
UP-LKO-2026-10389,P003,Highway,Bihar,Patna,ABC Village,65/B,B,Priya Gupta,2.29 acres,Multi-crop,Active,9267.31,RURAL,26.9245,81.3352,16125119.4,2.29,200000,37126523.43,74253046.85,4,9,11,17,43,21,72,74,23,57,142,4,2,2,4,0,1,1,25,0,100,0,0,321,472,151,1,Kavita Das,Priya Gupta,31-01-2025,18-12-2025
UP-LKO-2026-10390,P005,Highway,Maharashtra,Nagpur,Butibori,27-Mar,3,Sunita Sharma,1.82 acres,Agricultural,Pending Review,7365.29,URBAN,26.9247,81.3362,24548511.57,1.3,0,31913065.04,63826130.08,5,6,10,30,55,24,73,33,77,56,111,2,0,2,3,1,2,0,50,0,0,3,10,254,468,214,1,Deepa Reddy,Sunita Sharma,03-11-2025,15-07-2026
UP-LKO-2026-10391,P009,Transmission,Bihar,Muzaffarpur,PQR Village,170/B,B,Ramesh Sharma,3.43 acres,Residential,Active,13880.73,RURAL,26.9249,81.3372,25179644.22,2.38,0,59927553.24,119855106.5,7,7,10,10,30,11,35,39,50,25,150,2,3,2,4,2,0,1,0,0,100,3,6,382,380,0,0,Arvind Yadav,Ramesh Sharma,15-08-2025,01-09-2026
UP-LKO-2026-10392,P002,Highway,Uttar Pradesh,Kanpur,Bithoor,72/2A,2A,Rahul Mishra,3.82 acres,Residential,Pending Review,15459.01,URBAN,26.9251,81.3382,35911280.23,1.41,0,50634905.12,101269810.2,5,5,16,11,51,13,54,85,81,47,83,0,2,1,4,0,0,1,25,0,100,3,8,202,462,260,1,Sanjay Joshi,Rahul Mishra,17-09-2025,07-04-2026
UP-LKO-2026-10393,P003,Highway,Uttar Pradesh,Lucknow,Malhaur,139/B,B,Anjali Mishra,0.51 acres,Commercial,Pending Review,2063.9,URBAN,26.9253,81.3392,4664414,1.19,0,5550652.66,11101305.32,6,7,3,25,17,38,55,75,85,51,101,0,1,1,0,2,1,0,50,0,100,1,7,238,451,213,1,Priya Joshi,Anjali Mishra,22-08-2025,17-04-2026
UP-LKO-2026-10394,P001,Transmission,Uttar Pradesh,Kanpur,Bithoor,97/A,A,Amit Sharma,2.64 acres,Multi-crop,Verified,10683.71,URBAN,26.9255,81.3402,30341736.4,1.57,0,47636526.15,95273052.3,4,7,20,17,48,16,85,101,81,47,39,0,0,1,1,2,0,2,75,100,50,0,9,214,695,481,1,Ramesh Iyer,Amit Sharma,08-05-2025,08-12-2025
UP-LKO-2026-10395,P005,Highway,Bihar,Patna,ABC Village,159/3,3,Vikram Sharma,0.61 acres,Agricultural,Active,2468.58,RURAL,26.9257,81.3412,9079437.24,2.17,50000,19752378.81,39504757.62,9,14,6,27,51,33,72,43,88,49,85,4,0,0,4,3,0,2,75,0,0,1,4,205,693,488,1,Ramesh Reddy,Vikram Sharma,25-12-2025,18-07-2026
UP-LKO-2026-10396,P009,Railway,Maharashtra,Nagpur,Butibori,105/A,A,Pooja Singh,0.54 acres,Multi-crop,Active,2185.3,URBAN,26.9259,81.3422,6529676.4,1.12,200000,7513237.568,15026475.14,10,12,0,20,51,38,70,94,93,21,0,4,3,0,1,3,1,2,75,0,100,2,9,201,762,561,1,Arvind Patil,Pooja Singh,27-05-2025,14-12-2025
UP-LKO-2026-10397,P009,Transmission,Uttar Pradesh,Lucknow,Malhaur,70/2A,2A,Sunita Yadav,1.71 acres,Agricultural,Disputed,6920.13,URBAN,26.9261,81.3432,20621987.4,1.85,0,38150676.69,76301353.38,1,5,12,24,22,22,41,45,26,12,72,5,1,2,3,1,2,0,100,0,50,0,6,273,312,39,1,Suresh Yadav,Sunita Yadav,27-06-2025,27-03-2026
UP-LKO-2026-10398,P008,Railway,Tamil Nadu,Coonor,Hubbathala,75/3,3,Pooja Verma,4.45 acres,Commercial,Active,18008.53,RURAL,26.9263,81.3442,53161180.56,3.41,50000,181329625.7,362659251.4,6,6,6,15,28,29,79,45,55,59,106,2,1,1,1,1,0,0,0,0,100,1,8,331,340,9,1,Suresh Patil,Pooja Verma,05-09-2025,02-08-2026
UP-LKO-2026-10399,P002,Railway,Bihar,Muzaffarpur,PQR Village,182/2A,2A,Sunita Singh,3.48 acres,Residential,Disputed,14083.07,RURAL,26.9265,81.3452,18969895.29,2.72,200000,51798115.19,103596230.4,7,10,9,30,22,25,88,106,71,40,120,0,1,0,3,3,0,1,0,0,0,3,2,344,592,248,1,Sanjay Sharma,Sunita Singh,02-12-2025,11-11-2026
UP-LKO-2026-10400,P001,Transmission,Bihar,Patna,ABC Village,188/A,A,Neha Gupta,1.73 acres,Residential,Active,7001.07,RURAL,26.9267,81.3462,26905112.01,2.87,200000,77417671.47,154835342.9,5,9,19,10,53,39,35,33,67,28,30,3,3,0,0,1,0,1,50,0,100,1,8,339,415,76,1,Arvind Singh,Neha Gupta,07-11-2025,12-10-2026
UP-LKO-2026-10401,P009,Transmission,Bihar,Patna,ABC Village,249/1,1,Ramesh Yadav,4.79 acres,Agricultural,Disputed,19384.46,RURAL,26.9269,81.3472,45495327.62,3.49,50000,158828693.4,317657386.8,3,8,0,21,24,25,65,82,69,32,0,1,1,0,3,1,0,1,100,50,100,0,6,289,468,179,1,Kavita Sharma,Ramesh Yadav,21-02-2025,07-12-2025
UP-LKO-2026-10402,P002,Highway,Tamil Nadu,Karaikudi,Kanadukathan,180/3,3,Amit Singh,3.0 acres,Agricultural,Disputed,12140.58,RURAL,26.9271,81.3482,35256244.32,3.38,200000,119366105.8,238732211.6,4,7,14,16,36,37,38,117,74,27,81,4,3,1,0,2,1,2,50,0,100,2,0,305,690,385,1,Priya Das,Amit Singh,17-01-2025,18-11-2025
UP-LKO-2026-10403,P005,Highway,Maharashtra,Pune,Hinjewadi,21/2A,2A,Sunita Singh,2.69 acres,Residential,Verified,10886.05,URBAN,26.9273,81.3492,31384482.15,1.39,50000,43674430.19,87348860.38,2,5,10,29,46,23,69,59,77,32,77,1,2,0,3,1,0,0,25,0,0,1,7,299,365,66,1,Ramesh Reddy,Sunita Singh,11-11-2025,06-09-2026
UP-LKO-2026-10404,P001,Transmission,Tamil Nadu,Chennai,Kolathur,98/3,3,Ramesh Gupta,1.01 acres,Residential,Active,4087.33,RURAL,26.9275,81.3502,4553285.62,2.82,0,12840265.45,25680530.9,4,5,17,22,49,29,49,83,86,23,52,2,1,1,1,2,1,1,0,0,0,1,4,383,566,183,1,Priya Patil,Ramesh Gupta,27-05-2025,14-06-2026
UP-LKO-2026-10405,P004,Transmission,Bihar,Muzaffarpur,PQR Village,55/1,1,Neha Yadav,1.33 acres,Multi-crop,Active,5382.32,RURAL,26.9277,81.3512,17680921.2,2.56,50000,45313158.27,90626316.54,1,5,20,30,44,29,57,35,57,11,142,3,2,0,2,2,0,0,100,100,50,2,3,342,323,0,0,Priya Joshi,Neha Yadav,01-05-2025,08-04-2026
UP-LKO-2026-10406,P003,Transmission,Tamil Nadu,Coonor,Hubbathala,210/3,3,Rahul Sharma,1.86 acres,Residential,Disputed,7527.16,RURAL,26.9279,81.3522,19480290.08,3.63,0,70713452.99,141426906,4,8,19,25,20,13,32,34,66,38,87,0,3,2,0,0,2,2,75,100,0,0,3,296,558,262,1,Arvind Patil,Rahul Sharma,28-09-2025,21-07-2026
UP-LKO-2026-10407,P003,Railway,Bihar,Muzaffarpur,PQR Village,84/1,1,Vikram Yadav,2.3 acres,Commercial,Verified,9307.78,RURAL,26.9281,81.3532,24367768.04,3.28,50000,79976279.17,159952558.3,4,5,7,30,45,22,48,86,46,32,134,1,0,0,0,2,2,2,0,0,0,2,0,300,699,399,1,Rajesh Reddy,Vikram Yadav,28-01-2025,24-11-2025
UP-LKO-2026-10408,P002,Railway,Uttar Pradesh,Kanpur,Bithoor,216/1,1,Vikram Yadav,0.72 acres,Residential,Disputed,2913.74,URBAN,26.9283,81.3542,9370587.84,1.6,200000,15192940.54,30385881.09,9,14,2,12,58,12,30,35,15,18,39,0,3,2,2,0,0,0,0,0,50,1,10,281,180,0,0,Ramesh Yadav,Vikram Yadav,25-05-2025,02-03-2026
UP-LKO-2026-10409,P004,Transmission,Maharashtra,Nashik,Ozar,54/1,1,Pooja Sharma,1.21 acres,Multi-crop,Disputed,4896.7,RURAL,26.9285,81.3552,16957272.1,2.04,0,34592835.08,69185670.17,5,7,18,22,16,12,58,114,27,55,127,1,0,1,1,0,1,2,25,0,0,0,7,326,589,263,1,Suresh Deshmukh,Pooja Sharma,04-01-2025,26-11-2025
UP-LKO-2026-10410,P004,Highway,Bihar,Muzaffarpur,PQR Village,123/A,A,Amit Singh,2.24 acres,Multi-crop,Pending Review,9064.97,RURAL,26.9287,81.3562,9237204.43,3.35,200000,31144634.84,62289269.68,1,5,9,27,23,22,44,86,88,26,78,5,1,2,3,2,0,1,25,0,0,0,4,394,496,102,1,Meena Iyer,Amit Singh,13-01-2025,11-02-2026
UP-LKO-2026-10411,P004,Highway,Maharashtra,Nashik,Ozar,213/B,B,Sunita Verma,3.37 acres,Commercial,Disputed,13637.92,RURAL,26.9289,81.3572,30848975.04,3.28,200000,101384638.1,202769276.3,1,6,1,12,22,37,41,44,33,42,33,5,1,0,2,3,2,2,50,0,0,1,9,295,651,356,1,Anil Iyer,Sunita Verma,23-01-2025,14-11-2025
UP-LKO-2026-10412,P003,Railway,Maharashtra,Nagpur,Butibori,199/A,A,Neha Yadav,3.06 acres,Commercial,Verified,12383.39,URBAN,26.9291,81.3582,13126393.4,1.46,50000,19214534.36,38429068.73,8,8,3,13,24,36,84,56,50,47,25,3,3,0,3,1,1,0,75,0,50,0,4,232,385,153,1,Kavita Sharma,Neha Yadav,15-01-2025,04-09-2025
UP-LKO-2026-10413,P002,Transmission,Bihar,Siwan,XYZ Village,74/3,3,Ramesh Mishra,2.23 acres,Multi-crop,Disputed,9024.5,RURAL,26.9293,81.3592,23463700,2.72,200000,64021264,128042528,1,2,2,14,22,40,76,31,43,53,76,3,2,0,4,1,1,1,50,0,50,0,5,245,474,229,1,Priya Deshmukh,Ramesh Mishra,15-01-2025,17-09-2025
UP-LKO-2026-10414,P003,Transmission,Uttar Pradesh,Lucknow,Malhaur,249/1,1,Vikram Verma,1.44 acres,Agricultural,Verified,5827.48,URBAN,26.9295,81.3602,17191066,1.82,50000,31337740.12,62675480.24,9,14,8,15,37,25,68,30,42,60,130,5,1,1,2,2,2,0,100,50,50,3,2,384,427,43,1,Rajesh Reddy,Vikram Verma,11-06-2025,30-06-2026
UP-LKO-2026-10415,P002,Railway,Maharashtra,Nashik,Ozar,163/3,3,Neha Singh,3.4 acres,Multi-crop,Disputed,13759.32,RURAL,26.9297,81.3612,42722688.6,3.31,200000,141612099.3,283224198.5,1,1,13,11,55,36,54,87,67,59,46,4,3,0,2,3,2,0,75,50,50,2,4,375,549,174,1,Sanjay Sharma,Neha Singh,18-08-2025,28-08-2026
UP-LKO-2026-10416,P003,Highway,Bihar,Patna,ABC Village,233/B,B,Ramesh Verma,1.68 acres,Commercial,Verified,6798.72,RURAL,26.9299,81.3622,9504610.56,3.84,50000,36547704.55,73095409.1,3,7,6,10,49,11,80,67,56,21,89,0,2,0,4,1,0,0,50,0,100,2,10,310,324,14,1,Arvind Patil,Ramesh Verma,06-02-2025,13-12-2025
UP-LKO-2026-10417,P004,Railway,Tamil Nadu,Karaikudi,Kanadukathan,132/1,1,Vikram Gupta,2.77 acres,Agricultural,Active,11209.8,RURAL,26.9301,81.3632,24683979.6,2.62,0,64672026.55,129344053.1,10,13,2,17,47,40,81,116,94,36,71,2,0,0,3,3,0,0,100,0,0,3,1,317,521,204,1,Anil Yadav,Vikram Gupta,24-09-2025,07-08-2026
UP-LKO-2026-10418,P007,Highway,Bihar,Muzaffarpur,PQR Village,132/3,3,Anjali Sharma,0.84 acres,Agricultural,Active,3399.36,RURAL,26.9303,81.3642,9847945.92,3.42,0,33679975.05,67359950.09,4,8,13,18,56,39,89,92,73,12,136,1,3,2,4,1,0,2,25,0,100,0,1,314,649,335,1,Priya Deshmukh,Anjali Sharma,04-09-2025,15-07-2026
UP-LKO-2026-10419,P006,Transmission,Uttar Pradesh,Kanpur,Bithoor,199/A,A,Vikram Devi,2.61 acres,Agricultural,Pending Review,10562.3,URBAN,26.9305,81.3652,30018056.6,1.8,0,54032501.88,108065003.8,1,2,11,30,57,24,49,119,92,31,48,3,1,0,0,1,1,0,25,0,0,1,6,295,477,182,1,Sanjay Sharma,Vikram Devi,18-07-2025,09-05-2026
UP-LKO-2026-10420,P001,Highway,Uttar Pradesh,Lucknow,Malhaur,147/B,B,Sunita Yadav,4.63 acres,Multi-crop,Active,18736.96,URBAN,26.9307,81.3662,56979095.36,1.59,200000,90796761.62,181593523.2,6,8,8,26,35,37,53,47,88,56,88,5,3,1,4,0,1,1,100,100,0,0,10,280,507,227,1,Rajesh Singh,Sunita Yadav,14-09-2025,21-06-2026
UP-LKO-2026-10421,P007,Railway,Maharashtra,Pune,Hinjewadi,62/1,1,Ramesh Gupta,2.37 acres,Residential,Disputed,9591.06,URBAN,26.9309,81.3672,15633427.8,1.73,200000,27245830.09,54491660.19,3,4,14,28,16,41,44,94,48,59,46,2,3,0,1,2,2,2,100,100,50,2,10,383,720,337,1,Meena Das,Ramesh Gupta,11-12-2025,29-12-2026
UP-LKO-2026-10422,P009,Highway,Tamil Nadu,Chennai,Kolathur,44/A,A,Amit Kumar,1.72 acres,Agricultural,Disputed,6960.6,RURAL,26.9311,81.3682,20568573,3.99,0,82068606.27,164137212.5,8,8,5,12,26,21,36,100,48,58,57,2,3,1,4,3,1,1,50,0,50,0,5,301,556,255,1,Arvind Das,Amit Kumar,06-01-2025,03-11-2025
UP-LKO-2026-10423,P003,Transmission,Tamil Nadu,Karaikudi,Kanadukathan,69/3,3,Neha Sharma,3.52 acres,Residential,Verified,14244.95,RURAL,26.9313,81.3692,56837350.5,2.21,0,125610544.6,251221089.2,4,8,11,24,49,22,64,100,16,55,126,3,2,0,4,3,0,0,50,0,0,0,9,243,420,177,1,Ramesh Patil,Neha Sharma,08-04-2025,07-12-2025
UP-LKO-2026-10424,P005,Highway,Uttar Pradesh,Varanasi,Sarnath,117/3,3,Amit Yadav,3.77 acres,Commercial,Verified,15256.66,RURAL,26.9315,81.3702,15988979.68,2.11,50000,33786747.12,67573494.25,1,3,17,17,46,14,49,95,15,33,103,3,2,1,0,2,1,0,50,0,50,0,4,293,374,81,1,Priya Sharma,Amit Yadav,13-02-2025,03-12-2025
UP-LKO-2026-10425,P006,Highway,Bihar,Patna,ABC Village,163/3,3,Priya Sharma,3.78 acres,Agricultural,Disputed,15297.13,RURAL,26.9317,81.3712,38028665.18,2.44,200000,92989943.04,185979886.1,3,6,0,21,29,26,39,47,96,46,0,5,1,2,0,0,2,0,100,0,100,1,3,258,394,136,1,Deepa Sharma,Priya Sharma,01-02-2025,17-10-2025
UP-LKO-2026-10426,P001,Highway,Bihar,Muzaffarpur,PQR Village,16/A,A,Priya Singh,2.6 acres,Residential,Verified,10521.84,RURAL,26.9319,81.3722,12226378.08,2.05,0,25064075.06,50128150.13,7,10,8,18,18,35,39,71,74,13,109,2,2,0,2,2,1,2,25,0,0,1,6,344,613,269,1,Meena Reddy,Priya Singh,07-01-2025,17-12-2025
UP-LKO-2026-10427,P007,Transmission,Tamil Nadu,Karaikudi,Kanadukathan,154/1,1,Pooja Devi,2.37 acres,Agricultural,Disputed,9591.06,RURAL,26.9321,81.3732,34546998.12,2.4,200000,83112795.49,166225591,7,11,9,19,15,37,31,75,50,32,136,0,2,1,2,0,2,0,100,50,0,3,2,390,349,0,0,Deepa Sharma,Pooja Devi,13-01-2025,07-02-2026
UP-LKO-2026-10428,P005,Railway,Uttar Pradesh,Varanasi,Sarnath,64/3,3,Rahul Mishra,1.95 acres,Residential,Verified,7891.38,RURAL,26.9323,81.3742,18671005.08,2.15,200000,40342660.92,80685321.84,5,7,17,22,22,33,74,97,26,53,91,5,3,2,3,2,0,0,100,0,50,0,2,233,387,154,1,Priya Singh,Rahul Mishra,02-04-2025,21-11-2025
UP-LKO-2026-10429,P006,Highway,Uttar Pradesh,Lucknow,Malhaur,138/A,A,Ramesh Devi,4.21 acres,Commercial,Pending Review,17037.28,URBAN,26.9325,81.3752,37192382.24,1.67,0,62111278.34,124222556.7,3,5,6,21,33,23,75,96,18,51,37,4,1,2,1,2,1,1,0,0,0,3,7,373,542,169,1,Rajesh Reddy,Ramesh Devi,29-08-2025,06-09-2026
UP-LKO-2026-10430,P003,Railway,Maharashtra,Nagpur,Butibori,108/1,1,Sunita Gupta,1.46 acres,Commercial,Pending Review,5908.42,URBAN,26.9327,81.3762,18038406.26,1.94,200000,35194508.14,70389016.29,7,10,18,18,21,29,32,96,74,35,140,0,1,2,3,0,2,0,0,0,0,1,7,248,395,147,1,Arvind Joshi,Sunita Gupta,30-06-2025,05-03-2026
UP-LKO-2026-10431,P007,Transmission,Uttar Pradesh,Lucknow,Malhaur,138/2A,2A,Neha Mishra,3.94 acres,Multi-crop,Verified,15944.63,URBAN,26.9329,81.3772,51102539.15,1.24,0,63367148.55,126734297.1,9,12,6,29,28,38,68,91,72,35,136,0,0,2,2,1,2,1,100,100,0,2,1,230,601,371,1,Ramesh Reddy,Neha Mishra,11-03-2025,27-10-2025
UP-LKO-2026-10432,P001,Transmission,Bihar,Patna,ABC Village,126/2A,2A,Anjali Mishra,2.97 acres,Multi-crop,Verified,12019.17,RURAL,26.9331,81.3782,22704212.13,3.35,0,76059110.64,152118221.3,6,11,2,25,39,44,38,33,31,42,66,5,3,0,1,3,1,0,50,0,50,2,4,224,387,163,1,Kavita Iyer,Anjali Mishra,11-04-2025,21-11-2025
UP-LKO-2026-10433,P002,Railway,Tamil Nadu,Chennai,Kolathur,23/B,B,Priya Devi,1.38 acres,Multi-crop,Active,5584.67,RURAL,26.9333,81.3792,16296067.06,3.6,50000,58715841.42,117431682.8,7,11,6,26,52,27,61,104,66,46,26,2,2,2,0,1,2,0,0,0,0,1,8,330,502,172,1,Priya Das,Priya Devi,27-07-2025,22-06-2026
UP-LKO-2026-10434,P001,Railway,Tamil Nadu,Karaikudi,Kanadukathan,169/1,1,Manoj Sharma,3.74 acres,Residential,Active,15135.26,RURAL,26.9335,81.3802,28756994,2.96,0,85120702.24,170241404.5,8,10,2,13,27,17,62,110,29,24,150,4,1,1,3,3,1,0,50,0,0,1,4,387,417,30,1,Arvind Patil,Manoj Sharma,27-08-2025,18-09-2026
UP-LKO-2026-10435,P004,Highway,Uttar Pradesh,Lucknow,Malhaur,129/1,1,Pooja Gupta,4.41 acres,Multi-crop,Active,17846.65,URBAN,26.9337,81.3812,51576818.5,1.12,0,57766036.72,115532073.4,3,4,0,20,58,44,77,76,33,43,0,0,2,2,3,0,1,0,25,0,100,0,2,295,396,101,1,Priya Verma,Pooja Gupta,26-01-2025,17-11-2025
UP-LKO-2026-10436,P003,Railway,Bihar,Muzaffarpur,PQR Village,204/2A,2A,Rahul Gupta,3.59 acres,Commercial,Disputed,14528.23,RURAL,26.9339,81.3822,56340475.94,2.39,50000,134703737.5,269407475,9,9,19,15,29,44,68,75,73,13,121,5,0,0,0,0,1,0,25,0,0,0,0,216,362,146,1,Kavita Das,Rahul Gupta,13-07-2025,14-02-2026
UP-LKO-2026-10437,P002,Highway,Bihar,Muzaffarpur,PQR Village,100/A,A,Neha Singh,2.54 acres,Agricultural,Active,10279.02,RURAL,26.9341,81.3832,30086691.54,2.55,0,76721063.43,153442126.9,6,10,2,24,18,34,87,82,62,53,44,3,2,0,0,2,0,2,75,100,0,0,4,335,660,325,1,Deepa Verma,Neha Singh,22-04-2025,23-03-2026
UP-LKO-2026-10438,P004,Railway,Bihar,Siwan,XYZ Village,195/B,B,Rahul Devi,0.95 acres,Multi-crop,Disputed,3844.52,RURAL,26.9343,81.3842,14636087.64,2.71,0,39663797.5,79327595.01,1,1,16,30,35,37,49,103,88,45,147,0,2,0,0,2,0,0,100,50,100,0,1,296,447,151,1,Ramesh Sharma,Rahul Devi,20-04-2025,10-02-2026
UP-LKO-2026-10439,P008,Transmission,Uttar Pradesh,Kanpur,Bithoor,161/B,B,Manoj Kumar,2.09 acres,Commercial,Pending Review,8457.94,URBAN,26.9345,81.3852,28503257.8,1.34,200000,38394365.45,76788730.9,5,9,18,15,22,37,69,86,69,29,52,3,3,0,0,0,2,0,25,0,50,0,2,255,417,162,1,Sanjay Sharma,Manoj Kumar,15-05-2025,25-01-2026
UP-LKO-2026-10440,P004,Transmission,Maharashtra,Pune,Hinjewadi,172/1,1,Manoj Devi,4.21 acres,Multi-crop,Verified,17037.28,URBAN,26.9347,81.3862,55149675.36,1.73,200000,95608938.37,191217876.7,2,5,7,20,49,15,73,115,58,26,129,0,0,0,1,0,0,1,75,50,0,0,4,302,476,174,1,Arvind Das,Manoj Devi,20-01-2025,18-11-2025
UP-LKO-2026-10441,P009,Transmission,Uttar Pradesh,Lucknow,Malhaur,149/B,B,Pooja Kumar,2.87 acres,Agricultural,Verified,11614.49,URBAN,26.9349,81.3872,32044377.91,1.14,0,36530590.82,73061181.63,4,8,3,13,27,24,88,103,23,24,75,0,2,0,0,0,2,1,50,0,100,0,6,249,512,263,1,Deepa Yadav,Pooja Kumar,29-01-2025,05-10-2025
UP-LKO-2026-10442,P002,Transmission,Bihar,Siwan,XYZ Village,120/B,B,Manoj Kumar,2.48 acres,Agricultural,Pending Review,10036.21,RURAL,26.9351,81.3882,32186125.47,2.49,50000,80193452.42,160386904.8,10,10,2,16,37,45,67,51,22,15,79,1,1,2,0,1,2,1,50,0,0,3,5,237,493,256,1,Meena Iyer,Manoj Kumar,31-01-2025,25-09-2025
UP-LKO-2026-10443,P005,Highway,Maharashtra,Pune,Hinjewadi,74/B,B,Anjali Kumar,3.12 acres,Multi-crop,Pending Review,12626.2,URBAN,26.9353,81.3892,19052935.8,1.67,200000,32018402.79,64036805.57,8,9,0,20,50,28,78,92,82,42,0,0,0,1,0,3,2,2,25,0,100,2,9,317,812,495,1,Meena Verma,Anjali Kumar,31-05-2025,13-04-2026
UP-LKO-2026-10444,P002,Railway,Maharashtra,Nashik,Ozar,202/2A,2A,Rahul Yadav,2.49 acres,Agricultural,Disputed,10076.68,RURAL,26.9355,81.3902,15467703.8,2.63,200000,40880060.99,81760121.99,1,4,17,27,34,38,77,41,50,51,98,2,1,2,0,0,2,0,100,0,100,0,6,303,408,105,1,Meena Reddy,Rahul Yadav,04-08-2025,03-06-2026
UP-LKO-2026-10445,P003,Highway,Maharashtra,Nagpur,Butibori,142/3,3,Neha Singh,2.65 acres,Residential,Verified,10724.18,URBAN,26.9357,81.3912,22241949.32,1.29,50000,28742114.62,57484229.25,8,13,10,21,34,11,79,43,23,47,50,5,1,1,2,3,0,0,100,50,0,1,8,212,348,136,1,Sanjay Reddy,Neha Singh,22-10-2025,22-05-2026
UP-LKO-2026-10446,P004,Transmission,Uttar Pradesh,Varanasi,Sarnath,185/B,B,Anjali Sharma,0.61 acres,Commercial,Verified,2468.58,RURAL,26.9359,81.3922,5421001.68,2.55,50000,13873554.28,27747108.57,10,11,14,12,53,15,48,87,81,11,64,1,1,2,3,0,0,0,25,0,100,0,0,349,307,0,0,Sanjay Verma,Anjali Sharma,13-08-2025,28-07-2026
UP-LKO-2026-10447,P009,Transmission,Uttar Pradesh,Kanpur,Bithoor,25-Jan,1,Amit Sharma,3.28 acres,Agricultural,Active,13273.7,URBAN,26.9361,81.3932,14640891.1,1.25,200000,18501113.88,37002227.75,8,8,8,12,33,34,55,119,41,21,97,4,2,0,1,2,2,2,0,0,100,2,6,287,705,418,1,Arvind Patil,Amit Sharma,02-04-2025,14-01-2026
UP-LKO-2026-10448,P006,Railway,Uttar Pradesh,Kanpur,Bithoor,205/B,B,Ramesh Yadav,3.9 acres,Commercial,Pending Review,15782.75,URBAN,26.9363,81.3942,59011702.25,1.3,0,76715212.93,153430425.9,5,5,14,11,60,31,87,116,36,44,63,4,0,0,3,1,0,0,0,0,0,0,10,263,415,152,1,Arvind Sharma,Ramesh Yadav,17-04-2025,05-01-2026
UP-LKO-2026-10449,P007,Highway,Bihar,Patna,ABC Village,170/3,3,Rahul Singh,1.07 acres,Commercial,Verified,4330.14,RURAL,26.9365,81.3952,9660542.34,3.03,50000,29321443.29,58642886.58,2,3,14,20,35,33,49,94,74,26,82,3,3,1,0,1,0,2,50,0,100,0,6,212,601,389,1,Priya Singh,Rahul Singh,12-11-2025,12-06-2026
UP-LKO-2026-10450,P009,Highway,Tamil Nadu,Coonor,Hubbathala,122/1,1,Anjali Verma,3.93 acres,Residential,Disputed,15904.16,RURAL,26.9367,81.3962,61930799.04,3.29,0,203752328.8,407504657.7,10,15,10,17,59,18,48,66,77,49,45,3,3,1,3,1,0,0,0,0,50,0,4,308,364,56,1,Sanjay Singh,Anjali Verma,16-11-2025,20-09-2026
UP-LKO-2026-10451,P005,Railway,Bihar,Patna,ABC Village,59/A,A,Sunita Mishra,4.72 acres,Residential,Verified,19101.18,RURAL,26.9369,81.3972,23933778.54,2.37,50000,56773055.14,113546110.3,1,2,11,10,58,14,36,114,18,18,58,3,0,2,0,2,2,1,100,0,0,0,8,309,538,229,1,Kavita Yadav,Sunita Mishra,16-03-2025,19-01-2026
UP-LKO-2026-10452,P002,Highway,Bihar,Siwan,XYZ Village,16-Jan,1,Anjali Verma,4.46 acres,Multi-crop,Verified,18049,RURAL,26.9371,81.3982,24781277,3.93,200000,97590418.61,195180837.2,8,10,13,22,52,16,73,99,77,54,47,2,1,2,4,2,0,1,0,0,50,1,7,287,573,286,1,Kavita Patil,Anjali Verma,25-08-2025,08-06-2026
UP-LKO-2026-10453,P001,Railway,Bihar,Patna,ABC Village,174/A,A,Manoj Singh,3.85 acres,Residential,Active,15580.41,RURAL,26.9373,81.3992,32765602.23,2.07,50000,67874796.62,135749593.2,7,10,12,17,55,23,33,34,43,32,50,1,1,2,0,2,0,0,0,0,100,0,1,353,297,0,0,Ramesh Deshmukh,Manoj Singh,03-03-2025,19-02-2026
UP-LKO-2026-10454,P001,Railway,Tamil Nadu,Coonor,Hubbathala,46/B,B,Priya Yadav,4.77 acres,Multi-crop,Disputed,19303.52,RURAL,26.9375,81.4002,54686872.16,2.88,0,157498191.8,314996383.6,5,5,16,16,21,20,72,79,34,26,98,5,3,1,3,2,0,0,50,0,50,3,3,289,328,39,1,Sanjay Reddy,Priya Yadav,25-07-2025,10-05-2026
UP-LKO-2026-10455,P007,Highway,Uttar Pradesh,Kanpur,Bithoor,49/3,3,Neha Yadav,2.21 acres,Agricultural,Verified,8943.56,URBAN,26.9377,81.4012,32348856.52,1.91,50000,61836315.95,123672631.9,8,13,17,19,52,27,83,58,77,21,95,5,1,0,4,2,1,0,50,0,50,2,6,377,442,65,1,Rajesh Das,Neha Yadav,29-04-2025,11-05-2026
UP-LKO-2026-10456,P003,Railway,Tamil Nadu,Coonor,Hubbathala,60/B,B,Amit Verma,2.69 acres,Commercial,Pending Review,10886.05,RURAL,26.9379,81.4022,19834383.1,3.2,200000,63670025.92,127340051.8,1,4,15,19,58,27,47,34,56,25,25,3,1,2,3,2,0,1,50,0,50,2,9,374,446,72,1,Deepa Verma,Amit Verma,06-02-2025,15-02-2026
UP-LKO-2026-10457,P005,Highway,Bihar,Siwan,XYZ Village,182/B,B,Pooja Gupta,3.88 acres,Commercial,Pending Review,15701.82,RURAL,26.9381,81.4032,58614894.06,3.52,50000,206374427.1,412748854.2,8,13,0,19,53,39,45,37,69,49,0,3,3,1,1,3,1,0,50,0,100,1,10,361,446,85,1,Priya Singh,Pooja Gupta,28-06-2025,24-06-2026
UP-LKO-2026-10458,P009,Transmission,Tamil Nadu,Coonor,Hubbathala,88/3,3,Priya Sharma,2.22 acres,Multi-crop,Pending Review,8984.03,RURAL,26.9383,81.4042,19980482.72,3.07,50000,61390081.95,122780163.9,4,9,9,16,34,18,66,39,91,57,96,1,0,0,3,0,0,0,25,0,100,1,9,237,321,84,1,Sanjay Reddy,Priya Sharma,11-05-2025,03-01-2026
UP-LKO-2026-10459,P004,Transmission,Maharashtra,Nagpur,Butibori,133/2A,2A,Priya Devi,2.6 acres,Commercial,Verified,10521.84,URBAN,26.9385,81.4052,21243594.96,1.67,0,35476803.58,70953607.17,3,5,18,28,38,36,74,41,61,36,34,0,3,0,3,2,0,0,100,50,0,3,9,328,374,46,1,Anil Das,Priya Devi,14-09-2025,08-08-2026
UP-LKO-2026-10460,P006,Railway,Tamil Nadu,Chennai,Kolathur,107/2A,2A,Amit Kumar,2.12 acres,Agricultural,Active,8579.34,RURAL,26.9387,81.4062,11015872.56,3.62,200000,40077458.67,80154917.33,5,10,3,14,25,12,82,42,60,50,89,4,3,0,1,2,0,0,50,0,100,2,10,335,345,10,1,Kavita Joshi,Amit Kumar,15-01-2025,16-12-2025
UP-LKO-2026-10461,P006,Railway,Maharashtra,Nagpur,Butibori,247/2A,2A,Neha Singh,1.07 acres,Commercial,Disputed,4330.14,URBAN,26.9389,81.4072,10175829,1.26,200000,13021544.54,26043089.08,2,6,3,27,42,23,50,60,60,41,114,2,3,1,2,1,1,2,100,0,0,2,9,360,618,258,1,Kavita Sharma,Neha Singh,22-10-2025,17-10-2026
UP-LKO-2026-10462,P002,Highway,Bihar,Patna,ABC Village,75/2A,2A,Neha Singh,1.53 acres,Agricultural,Pending Review,6191.7,RURAL,26.9391,81.4082,23720402.7,2.76,50000,65518311.45,131036622.9,10,11,6,26,15,31,38,100,74,30,115,2,0,2,2,2,2,0,0,0,0,3,3,382,464,82,1,Sanjay Verma,Neha Singh,05-07-2025,22-07-2026
UP-LKO-2026-10463,P003,Highway,Maharashtra,Pune,Hinjewadi,136/3,3,Pooja Gupta,2.75 acres,Agricultural,Pending Review,11128.86,URBAN,26.9393,81.4092,38238762.96,1.44,50000,55113818.66,110227637.3,1,5,17,30,15,26,86,98,39,28,72,0,2,2,2,2,0,0,0,0,0,1,2,210,382,172,1,Rajesh Singh,Pooja Gupta,22-10-2025,20-05-2026
UP-LKO-2026-10464,P004,Transmission,Uttar Pradesh,Varanasi,Sarnath,13/2A,2A,Pooja Sharma,3.52 acres,Agricultural,Active,14244.95,RURAL,26.9395,81.4102,43432852.55,2.55,0,110753774,221507548,4,4,6,13,36,23,36,31,42,41,147,1,1,1,1,2,1,0,0,0,100,3,2,305,327,22,1,Ramesh Yadav,Pooja Sharma,07-10-2025,08-08-2026
UP-LKO-2026-10465,P007,Transmission,Tamil Nadu,Karaikudi,Kanadukathan,71/A,A,Manoj Gupta,2.57 acres,Multi-crop,Disputed,10400.43,RURAL,26.9397,81.4112,26365090.05,2.61,200000,69012885.03,138025770.1,10,14,15,24,60,35,72,83,25,40,41,4,2,0,3,0,1,2,25,0,100,1,8,293,624,331,1,Priya Joshi,Manoj Gupta,05-04-2025,23-01-2026
UP-LKO-2026-10466,P009,Transmission,Uttar Pradesh,Lucknow,Malhaur,121/1,1,Manoj Gupta,2.23 acres,Agricultural,Disputed,9024.5,URBAN,26.9399,81.4122,20512688.5,1.49,0,30563905.87,61127811.73,9,11,5,14,38,19,53,53,21,18,68,0,3,0,3,3,0,0,50,0,0,0,8,381,306,0,0,Suresh Yadav,Manoj Gupta,28-03-2025,13-04-2026
UP-LKO-2026-10467,P001,Railway,Uttar Pradesh,Kanpur,Bithoor,217/2A,2A,Anjali Gupta,1.89 acres,Residential,Active,7648.57,URBAN,26.9401,81.4132,25026121.04,1.16,50000,29080300.41,58160600.81,6,6,6,23,40,36,46,33,49,29,135,3,3,0,1,2,0,2,75,0,100,3,3,328,556,228,1,Ramesh Yadav,Anjali Gupta,05-07-2025,29-05-2026
UP-LKO-2026-10468,P002,Transmission,Uttar Pradesh,Lucknow,Malhaur,230/3,3,Vikram Singh,4.66 acres,Multi-crop,Disputed,18858.37,URBAN,26.9403,81.4142,45731547.25,1.83,200000,83888731.47,167777462.9,10,15,2,23,36,15,71,85,93,50,32,4,1,0,0,0,2,0,50,0,0,1,2,339,463,124,1,Ramesh Reddy,Vikram Singh,02-11-2025,07-10-2026
UP-LKO-2026-10469,P002,Highway,Maharashtra,Nashik,Ozar,133/1,1,Vikram Kumar,2.53 acres,Multi-crop,Disputed,10238.56,RURAL,26.9405,81.4152,23548688,3.07,0,72294472.16,144588944.3,2,6,3,14,59,10,66,33,62,58,106,2,3,0,0,0,2,0,50,0,0,0,0,349,392,43,1,Suresh Joshi,Vikram Kumar,17-08-2025,01-08-2026
UP-LKO-2026-10470,P001,Transmission,Bihar,Patna,ABC Village,67/A,A,Pooja Gupta,4.69 acres,Multi-crop,Active,18979.77,RURAL,26.9407,81.4162,45608387.31,3.65,50000,166520613.7,333041227.4,1,3,5,18,60,20,53,34,79,28,95,2,2,1,3,0,0,0,100,0,100,1,1,265,292,27,1,Sanjay Verma,Pooja Gupta,02-01-2025,24-09-2025
UP-LKO-2026-10471,P001,Highway,Maharashtra,Nashik,Ozar,168/1,1,Ramesh Singh,2.54 acres,Multi-crop,Active,10279.02,RURAL,26.9409,81.4172,15408250.98,2.58,0,39753287.53,79506575.06,1,2,8,16,26,18,31,75,49,13,128,2,2,0,0,2,1,0,25,0,50,2,8,302,333,31,1,Suresh Patil,Ramesh Singh,07-10-2025,05-08-2026
UP-LKO-2026-10472,P007,Highway,Bihar,Siwan,XYZ Village,51/3,3,Vikram Gupta,4.61 acres,Commercial,Active,18656.02,RURAL,26.9411,81.4182,37983656.72,3.85,0,146237078.4,292474156.7,3,3,11,13,41,33,85,30,63,28,125,4,0,2,1,3,0,0,50,0,0,3,1,345,383,38,1,Deepa Sharma,Vikram Gupta,16-12-2025,26-11-2026
UP-LKO-2026-10473,P009,Transmission,Maharashtra,Pune,Hinjewadi,33/A,A,Amit Kumar,3.14 acres,Agricultural,Disputed,12707.14,URBAN,26.9413,81.4192,48439617.68,1.13,50000,54786767.98,109573536,3,8,19,11,30,29,80,51,93,54,117,0,1,1,2,0,0,0,50,0,100,2,3,237,348,111,1,Arvind Das,Amit Kumar,03-03-2025,26-10-2025
UP-LKO-2026-10474,P006,Railway,Tamil Nadu,Chennai,Kolathur,210/A,A,Anjali Singh,0.58 acres,Agricultural,Verified,2347.18,RURAL,26.9415,81.4202,7872441.72,3.87,50000,30516349.46,61032698.91,6,9,13,19,26,37,70,31,64,40,106,5,0,2,1,2,2,0,75,50,50,3,1,223,437,214,1,Arvind Sharma,Anjali Singh,15-12-2025,26-07-2026
UP-LKO-2026-10475,P002,Highway,Maharashtra,Nagpur,Butibori,23-Mar,3,Priya Kumar,1.09 acres,Residential,Disputed,4411.08,URBAN,26.9417,81.4212,13828735.8,1.67,50000,23143988.79,46287977.57,9,14,18,21,16,34,52,119,81,28,77,2,1,1,1,1,0,0,25,0,50,0,10,239,381,142,1,Suresh Deshmukh,Priya Kumar,24-02-2025,21-10-2025
UP-LKO-2026-10476,P006,Highway,Tamil Nadu,Coonor,Hubbathala,57/2A,2A,Vikram Verma,1.41 acres,Multi-crop,Disputed,5706.07,RURAL,26.9419,81.4222,9974210.36,2.45,50000,24486815.38,48973630.76,3,8,8,25,38,10,80,116,19,54,46,3,0,0,3,2,2,2,75,0,100,3,6,260,732,472,1,Ramesh Reddy,Vikram Verma,19-03-2025,04-12-2025
UP-LKO-2026-10477,P007,Railway,Uttar Pradesh,Varanasi,Sarnath,78/3,3,Amit Singh,1.55 acres,Agricultural,Pending Review,6272.63,RURAL,26.9421,81.4232,19150339.39,3.5,200000,67226187.87,134452375.7,6,9,14,14,15,10,83,42,80,43,58,3,2,1,3,0,0,2,0,0,50,3,0,292,527,235,1,Anil Deshmukh,Amit Singh,23-11-2025,11-09-2026
UP-LKO-2026-10478,P008,Highway,Tamil Nadu,Coonor,Hubbathala,104/A,A,Ramesh Sharma,2.08 acres,Residential,Verified,8417.47,RURAL,26.9423,81.4242,19823141.85,2.05,200000,40837440.79,81674881.59,6,7,17,29,39,30,68,51,39,59,72,0,2,2,3,3,2,0,75,50,50,3,8,289,495,206,1,Priya Das,Ramesh Sharma,14-11-2025,30-08-2026
UP-LKO-2026-10479,P006,Transmission,Uttar Pradesh,Kanpur,Bithoor,69/3,3,Vikram Verma,4.48 acres,Multi-crop,Active,18129.93,URBAN,26.9425,81.4252,29859994.71,1.95,50000,58276989.68,116553979.4,5,7,3,15,55,24,68,30,42,22,103,2,3,1,3,2,0,0,100,0,50,0,1,292,316,24,1,Suresh Yadav,Vikram Verma,26-03-2025,12-01-2026
UP-LKO-2026-10480,P001,Railway,Maharashtra,Nashik,Ozar,83/A,A,Pooja Kumar,4.93 acres,Agricultural,Disputed,19951.02,RURAL,26.9427,81.4262,47523329.64,3.91,50000,185866218.9,371732437.8,6,7,17,11,34,42,81,68,43,31,103,4,2,2,3,1,1,2,75,100,50,3,9,293,625,332,1,Kavita Yadav,Pooja Kumar,05-05-2025,22-02-2026
UP-LKO-2026-10481,P007,Highway,Tamil Nadu,Coonor,Hubbathala,140/1,1,Pooja Verma,3.26 acres,Residential,Disputed,13192.76,RURAL,26.9429,81.4272,17994924.64,3.06,50000,55114469.4,110228938.8,3,6,16,10,51,38,61,60,27,33,78,0,1,0,2,1,2,1,75,50,100,0,7,371,520,149,1,Meena Verma,Pooja Verma,21-02-2025,27-02-2026
UP-LKO-2026-10482,P001,Transmission,Uttar Pradesh,Lucknow,Malhaur,106/2A,2A,Amit Singh,2.19 acres,Residential,Pending Review,8862.62,URBAN,26.9431,81.4282,26437195.46,1.99,50000,52660018.97,105320037.9,2,2,4,17,39,14,77,51,45,18,67,5,1,2,4,2,2,0,25,0,0,1,2,232,411,179,1,Suresh Deshmukh,Amit Singh,16-03-2025,03-11-2025
UP-LKO-2026-10483,P008,Transmission,Uttar Pradesh,Varanasi,Sarnath,77/B,B,Ramesh Mishra,1.93 acres,Agricultural,Verified,7810.44,RURAL,26.9433,81.4292,24532592.04,3.22,50000,79044946.37,158089892.7,3,7,18,27,46,31,82,86,34,22,22,5,3,0,1,2,1,1,25,0,50,0,7,377,553,176,1,Rajesh Deshmukh,Ramesh Mishra,23-04-2025,05-05-2026
UP-LKO-2026-10484,P008,Highway,Bihar,Muzaffarpur,PQR Village,146/A,A,Anjali Kumar,0.84 acres,Multi-crop,Verified,3399.36,RURAL,26.9435,81.4302,13189516.8,3.19,0,42074558.59,84149117.18,8,9,10,14,30,37,36,53,25,52,150,0,0,1,4,0,2,2,75,0,50,0,0,284,577,293,1,Kavita Verma,Anjali Kumar,28-06-2025,08-04-2026
UP-LKO-2026-10485,P007,Transmission,Maharashtra,Nagpur,Butibori,110/1,1,Priya Sharma,1.71 acres,Multi-crop,Pending Review,6920.13,URBAN,26.9437,81.4312,15272726.91,1.9,200000,29218181.13,58436362.26,6,11,14,14,49,14,73,105,27,50,43,0,3,0,0,0,1,2,100,100,0,1,6,311,617,306,1,Arvind Deshmukh,Priya Sharma,14-04-2025,19-02-2026
UP-LKO-2026-10486,P001,Transmission,Uttar Pradesh,Kanpur,Bithoor,105/1,1,Sunita Sharma,0.8 acres,Commercial,Active,3237.49,URBAN,26.9439,81.4322,12305699.49,1.27,0,15628238.35,31256476.7,2,7,1,10,33,10,30,72,38,38,58,3,0,1,0,0,1,0,50,0,50,0,10,231,276,45,1,Priya Verma,Sunita Sharma,03-05-2025,20-12-2025
UP-LKO-2026-10487,P005,Railway,Uttar Pradesh,Lucknow,Malhaur,117/2A,2A,Pooja Kumar,1.69 acres,Multi-crop,Pending Review,6839.19,URBAN,26.9441,81.4332,14396494.95,1.02,50000,14734424.85,29468849.7,1,6,9,17,27,26,65,103,57,55,103,5,3,2,4,0,1,2,0,0,100,3,2,396,635,239,1,Kavita Yadav,Pooja Kumar,07-05-2025,07-06-2026
UP-LKO-2026-10488,P007,Highway,Tamil Nadu,Chennai,Kolathur,120/2A,2A,Vikram Singh,0.78 acres,Multi-crop,Disputed,3156.55,RURAL,26.9443,81.4342,6253125.55,2.78,50000,17433689.03,34867378.06,7,8,15,18,22,33,64,91,59,39,124,1,3,1,2,2,2,1,50,0,100,1,1,287,596,309,1,Rajesh Reddy,Vikram Singh,23-11-2025,06-09-2026
UP-LKO-2026-10489,P003,Railway,Maharashtra,Pune,Hinjewadi,230/2A,2A,Priya Kumar,1.45 acres,Commercial,Verified,5867.95,URBAN,26.9445,81.4352,6765746.35,1.57,0,10622221.77,21244443.54,4,5,20,25,22,11,32,120,50,23,131,4,1,0,2,0,1,0,0,0,0,0,9,290,328,38,1,Anil Sharma,Priya Kumar,21-02-2025,08-12-2025
UP-LKO-2026-10490,P005,Transmission,Tamil Nadu,Coonor,Hubbathala,178/B,B,Sunita Yadav,1.62 acres,Agricultural,Pending Review,6555.91,RURAL,26.9447,81.4362,12403781.72,3.67,0,45521878.91,91043757.82,3,5,10,23,59,16,35,74,41,11,37,3,0,1,4,2,0,0,100,0,50,0,6,239,319,80,1,Anil Yadav,Sunita Yadav,22-08-2025,18-04-2026
UP-LKO-2026-10491,P004,Railway,Uttar Pradesh,Kanpur,Bithoor,120/A,A,Sunita Singh,4.53 acres,Agricultural,Pending Review,18332.28,URBAN,26.9449,81.4372,53346934.8,1.85,50000,98741829.38,197483658.8,9,12,2,12,37,38,77,30,81,20,36,4,2,0,4,2,1,0,50,0,50,3,2,211,400,189,1,Kavita Iyer,Sunita Singh,20-12-2025,19-07-2026
UP-LKO-2026-10492,P001,Transmission,Uttar Pradesh,Kanpur,Bithoor,112/B,B,Amit Devi,2.41 acres,Residential,Active,9752.93,URBAN,26.9451,81.4382,15604688,1.52,50000,23769125.76,47538251.52,4,9,7,21,49,43,51,96,45,21,58,4,3,0,2,2,2,0,75,0,0,2,1,252,476,224,1,Rajesh Singh,Amit Devi,28-04-2025,05-01-2026
UP-LKO-2026-10493,P008,Transmission,Uttar Pradesh,Lucknow,Malhaur,34/A,A,Ramesh Mishra,1.89 acres,Residential,Active,7648.57,URBAN,26.9453,81.4392,13882154.55,1.92,200000,26853736.74,53707473.47,8,12,8,28,37,21,51,82,69,37,78,2,3,1,0,3,1,0,25,0,50,1,9,233,460,227,1,Anil Reddy,Ramesh Mishra,17-02-2025,08-10-2025
UP-LKO-2026-10494,P001,Railway,Bihar,Muzaffarpur,PQR Village,111/B,B,Pooja Devi,4.14 acres,Commercial,Pending Review,16754,RURAL,26.9455,81.4402,25030476,2.31,0,57820399.56,115640799.1,1,5,19,16,49,30,50,69,33,26,85,0,2,2,4,3,0,0,75,100,0,2,0,334,363,29,1,Meena Singh,Pooja Devi,07-02-2025,07-01-2026
UP-LKO-2026-10495,P009,Highway,Bihar,Muzaffarpur,PQR Village,163/2A,2A,Vikram Sharma,2.44 acres,Commercial,Verified,9874.34,RURAL,26.9457,81.4412,35103278.7,2.27,0,79684442.65,159368885.3,3,6,11,14,37,17,50,105,69,50,127,0,3,1,0,3,2,0,25,0,50,1,7,303,522,219,1,Rajesh Deshmukh,Vikram Sharma,03-07-2025,02-05-2026
UP-LKO-2026-10496,P001,Railway,Tamil Nadu,Coonor,Hubbathala,17-Jan,1,Amit Kumar,4.67 acres,Commercial,Active,18898.84,RURAL,26.9459,81.4422,29425493.88,2.93,0,86216697.07,172433394.1,5,9,8,23,27,35,71,100,18,16,60,2,3,1,2,0,1,0,50,0,0,1,1,332,335,3,1,Sanjay Patil,Amit Kumar,19-10-2025,16-09-2026
UP-LKO-2026-10497,P009,Transmission,Tamil Nadu,Chennai,Kolathur,205/2A,2A,Anjali Kumar,1.38 acres,Multi-crop,Pending Review,5584.67,RURAL,26.9461,81.4432,6064951.62,2.38,200000,14634584.86,29269169.71,6,8,14,23,39,10,64,70,54,48,67,4,1,0,4,2,0,0,100,0,0,2,7,215,368,153,1,Ramesh Joshi,Anjali Kumar,24-12-2025,27-07-2026
UP-LKO-2026-10498,P003,Highway,Tamil Nadu,Coonor,Hubbathala,177/2A,2A,Amit Mishra,3.05 acres,Commercial,Active,12342.92,RURAL,26.9463,81.4442,21859311.32,3.48,0,76070403.39,152140806.8,10,14,11,21,21,29,37,74,85,55,46,5,0,1,1,1,1,0,50,0,0,0,7,244,397,153,1,Arvind Iyer,Amit Mishra,21-09-2025,23-05-2026
UP-LKO-2026-10499,P003,Railway,Bihar,Siwan,XYZ Village,195/A,A,Sunita Devi,3.72 acres,Commercial,Active,15054.32,RURAL,26.9465,81.4452,30138748.64,2.07,0,62387209.68,124774419.4,7,10,19,10,17,35,62,103,68,43,25,1,0,2,2,0,2,0,25,0,0,1,6,228,428,200,1,Arvind Patil,Sunita Devi,23-10-2025,08-06-2026
UP-LKO-2026-10500,P002,Railway,Uttar Pradesh,Varanasi,Sarnath,44/B,B,Priya Verma,2.1 acres,Agricultural,Verified,8498.41,RURAL,26.9467,81.4462,12747615,4,50000,51040460,102080920,8,11,12,25,42,12,62,65,40,37,69,2,2,1,1,2,0,0,75,0,50,0,5,381,343,0,0,Kavita Das,Priya Verma,24-07-2025,09-08-2026
UP-LKO-2026-10501,P005,Railway,Maharashtra,Nashik,Ozar,100/1,1,Vikram Gupta,2.48 acres,Commercial,Pending Review,10036.21,RURAL,26.9469,81.4472,23404441.72,3.3,200000,77434657.68,154869315.4,3,8,15,15,50,45,79,89,99,49,80,1,1,0,3,3,0,2,75,0,0,0,5,274,756,482,1,Kavita Deshmukh,Vikram Gupta,25-05-2025,23-02-2026
UP-LKO-2026-10502,P002,Railway,Maharashtra,Pune,Hinjewadi,166/1,1,Sunita Devi,3.46 acres,Residential,Pending Review,14002.14,URBAN,26.9471,81.4482,30258624.54,1.6,0,48413799.26,96827598.53,3,4,15,28,37,24,37,119,34,43,120,4,0,0,1,0,0,0,25,0,50,1,8,358,322,0,0,Anil Verma,Sunita Devi,05-09-2025,29-08-2026
UP-LKO-2026-10503,P002,Highway,Bihar,Muzaffarpur,PQR Village,183/2A,2A,Manoj Singh,4.44 acres,Multi-crop,Disputed,17968.06,RURAL,26.9473,81.4492,68745797.56,3.62,0,248859787.2,497719574.3,4,4,12,27,35,18,75,53,31,32,106,5,3,2,2,0,1,1,0,0,100,1,7,306,436,130,1,Arvind Iyer,Manoj Singh,03-04-2025,03-02-2026
UP-LKO-2026-10504,P008,Railway,Uttar Pradesh,Lucknow,Malhaur,82/A,A,Anjali Mishra,1.62 acres,Residential,Pending Review,6555.91,URBAN,26.9475,81.4502,18166426.61,1.75,50000,31841246.57,63682493.14,9,13,7,24,51,41,33,113,57,13,33,1,2,0,1,3,2,2,0,0,100,1,10,331,752,421,1,Priya Deshmukh,Anjali Mishra,16-03-2025,10-02-2026
UP-LKO-2026-10505,P003,Transmission,Uttar Pradesh,Lucknow,Malhaur,66/3,3,Rahul Gupta,1.14 acres,Multi-crop,Active,4613.42,URBAN,26.9477,81.4512,15764056.14,1.83,200000,29048222.74,58096445.47,4,5,13,29,44,30,55,47,48,12,93,2,2,0,0,3,2,1,100,50,0,1,3,253,565,312,1,Arvind Deshmukh,Rahul Gupta,28-07-2025,07-04-2026
UP-LKO-2026-10506,P003,Railway,Tamil Nadu,Coonor,Hubbathala,51/A,A,Ramesh Mishra,3.95 acres,Agricultural,Verified,15985.1,RURAL,26.9479,81.4522,29364628.7,3.36,50000,98715152.43,197430304.9,7,10,19,22,59,38,46,51,53,11,73,4,2,2,4,1,1,0,50,0,0,1,0,348,355,7,1,Ramesh Das,Ramesh Mishra,07-03-2025,18-02-2026
UP-LKO-2026-10507,P009,Railway,Maharashtra,Pune,Hinjewadi,214/1,1,Neha Yadav,3.67 acres,Commercial,Active,14851.98,URBAN,26.9481,81.4532,23154236.82,1.51,50000,35012897.6,70025795.2,7,7,12,13,57,25,43,68,30,31,20,3,2,2,0,0,1,0,25,0,50,0,4,335,312,0,0,Meena Joshi,Neha Yadav,24-03-2025,22-02-2026
UP-LKO-2026-10508,P007,Railway,Tamil Nadu,Karaikudi,Kanadukathan,34/B,B,Vikram Devi,0.87 acres,Multi-crop,Disputed,3520.77,RURAL,26.9483,81.4542,8696301.9,2.04,50000,17790455.88,35580911.75,2,5,4,30,53,11,33,70,56,40,78,3,1,0,0,2,2,0,100,100,0,0,10,276,443,167,1,Suresh Singh,Vikram Devi,01-05-2025,01-02-2026
UP-LKO-2026-10509,P002,Transmission,Tamil Nadu,Coonor,Hubbathala,180/A,A,Neha Kumar,4.98 acres,Multi-crop,Pending Review,20153.36,RURAL,26.9485,81.4552,60439926.64,2.69,200000,162783402.7,325566805.3,2,4,5,28,47,11,33,50,75,46,140,1,2,1,1,2,0,2,50,0,0,3,2,382,590,208,1,Sanjay Verma,Neha Kumar,15-01-2025,01-02-2026
UP-LKO-2026-10510,P005,Transmission,Tamil Nadu,Chennai,Kolathur,181/3,3,Anjali Gupta,1.47 acres,Commercial,Active,5948.88,RURAL,26.9487,81.4562,9423025.92,3.52,0,33169051.24,66338102.48,4,8,7,23,41,29,87,37,39,42,130,1,2,1,0,2,0,1,100,50,100,3,1,283,478,195,1,Meena Das,Anjali Gupta,17-05-2025,24-02-2026
UP-LKO-2026-10511,P005,Highway,Bihar,Patna,ABC Village,103/1,1,Ramesh Sharma,4.87 acres,Multi-crop,Pending Review,19708.21,RURAL,26.9489,81.4572,43653685.15,2.55,200000,111516897.1,223033794.3,8,11,0,19,36,34,61,98,75,60,0,2,0,2,2,1,2,0,75,100,100,1,10,226,503,277,1,Rajesh Deshmukh,Ramesh Sharma,07-12-2025,21-07-2026
UP-LKO-2026-10512,P002,Railway,Bihar,Patna,ABC Village,234/B,B,Amit Yadav,0.94 acres,Residential,Disputed,3804.05,RURAL,26.9491,81.4582,6938587.2,2.41,0,16721995.15,33443990.3,6,9,16,30,28,20,53,71,59,45,23,2,0,2,4,1,0,1,75,0,100,2,2,232,456,224,1,Priya Singh,Amit Yadav,23-05-2025,10-01-2026
UP-LKO-2026-10513,P002,Transmission,Bihar,Muzaffarpur,PQR Village,110/1,1,Amit Verma,1.91 acres,Commercial,Disputed,7729.5,RURAL,26.9493,81.4592,15513106.5,3.29,0,51038120.39,102076240.8,7,8,16,28,39,35,72,95,62,48,31,4,1,1,0,3,0,1,75,100,100,1,9,347,589,242,1,Suresh Yadav,Amit Verma,15-01-2025,28-12-2025
UP-LKO-2026-10514,P001,Highway,Tamil Nadu,Coonor,Hubbathala,240/2A,2A,Vikram Singh,2.87 acres,Residential,Verified,11614.49,RURAL,26.9495,81.4602,23112835.1,2.23,0,51541622.27,103083244.5,2,5,6,11,22,10,57,113,31,54,139,5,0,2,3,1,2,0,25,0,0,3,1,341,418,77,1,Priya Reddy,Vikram Singh,11-10-2025,17-09-2026
UP-LKO-2026-10515,P003,Highway,Bihar,Siwan,XYZ Village,62/1,1,Anjali Sharma,4.92 acres,Agricultural,Pending Review,19910.55,RURAL,26.9497,81.4612,65505709.5,3.86,200000,253052038.7,506104077.3,4,9,6,25,41,36,41,47,40,30,29,1,3,0,1,3,1,0,50,0,100,1,8,261,395,134,1,Priya Reddy,Anjali Sharma,05-06-2025,21-02-2026
UP-LKO-2026-10516,P005,Transmission,Bihar,Muzaffarpur,PQR Village,37/2A,2A,Vikram Mishra,3.87 acres,Residential,Pending Review,15661.35,RURAL,26.9499,81.4622,24212447.1,2.69,50000,65181482.7,130362965.4,3,7,5,29,56,26,72,56,22,22,122,4,3,1,4,2,2,0,100,0,100,1,1,279,433,154,1,Sanjay Sharma,Vikram Mishra,09-07-2025,14-04-2026
UP-LKO-2026-10517,P002,Transmission,Uttar Pradesh,Kanpur,Bithoor,12/A,A,Pooja Verma,1.76 acres,Multi-crop,Pending Review,7122.47,URBAN,26.9501,81.4632,13575427.82,1,0,13575427.82,27150855.64,7,7,0,14,52,10,41,98,33,11,0,2,2,1,3,1,0,0,50,0,100,1,6,206,289,83,1,Kavita Sharma,Pooja Verma,17-11-2025,11-06-2026
UP-LKO-2026-10518,P001,Railway,Tamil Nadu,Chennai,Kolathur,237/1,1,Manoj Yadav,2.96 acres,Multi-crop,Pending Review,11978.71,RURAL,26.9503,81.4642,32138878.93,2.36,0,75847754.27,151695508.5,5,10,10,10,58,29,58,85,40,58,48,5,3,2,2,2,1,0,75,100,100,1,1,381,443,62,1,Meena Reddy,Manoj Yadav,20-10-2025,05-11-2026
UP-LKO-2026-10519,P001,Railway,Tamil Nadu,Chennai,Kolathur,87/3,3,Pooja Yadav,1.98 acres,Agricultural,Active,8012.78,RURAL,26.9505,81.4652,12788396.88,3.57,200000,45854576.86,91709153.72,7,9,2,15,44,15,84,58,86,53,101,2,2,0,4,3,1,0,25,0,50,2,3,268,490,222,1,Ramesh Verma,Pooja Yadav,11-11-2025,06-08-2026
UP-LKO-2026-10520,P002,Highway,Tamil Nadu,Coonor,Hubbathala,214/B,B,Ramesh Gupta,4.16 acres,Multi-crop,Pending Review,16834.94,RURAL,26.9507,81.4662,58652930.96,2.98,200000,174985734.3,349971468.5,9,11,1,15,28,26,72,42,91,48,46,3,1,0,2,3,1,0,75,50,100,2,3,296,457,161,1,Rajesh Iyer,Ramesh Gupta,11-01-2025,03-11-2025
UP-LKO-2026-10521,P002,Transmission,Maharashtra,Nagpur,Butibori,101/2A,2A,Amit Singh,4.29 acres,Residential,Verified,17361.03,URBAN,26.9509,81.4672,44791457.4,1.6,200000,71866331.84,143732663.7,10,11,19,28,21,13,32,67,100,60,141,3,2,0,1,3,1,0,75,100,100,0,2,278,456,178,1,Suresh Das,Amit Singh,11-05-2025,13-02-2026
UP-LKO-2026-10522,P008,Railway,Maharashtra,Nagpur,Butibori,109/2A,2A,Priya Mishra,0.81 acres,Residential,Verified,3277.96,URBAN,26.9511,81.4682,6624757.16,1.29,50000,8595936.736,17191873.47,7,11,10,15,42,37,73,114,91,38,21,1,3,1,1,1,2,0,25,0,50,0,6,289,530,241,1,Anil Iyer,Priya Mishra,07-02-2025,23-11-2025
UP-LKO-2026-10523,P004,Transmission,Bihar,Muzaffarpur,PQR Village,76/3,3,Rahul Devi,3.64 acres,Agricultural,Pending Review,14730.57,RURAL,26.9513,81.4692,42217813.62,3.38,200000,142896210,285792420.1,1,1,0,19,51,11,78,94,46,14,0,2,2,1,4,2,2,0,0,0,100,3,5,263,463,200,1,Kavita Yadav,Rahul Devi,01-08-2025,21-04-2026
UP-LKO-2026-10524,P006,Railway,Bihar,Siwan,XYZ Village,155/A,A,Pooja Kumar,2.17 acres,Commercial,Disputed,8781.69,RURAL,26.9515,81.4702,18889415.19,3.19,50000,60307234.46,120614468.9,7,8,15,26,30,36,62,106,19,25,59,2,2,1,0,0,0,1,100,0,0,3,1,384,424,40,1,Deepa Reddy,Pooja Kumar,23-08-2025,11-09-2026
UP-LKO-2026-10525,P001,Transmission,Maharashtra,Nagpur,Butibori,106/B,B,Rahul Sharma,1.87 acres,Agricultural,Disputed,7567.63,URBAN,26.9517,81.4712,22929918.9,1.55,200000,35741374.3,71482748.59,4,8,20,28,48,28,73,88,33,18,94,2,2,0,3,2,0,0,50,0,0,2,9,315,376,61,1,Kavita Verma,Rahul Sharma,19-07-2025,30-05-2026
UP-LKO-2026-10526,P004,Highway,Uttar Pradesh,Varanasi,Sarnath,37/2A,2A,Neha Gupta,2.79 acres,Residential,Disputed,11290.74,RURAL,26.9519,81.4722,39483717.78,3.03,200000,119835664.9,239671329.7,9,14,3,25,55,29,43,42,82,14,127,5,2,2,2,3,2,0,75,0,50,0,7,285,470,185,1,Meena Patil,Neha Gupta,23-12-2025,04-10-2026
UP-LKO-2026-10527,P001,Railway,Uttar Pradesh,Lucknow,Malhaur,51/B,B,Amit Devi,3.23 acres,Residential,Pending Review,13071.36,URBAN,26.9521,81.4732,21920670.72,1.77,0,38799587.17,77599174.35,1,3,20,17,53,24,41,33,63,60,100,3,1,0,2,0,1,0,25,0,50,2,9,304,336,32,1,Anil Iyer,Amit Devi,14-09-2025,15-07-2026
UP-LKO-2026-10528,P001,Railway,Maharashtra,Pune,Hinjewadi,13-Jan,1,Ramesh Verma,3.65 acres,Agricultural,Active,14771.04,URBAN,26.9523,81.4742,55849302.24,1.85,0,103321209.1,206642418.3,5,5,1,25,40,27,36,54,34,24,44,4,3,0,1,3,1,1,75,50,0,3,10,395,495,100,1,Ramesh Deshmukh,Ramesh Verma,27-09-2025,27-10-2026
UP-LKO-2026-10529,P002,Transmission,Bihar,Muzaffarpur,PQR Village,202/1,1,Manoj Devi,3.43 acres,Multi-crop,Verified,13880.73,RURAL,26.9525,81.4752,26151295.32,2.61,200000,68454880.79,136909761.6,2,3,8,15,19,24,82,97,70,39,146,1,1,2,3,3,0,0,50,0,100,2,10,265,436,171,1,Arvind Iyer,Manoj Devi,22-12-2025,13-09-2026
UP-LKO-2026-10530,P009,Highway,Bihar,Muzaffarpur,PQR Village,246/2A,2A,Pooja Mishra,4.72 acres,Commercial,Pending Review,19101.18,RURAL,26.9527,81.4762,67159748.88,2.58,0,173272152.1,346544304.2,3,5,3,13,48,21,64,39,37,40,99,4,0,1,2,1,2,0,75,0,50,3,5,227,382,155,1,Sanjay Deshmukh,Pooja Mishra,20-12-2025,04-08-2026
UP-LKO-2026-10531,P003,Railway,Uttar Pradesh,Lucknow,Malhaur,234/B,B,Priya Verma,2.06 acres,Multi-crop,Disputed,8336.53,URBAN,26.9529,81.4772,18382048.65,1.4,50000,25784868.11,51569736.22,1,1,20,21,60,23,33,61,24,55,112,4,1,0,3,1,0,0,75,50,100,0,4,282,307,25,1,Kavita Singh,Priya Verma,11-03-2025,18-12-2025
UP-LKO-2026-10532,P007,Railway,Tamil Nadu,Coonor,Hubbathala,56/3,3,Pooja Mishra,3.8 acres,Residential,Disputed,15378.07,RURAL,26.9531,81.4782,35769390.82,2.27,50000,81246517.16,162493034.3,3,3,3,12,37,42,90,97,54,55,91,1,2,0,1,0,1,0,75,0,0,0,6,314,432,118,1,Suresh Verma,Pooja Mishra,06-03-2025,14-01-2026
UP-LKO-2026-10533,P002,Railway,Maharashtra,Nagpur,Butibori,192/1,1,Amit Verma,1.64 acres,Agricultural,Pending Review,6636.85,URBAN,26.9533,81.4792,17361999.6,1.35,0,23438699.46,46877398.92,4,6,9,29,30,12,66,43,85,45,98,1,2,1,2,0,0,0,75,50,100,3,1,278,310,32,1,Deepa Sharma,Amit Verma,24-02-2025,29-11-2025
UP-LKO-2026-10534,P008,Highway,Maharashtra,Nagpur,Butibori,122/B,B,Ramesh Devi,1.29 acres,Residential,Disputed,5220.45,URBAN,26.9535,81.4802,10675820.25,1.74,50000,18625927.24,37251854.47,9,14,19,23,30,11,56,80,16,24,64,4,3,1,2,0,0,0,50,0,50,1,7,393,240,0,0,Meena Patil,Ramesh Devi,14-01-2025,11-02-2026
UP-LKO-2026-10535,P002,Transmission,Tamil Nadu,Karaikudi,Kanadukathan,87/B,B,Amit Mishra,0.76 acres,Residential,Active,3075.61,RURAL,26.9537,81.4812,12074844.86,3.58,200000,43427944.6,86855889.2,9,12,14,23,38,32,82,84,96,10,148,1,2,0,3,3,2,2,50,0,0,3,6,341,785,444,1,Deepa Yadav,Amit Mishra,18-02-2025,25-01-2026
UP-LKO-2026-10536,P008,Highway,Tamil Nadu,Chennai,Kolathur,196/B,B,Priya Sharma,1.27 acres,Commercial,Pending Review,5139.51,RURAL,26.9539,81.4822,10803250.02,3.19,200000,34662367.56,69324735.13,2,7,1,26,31,21,51,73,18,19,150,2,0,0,2,2,1,2,50,0,100,2,8,392,584,192,1,Arvind Das,Priya Sharma,05-04-2025,02-05-2026
UP-LKO-2026-10537,P002,Transmission,Maharashtra,Nagpur,Butibori,197/2A,2A,Priya Devi,2.07 acres,Agricultural,Pending Review,8377,URBAN,26.9541,81.4832,12314190,1.62,50000,19998987.8,39997975.6,10,12,6,24,34,42,50,116,69,41,124,1,2,0,4,3,1,0,100,100,100,0,3,279,511,232,1,Priya Patil,Priya Devi,05-06-2025,11-03-2026
UP-LKO-2026-10538,P009,Highway,Maharashtra,Nashik,Ozar,136/3,3,Neha Gupta,2.12 acres,Multi-crop,Pending Review,8579.34,RURAL,26.9543,81.4842,33879813.66,2.22,0,75213186.33,150426372.7,7,11,18,17,22,29,44,87,50,25,29,5,3,0,1,0,2,1,100,50,0,2,3,296,484,188,1,Deepa Reddy,Neha Gupta,28-02-2025,21-12-2025
UP-LKO-2026-10539,P005,Transmission,Uttar Pradesh,Lucknow,Malhaur,203/B,B,Anjali Verma,1.0 acres,Residential,Pending Review,4046.86,URBAN,26.9545,81.4852,6430460.54,1.67,50000,10788869.1,21577738.2,10,11,19,26,18,21,42,57,52,18,40,5,1,0,0,0,1,0,50,0,0,0,0,400,279,0,0,Deepa Joshi,Anjali Verma,07-12-2025,11-01-2027
UP-LKO-2026-10540,P006,Railway,Tamil Nadu,Chennai,Kolathur,201/A,A,Manoj Kumar,3.96 acres,Commercial,Disputed,16025.57,RURAL,26.9547,81.4862,35031896.02,3.62,0,126815463.6,253630927.2,5,5,6,24,58,27,74,64,87,30,93,1,1,1,1,1,2,0,0,0,0,3,9,287,484,197,1,Deepa Das,Manoj Kumar,26-01-2025,09-11-2025
UP-LKO-2026-10541,P004,Railway,Bihar,Muzaffarpur,PQR Village,116/A,A,Rahul Verma,3.52 acres,Multi-crop,Disputed,14244.95,RURAL,26.9549,81.4872,31182195.55,2.87,200000,89692901.23,179385802.5,6,9,14,20,60,20,52,99,40,41,122,2,3,0,1,3,1,0,25,0,0,2,9,201,467,266,1,Priya Yadav,Rahul Verma,24-06-2025,11-01-2026
UP-LKO-2026-10542,P005,Transmission,Uttar Pradesh,Lucknow,Malhaur,118/A,A,Sunita Mishra,4.55 acres,Multi-crop,Active,18413.21,URBAN,26.9551,81.4882,45351736.23,1.42,50000,64449465.45,128898930.9,4,8,18,22,40,14,31,32,74,55,138,3,2,0,0,1,2,0,0,0,50,2,6,264,388,124,1,Suresh Reddy,Sunita Mishra,17-11-2025,08-08-2026
UP-LKO-2026-10543,P002,Transmission,Bihar,Muzaffarpur,PQR Village,163/2A,2A,Vikram Verma,2.31 acres,Multi-crop,Verified,9348.25,RURAL,26.9553,81.4892,34747445.25,3.17,0,110149401.4,220298802.9,4,5,18,14,38,14,73,62,73,42,37,4,1,1,4,2,2,0,25,0,50,0,10,249,466,217,1,Sanjay Singh,Vikram Verma,29-03-2025,03-12-2025
UP-LKO-2026-10544,P005,Railway,Maharashtra,Pune,Hinjewadi,25-Jan,1,Rahul Gupta,4.79 acres,Commercial,Active,19384.46,URBAN,26.9555,81.4902,24695802.04,1.09,200000,27118424.22,54236848.45,10,15,1,16,22,18,35,77,78,40,85,4,2,1,0,0,0,0,100,100,0,1,2,326,286,0,0,Anil Verma,Rahul Gupta,19-02-2025,11-01-2026
UP-LKO-2026-10545,P003,Highway,Bihar,Siwan,XYZ Village,17-Jan,1,Manoj Devi,4.15 acres,Multi-crop,Verified,16794.47,RURAL,26.9557,81.4912,42674748.27,3.68,50000,157093073.6,314186147.3,3,5,5,10,25,15,64,55,81,36,47,5,0,2,1,2,1,0,100,0,0,1,1,387,391,4,1,Suresh Yadav,Manoj Devi,14-11-2025,06-12-2026
UP-LKO-2026-10546,P003,Railway,Uttar Pradesh,Varanasi,Sarnath,90/3,3,Ramesh Kumar,3.1 acres,Agricultural,Pending Review,12545.27,RURAL,26.9559,81.4922,46128957.79,2.43,0,112093367.4,224186734.9,2,3,10,23,32,25,87,51,69,25,150,0,3,2,2,1,2,0,0,0,100,1,9,373,432,59,1,Priya Das,Ramesh Kumar,03-09-2025,11-09-2026
UP-LKO-2026-10547,P001,Highway,Uttar Pradesh,Varanasi,Sarnath,145/B,B,Amit Mishra,4.83 acres,Agricultural,Verified,19546.33,RURAL,26.9561,81.4932,61316837.21,2.63,200000,161463281.9,322926563.7,7,11,2,22,46,43,43,114,21,41,59,3,0,2,2,2,1,0,75,0,0,3,0,345,435,90,1,Deepa Joshi,Amit Mishra,22-11-2025,02-11-2026
UP-LKO-2026-10548,P005,Transmission,Bihar,Muzaffarpur,PQR Village,167/3,3,Neha Mishra,2.71 acres,Multi-crop,Active,10966.99,RURAL,26.9563,81.4942,24412519.74,2.08,50000,50828041.06,101656082.1,10,10,19,30,36,15,42,90,93,40,78,0,0,1,4,3,1,0,50,0,0,1,1,316,481,165,1,Deepa Iyer,Neha Mishra,14-11-2025,26-09-2026
UP-LKO-2026-10549,P002,Highway,Bihar,Siwan,XYZ Village,189/B,B,Priya Sharma,4.22 acres,Agricultural,Pending Review,17077.75,RURAL,26.9565,81.4952,35658342,2.26,50000,80637852.92,161275705.8,10,15,4,30,48,41,38,75,68,52,86,2,2,0,1,1,0,2,75,0,50,0,5,384,622,238,1,Anil Yadav,Priya Sharma,07-12-2025,26-12-2026
UP-LKO-2026-10550,P002,Railway,Maharashtra,Nashik,Ozar,162/B,B,Pooja Yadav,2.87 acres,Residential,Active,11614.49,RURAL,26.9567,81.4962,37212825.96,2.43,50000,90477167.08,180954334.2,2,2,18,29,24,40,90,63,63,40,129,0,3,1,2,0,0,0,75,50,100,2,7,375,349,0,0,Meena Joshi,Pooja Yadav,13-12-2025,23-12-2026
UP-LKO-2026-10551,P002,Transmission,Uttar Pradesh,Kanpur,Bithoor,27/2A,2A,Ramesh Singh,2.62 acres,Agricultural,Active,10602.77,URBAN,26.9569,81.4972,22954997.05,1.23,0,28234646.37,56469292.74,8,11,10,19,30,26,66,117,66,23,96,1,3,0,3,3,1,0,100,100,0,0,0,200,482,282,1,Rajesh Deshmukh,Ramesh Singh,14-08-2025,02-03-2026
UP-LKO-2026-10552,P006,Highway,Bihar,Siwan,XYZ Village,64/3,3,Vikram Yadav,2.86 acres,Multi-crop,Active,11574.02,RURAL,26.9571,81.4982,40439625.88,3.51,200000,142143086.8,284286173.7,6,7,10,13,58,42,59,34,87,60,146,0,2,1,4,3,1,0,0,0,50,3,3,279,488,209,1,Kavita Reddy,Vikram Yadav,13-12-2025,18-09-2026
UP-LKO-2026-10553,P001,Highway,Uttar Pradesh,Varanasi,Sarnath,235/1,1,Sunita Devi,2.8 acres,Agricultural,Verified,11331.21,RURAL,26.9573,81.4992,20917413.66,3.97,200000,83242132.23,166484264.5,6,6,11,21,21,11,78,95,30,12,109,3,2,2,1,1,1,0,25,0,50,3,9,237,343,106,1,Ramesh Singh,Sunita Devi,02-05-2025,25-12-2025
UP-LKO-2026-10554,P001,Railway,Bihar,Siwan,XYZ Village,215/2A,2A,Ramesh Gupta,3.43 acres,Commercial,Disputed,13880.73,RURAL,26.9575,81.5002,48166133.1,2.2,50000,106015492.8,212030985.6,4,7,20,28,59,39,48,66,52,40,28,2,3,2,3,2,1,0,0,0,100,1,0,388,437,49,1,Priya Das,Ramesh Gupta,13-10-2025,05-11-2026
UP-LKO-2026-10555,P002,Highway,Uttar Pradesh,Kanpur,Bithoor,159/3,3,Ramesh Yadav,1.95 acres,Multi-crop,Active,7891.38,URBAN,26.9577,81.5012,16208894.52,1.05,50000,17069339.25,34138678.49,8,9,10,23,56,28,72,59,33,51,48,4,3,1,3,0,2,1,0,0,0,3,6,208,532,324,1,Priya Deshmukh,Ramesh Yadav,14-08-2025,10-03-2026
UP-LKO-2026-10556,P001,Highway,Maharashtra,Nagpur,Butibori,54/A,A,Anjali Singh,0.51 acres,Residential,Active,2063.9,URBAN,26.9579,81.5022,2831670.8,1.09,0,3086521.172,6173042.344,9,12,13,19,17,43,80,100,68,17,122,4,0,2,1,0,2,0,25,0,0,1,4,218,434,216,1,Arvind Reddy,Anjali Singh,01-11-2025,07-06-2026
UP-LKO-2026-10557,P006,Transmission,Maharashtra,Nagpur,Butibori,21/A,A,Amit Yadav,3.26 acres,Agricultural,Disputed,13192.76,URBAN,26.9581,81.5032,13522579,1.24,200000,16967997.96,33935995.92,8,12,9,29,35,36,47,73,80,49,102,4,1,0,3,2,0,0,100,100,0,0,6,301,409,108,1,Sanjay Joshi,Amit Yadav,09-06-2025,06-04-2026
UP-LKO-2026-10558,P005,Highway,Bihar,Patna,ABC Village,229/2A,2A,Rahul Sharma,2.49 acres,Residential,Disputed,10076.68,RURAL,26.9583,81.5042,15316553.6,3.27,0,50085130.27,100170260.5,9,11,1,19,16,39,63,93,62,29,36,3,0,2,3,1,0,1,0,0,100,1,4,358,471,113,1,Rajesh Yadav,Rahul Sharma,08-05-2025,01-05-2026
UP-LKO-2026-10559,P006,Highway,Uttar Pradesh,Lucknow,Malhaur,139/2A,2A,Rahul Sharma,2.27 acres,Multi-crop,Verified,9186.37,URBAN,26.9585,81.5052,31665417.39,1.52,50000,48181434.43,96362868.87,1,1,16,19,55,41,48,94,25,16,126,2,1,1,3,0,1,1,0,0,100,0,0,332,463,131,1,Priya Yadav,Rahul Sharma,04-10-2025,01-09-2026
UP-LKO-2026-10560,P008,Highway,Tamil Nadu,Chennai,Kolathur,179/A,A,Sunita Yadav,4.56 acres,Multi-crop,Verified,18453.68,RURAL,26.9587,81.5062,69902539.84,2.16,50000,151039486.1,302078972.1,3,4,9,23,26,34,32,71,40,33,115,5,3,0,3,1,2,0,75,0,0,2,10,372,379,7,1,Ramesh Reddy,Sunita Yadav,27-07-2025,03-08-2026
UP-LKO-2026-10561,P001,Railway,Uttar Pradesh,Kanpur,Bithoor,116/1,1,Neha Singh,2.52 acres,Residential,Verified,10198.09,URBAN,26.9589,81.5072,36203219.5,1.15,50000,41683702.43,83367404.85,2,3,8,16,16,16,83,48,49,30,101,4,3,0,3,0,2,2,75,100,0,2,9,271,588,317,1,Ramesh Iyer,Neha Singh,26-02-2025,24-11-2025
UP-LKO-2026-10562,P006,Transmission,Tamil Nadu,Karaikudi,Kanadukathan,40/3,3,Rahul Mishra,1.62 acres,Multi-crop,Pending Review,6555.91,RURAL,26.9591,81.5082,13990311.94,3.82,50000,53492991.61,106985983.2,9,10,16,14,49,41,62,30,64,59,62,3,1,0,3,0,1,2,25,0,100,2,0,291,604,313,1,Deepa Singh,Rahul Mishra,12-09-2025,30-06-2026
UP-LKO-2026-10563,P002,Railway,Bihar,Patna,ABC Village,159/3,3,Vikram Verma,4.92 acres,Commercial,Verified,19910.55,RURAL,26.9593,81.5092,42011260.5,2.03,50000,85332858.82,170665717.6,6,9,10,19,22,13,74,34,23,39,51,1,3,0,0,0,0,0,25,0,100,2,0,337,224,0,0,Anil Singh,Vikram Verma,16-07-2025,18-06-2026
UP-LKO-2026-10564,P001,Transmission,Bihar,Patna,ABC Village,192/B,B,Priya Yadav,1.75 acres,Agricultural,Disputed,7082.01,RURAL,26.9595,81.5102,26500881.42,3.44,200000,91363032.08,182726064.2,5,9,13,10,48,12,60,90,46,59,148,3,1,0,3,2,0,0,75,0,50,3,6,400,385,0,0,Sanjay Yadav,Priya Yadav,31-03-2025,05-05-2026
UP-LKO-2026-10565,P009,Highway,Uttar Pradesh,Kanpur,Bithoor,195/B,B,Amit Gupta,3.44 acres,Residential,Active,13921.2,URBAN,26.9597,81.5112,18334220.4,1.47,0,26951303.99,53902607.98,2,3,1,18,30,29,44,78,36,51,62,1,1,0,2,0,1,1,50,0,100,0,10,356,451,95,1,Kavita Joshi,Amit Gupta,31-03-2025,22-03-2026
UP-LKO-2026-10566,P005,Highway,Uttar Pradesh,Lucknow,Malhaur,170/2A,2A,Neha Gupta,3.6 acres,Residential,Pending Review,14568.7,URBAN,26.9599,81.5122,14626974.8,1.68,0,24573317.66,49146635.33,1,6,4,25,56,31,65,98,84,25,133,2,1,1,4,1,1,0,100,50,100,3,6,251,459,208,1,Deepa Verma,Neha Gupta,19-02-2025,28-10-2025
UP-LKO-2026-10567,P009,Highway,Maharashtra,Nashik,Ozar,151/A,A,Amit Verma,4.33 acres,Agricultural,Disputed,17522.9,RURAL,26.9601,81.5132,46453207.9,3.6,0,167231548.4,334463096.9,1,6,6,26,38,11,57,61,55,41,130,5,0,0,4,2,1,0,50,0,100,3,5,326,394,68,1,Arvind Reddy,Amit Verma,22-03-2025,11-02-2026
UP-LKO-2026-10568,P009,Railway,Uttar Pradesh,Kanpur,Bithoor,140/3,3,Vikram Sharma,4.79 acres,Multi-crop,Disputed,19384.46,URBAN,26.9603,81.5142,46290090.48,1.71,0,79156054.72,158312109.4,7,8,18,26,34,19,38,101,64,43,147,2,2,2,4,3,0,1,75,50,100,3,3,263,535,272,1,Suresh Das,Vikram Sharma,08-06-2025,26-02-2026
UP-LKO-2026-10569,P006,Railway,Maharashtra,Nashik,Ozar,11/2A,2A,Ramesh Singh,2.4 acres,Agricultural,Verified,9712.46,RURAL,26.9605,81.5152,21707348.1,3.23,50000,70164734.36,140329468.7,9,12,19,29,32,30,88,98,54,25,64,0,1,1,2,2,2,2,0,0,0,2,3,355,746,391,1,Rajesh Deshmukh,Ramesh Singh,28-05-2025,18-05-2026
UP-LKO-2026-10570,P003,Highway,Bihar,Muzaffarpur,PQR Village,182/A,A,Pooja Sharma,4.59 acres,Commercial,Verified,18575.09,RURAL,26.9607,81.5162,31540502.82,3.48,0,109760949.8,219521899.6,10,10,10,28,57,24,72,40,58,26,35,3,0,0,2,3,2,2,100,50,50,1,5,279,725,446,1,Anil Verma,Pooja Sharma,11-07-2025,16-04-2026
UP-LKO-2026-10571,P007,Highway,Tamil Nadu,Chennai,Kolathur,105/B,B,Pooja Verma,4.21 acres,Commercial,Pending Review,17037.28,RURAL,26.9609,81.5172,64690552.16,3.44,200000,222735499.4,445470998.9,6,7,0,29,50,41,58,118,18,29,0,2,1,2,1,0,1,1,0,0,100,0,4,373,508,135,1,Priya Verma,Pooja Verma,06-03-2025,14-03-2026
UP-LKO-2026-10572,P004,Transmission,Uttar Pradesh,Lucknow,Malhaur,98/3,3,Anjali Singh,3.08 acres,Multi-crop,Verified,12464.33,URBAN,26.9611,81.5182,12626366.29,1.23,0,15530430.54,31060861.07,5,5,3,20,55,42,52,62,32,49,59,1,1,0,3,2,0,0,100,100,50,3,3,224,372,148,1,Anil Singh,Anjali Singh,10-05-2025,20-12-2025
UP-LKO-2026-10573,P001,Railway,Maharashtra,Nagpur,Butibori,169/3,3,Pooja Singh,2.32 acres,Residential,Active,9388.72,URBAN,26.9613,81.5192,9914488.32,1.75,0,17350354.56,34700709.12,10,13,5,29,43,15,65,67,95,45,25,5,0,1,0,2,1,1,0,0,50,0,6,204,584,380,1,Rajesh Das,Pooja Singh,04-05-2025,24-11-2025
UP-LKO-2026-10574,P001,Transmission,Uttar Pradesh,Varanasi,Sarnath,202/2A,2A,Vikram Yadav,0.79 acres,Multi-crop,Verified,3197.02,RURAL,26.9615,81.5202,9210614.62,3.39,0,31223983.56,62447967.12,7,12,15,28,52,38,80,42,97,15,120,5,0,1,4,2,2,2,100,0,0,2,6,391,742,351,1,Deepa Singh,Vikram Yadav,27-12-2025,22-01-2027
UP-LKO-2026-10575,P003,Railway,Maharashtra,Pune,Hinjewadi,209/B,B,Manoj Devi,1.74 acres,Multi-crop,Pending Review,7041.54,URBAN,26.9617,81.5212,26617021.2,1.76,50000,46895957.31,93791914.62,4,8,3,29,51,22,85,62,65,14,146,1,1,0,1,0,2,0,50,0,0,0,4,391,418,27,1,Rajesh Patil,Manoj Devi,04-04-2025,30-04-2026
UP-LKO-2026-10576,P005,Railway,Maharashtra,Nagpur,Butibori,153/2A,2A,Vikram Verma,3.94 acres,Agricultural,Verified,15944.63,URBAN,26.9619,81.5222,22290592.74,1.77,50000,39504349.15,79008698.3,6,6,3,15,54,10,49,92,46,30,38,3,2,0,2,1,0,2,25,0,100,1,2,377,566,189,1,Meena Yadav,Vikram Verma,01-05-2025,13-05-2026
UP-LKO-2026-10577,P007,Highway,Tamil Nadu,Karaikudi,Kanadukathan,88/2A,2A,Priya Verma,3.26 acres,Residential,Pending Review,13192.76,RURAL,26.9621,81.5232,33311719,3.78,0,125918297.8,251836595.6,5,6,6,22,39,44,88,82,27,51,148,2,3,1,4,2,0,0,50,0,0,2,3,370,413,43,1,Priya Iyer,Priya Verma,19-07-2025,24-07-2026
UP-LKO-2026-10578,P004,Transmission,Uttar Pradesh,Kanpur,Bithoor,66/A,A,Pooja Sharma,1.22 acres,Residential,Active,4937.17,URBAN,26.9623,81.5242,14258546.96,1.95,50000,27854166.57,55708333.14,7,11,17,29,30,11,34,36,86,25,23,0,0,2,0,1,2,0,25,0,100,3,3,303,371,68,1,Meena Deshmukh,Pooja Sharma,22-09-2025,22-07-2026
UP-LKO-2026-10579,P005,Transmission,Uttar Pradesh,Varanasi,Sarnath,203/1,1,Neha Kumar,3.21 acres,Multi-crop,Pending Review,12990.42,RURAL,26.9625,81.5252,19186850.34,2.58,0,49502073.88,99004147.75,3,4,3,24,55,26,70,53,27,11,40,3,1,0,4,0,2,0,100,50,0,0,4,215,356,141,1,Anil Deshmukh,Neha Kumar,01-07-2025,01-02-2026
UP-LKO-2026-10580,P009,Highway,Uttar Pradesh,Kanpur,Bithoor,224/B,B,Amit Mishra,1.91 acres,Agricultural,Disputed,7729.5,URBAN,26.9627,81.5262,30268722,1.07,50000,32437532.54,64875065.08,3,5,20,10,41,31,58,50,69,22,108,3,2,2,1,2,2,1,50,0,100,1,6,356,551,195,1,Suresh Sharma,Amit Mishra,28-12-2025,19-12-2026
UP-LKO-2026-10581,P008,Railway,Bihar,Patna,ABC Village,210/1,1,Amit Kumar,1.76 acres,Residential,Verified,7122.47,RURAL,26.9629,81.5272,12215036.05,3.81,0,46539287.35,93078574.7,10,11,11,21,22,25,45,83,66,32,86,2,0,1,2,2,2,0,50,0,100,3,3,297,444,147,1,Arvind Joshi,Amit Kumar,26-06-2025,19-04-2026
UP-LKO-2026-10582,P002,Transmission,Maharashtra,Pune,Hinjewadi,120/A,A,Ramesh Verma,4.77 acres,Residential,Active,19303.52,URBAN,26.9631,81.5282,31773593.92,1.75,50000,55653789.36,111307578.7,2,2,14,24,60,31,50,62,46,60,51,1,2,2,0,2,2,0,0,0,0,0,1,348,483,135,1,Arvind Singh,Ramesh Verma,20-04-2025,03-04-2026
UP-LKO-2026-10583,P006,Transmission,Tamil Nadu,Chennai,Kolathur,222/2A,2A,Neha Sharma,2.24 acres,Commercial,Verified,9064.97,RURAL,26.9633,81.5292,17993965.45,2.51,50000,45214853.28,90429706.56,8,13,5,21,35,40,54,40,93,43,54,3,3,0,0,0,0,1,25,0,50,2,6,337,446,109,1,Rajesh Singh,Neha Sharma,13-05-2025,15-04-2026
UP-LKO-2026-10584,P001,Highway,Tamil Nadu,Karaikudi,Kanadukathan,184/3,3,Priya Kumar,2.92 acres,Agricultural,Pending Review,11816.83,RURAL,26.9635,81.5302,12892161.53,2.05,0,26428931.14,52857862.27,8,11,14,23,19,16,36,47,43,30,121,3,3,0,3,1,1,0,100,0,0,0,5,265,289,24,1,Rajesh Yadav,Priya Kumar,09-11-2025,01-08-2026
UP-LKO-2026-10585,P001,Transmission,Tamil Nadu,Chennai,Kolathur,73/3,3,Vikram Gupta,1.72 acres,Agricultural,Verified,6960.6,RURAL,26.9637,81.5312,26638216.2,2.88,200000,76918062.66,153836125.3,8,8,3,15,38,18,84,104,39,32,90,5,3,2,4,2,0,0,75,50,50,1,2,364,390,26,1,Priya Patil,Vikram Gupta,13-12-2025,12-12-2026
UP-LKO-2026-10586,P009,Highway,Maharashtra,Nashik,Ozar,248/2A,2A,Vikram Singh,4.37 acres,Agricultural,Pending Review,17684.78,RURAL,26.9639,81.5322,66105707.64,2.13,200000,141005157.3,282010314.5,6,9,7,14,54,27,67,70,24,26,38,1,3,2,3,1,2,0,25,0,100,3,0,257,402,145,1,Sanjay Joshi,Vikram Singh,23-10-2025,07-07-2026
UP-LKO-2026-10587,P004,Transmission,Maharashtra,Pune,Hinjewadi,98/3,3,Ramesh Gupta,4.16 acres,Commercial,Pending Review,16834.94,URBAN,26.9641,81.5332,28383708.84,1.57,200000,44762422.88,89524845.76,8,13,10,23,35,42,83,68,44,10,22,4,1,1,4,0,0,0,75,100,50,0,4,337,305,0,0,Priya Reddy,Ramesh Gupta,26-01-2025,29-12-2025
UP-LKO-2026-10588,P002,Transmission,Maharashtra,Nagpur,Butibori,198/2A,2A,Sunita Verma,4.83 acres,Residential,Verified,19546.33,URBAN,26.9643,81.5342,74197868.68,1.19,200000,88495463.73,176990927.5,9,11,17,19,33,16,66,116,73,20,112,5,1,2,1,0,0,0,50,0,0,3,0,306,343,37,1,Suresh Das,Sunita Verma,01-12-2025,03-10-2026
UP-LKO-2026-10589,P002,Transmission,Tamil Nadu,Coonor,Hubbathala,137/A,A,Sunita Yadav,2.86 acres,Residential,Pending Review,11574.02,RURAL,26.9645,81.5352,12349479.34,3.12,50000,38580375.54,77160751.08,9,9,17,18,41,20,33,30,79,48,114,2,3,0,0,0,2,0,25,0,50,0,0,282,359,77,1,Suresh Singh,Sunita Yadav,16-09-2025,25-06-2026
UP-LKO-2026-10590,P008,Transmission,Bihar,Siwan,XYZ Village,72/3,3,Neha Yadav,2.22 acres,Agricultural,Disputed,8984.03,RURAL,26.9647,81.5362,9289487.02,2.55,200000,23888191.9,47776383.8,3,4,9,17,31,41,70,82,64,41,128,1,0,0,2,2,2,2,50,0,0,0,0,218,736,518,1,Deepa Patil,Neha Yadav,23-07-2025,26-02-2026
UP-LKO-2026-10591,P008,Railway,Maharashtra,Nagpur,Butibori,155/3,3,Pooja Sharma,1.46 acres,Multi-crop,Disputed,5908.42,URBAN,26.9649,81.5372,19149189.22,1.11,50000,21305600.03,42611200.07,2,6,18,30,49,23,62,120,28,19,142,0,0,0,3,2,2,1,50,0,100,1,5,303,601,298,1,Meena Reddy,Pooja Sharma,08-03-2025,05-01-2026
UP-LKO-2026-10592,P007,Highway,Bihar,Muzaffarpur,PQR Village,60/2A,2A,Sunita Verma,3.39 acres,Commercial,Verified,13718.86,RURAL,26.9651,81.5382,47741632.8,3.4,200000,162521551.5,325043103,8,11,0,24,33,29,41,41,82,15,0,0,1,0,0,1,0,0,0,0,100,1,1,295,295,0,0,Kavita Sharma,Sunita Verma,30-07-2025,21-05-2026
UP-LKO-2026-10593,P008,Transmission,Tamil Nadu,Coonor,Hubbathala,199/1,1,Vikram Sharma,4.98 acres,Residential,Disputed,20153.36,RURAL,26.9653,81.5392,70879367.12,3.47,200000,246151403.9,492302807.8,5,8,6,14,57,45,61,85,34,22,120,1,2,0,1,1,2,2,100,100,0,3,5,200,678,478,1,Priya Iyer,Vikram Sharma,29-12-2025,17-07-2026
UP-LKO-2026-10594,P008,Highway,Maharashtra,Nashik,Ozar,103/B,B,Manoj Verma,3.23 acres,Agricultural,Verified,13071.36,RURAL,26.9655,81.5402,51056732.16,3.41,0,174103456.7,348206913.3,7,7,8,12,28,15,89,83,60,28,119,4,0,0,2,3,1,2,75,0,50,1,10,260,690,430,1,Ramesh Reddy,Manoj Verma,21-07-2025,07-04-2026
UP-LKO-2026-10595,P004,Highway,Tamil Nadu,Coonor,Hubbathala,163/A,A,Pooja Sharma,1.08 acres,Multi-crop,Disputed,4370.61,RURAL,26.9657,81.5412,6048924.24,2.4,50000,14567418.18,29134836.35,3,4,2,25,49,37,41,57,28,58,46,3,0,0,3,3,2,0,0,0,0,3,1,358,475,117,1,Ramesh Joshi,Pooja Sharma,21-01-2025,14-01-2026
UP-LKO-2026-10596,P001,Transmission,Tamil Nadu,Chennai,Kolathur,53/A,A,Sunita Singh,4.09 acres,Agricultural,Disputed,16551.66,RURAL,26.9659,81.5422,18570962.52,2.02,200000,37713344.29,75426688.58,4,5,5,21,46,26,66,73,31,14,98,0,2,1,1,0,0,2,0,0,0,0,7,281,517,236,1,Priya Das,Sunita Singh,03-08-2025,11-05-2026
UP-LKO-2026-10597,P002,Transmission,Uttar Pradesh,Varanasi,Sarnath,114/1,1,Vikram Devi,1.43 acres,Residential,Active,5787.01,RURAL,26.9661,81.5432,21157308.56,2.24,200000,47592371.17,95184742.35,4,7,14,19,19,30,36,54,98,32,82,5,0,0,1,1,0,0,75,50,50,1,6,355,318,0,0,Anil Verma,Vikram Devi,11-09-2025,01-09-2026
UP-LKO-2026-10598,P008,Railway,Maharashtra,Nagpur,Butibori,73/B,B,Rahul Singh,2.45 acres,Agricultural,Active,9914.81,URBAN,26.9663,81.5442,16061992.2,1.11,200000,18028811.34,36057622.68,8,13,6,13,45,43,61,39,29,48,100,4,1,2,3,3,1,0,100,100,100,0,10,313,413,100,1,Ramesh Deshmukh,Rahul Singh,03-07-2025,12-05-2026
UP-LKO-2026-10599,P005,Railway,Tamil Nadu,Chennai,Kolathur,21-Jan,1,Rahul Singh,1.37 acres,Commercial,Active,5544.2,RURAL,26.9665,81.5452,10467449.6,3.35,200000,35265956.16,70531912.32,3,4,5,21,48,35,37,74,24,45,64,1,2,0,2,3,2,0,25,0,50,0,0,302,464,162,1,Rajesh Joshi,Rahul Singh,06-04-2025,02-02-2026
UP-LKO-2026-10600,P005,Railway,Uttar Pradesh,Varanasi,Sarnath,249/1,1,Amit Yadav,1.22 acres,Agricultural,Pending Review,4937.17,RURAL,26.9667,81.5462,10703784.56,2.46,50000,26381310.02,52762620.04,9,13,20,21,57,34,36,88,30,16,38,2,3,0,4,1,1,1,75,100,0,1,3,359,477,118,1,Deepa Verma,Amit Yadav,25-05-2025,19-05-2026
UP-LKO-2026-10601,P005,Highway,Uttar Pradesh,Lucknow,Malhaur,225/A,A,Rahul Devi,3.84 acres,Multi-crop,Disputed,15539.94,URBAN,26.9669,81.5472,29556965.88,1.6,200000,47491145.41,94982290.82,8,8,20,29,60,14,81,99,21,56,135,4,1,0,4,1,1,1,75,100,0,0,1,333,555,222,1,Meena Reddy,Rahul Devi,02-02-2025,01-01-2026
UP-LKO-2026-10602,P001,Railway,Maharashtra,Pune,Hinjewadi,246/B,B,Anjali Sharma,3.58 acres,Multi-crop,Active,14487.76,URBAN,26.9671,81.5482,17559165.12,1.51,200000,26714339.33,53428678.66,3,8,19,17,17,28,53,90,84,14,96,3,0,1,2,2,0,0,0,0,50,3,0,314,363,49,1,Deepa Yadav,Anjali Sharma,03-10-2025,13-08-2026
UP-LKO-2026-10603,P009,Railway,Bihar,Siwan,XYZ Village,126/2A,2A,Vikram Devi,4.63 acres,Agricultural,Active,18736.96,RURAL,26.9673,81.5492,68408640.96,2.69,0,184019244.2,368038488.4,6,6,0,25,26,20,71,95,86,23,0,5,3,1,2,2,2,0,25,0,100,1,10,377,496,119,1,Ramesh Deshmukh,Vikram Devi,01-07-2025,13-07-2026
UP-LKO-2026-10604,P004,Railway,Maharashtra,Nashik,Ozar,68/A,A,Neha Kumar,3.16 acres,Residential,Active,12788.08,RURAL,26.9675,81.5502,16445470.88,3.16,0,51967687.98,103935376,1,6,6,14,45,32,41,113,55,54,115,2,0,0,4,3,1,2,50,0,100,2,10,213,729,516,1,Ramesh Singh,Neha Kumar,05-11-2025,06-06-2026
UP-LKO-2026-10605,P003,Railway,Bihar,Siwan,XYZ Village,207/1,1,Manoj Kumar,2.13 acres,Agricultural,Active,8619.81,RURAL,26.9677,81.5512,18429153.78,3.25,0,59894749.79,119789499.6,10,10,20,19,52,35,65,92,64,37,143,4,2,0,4,0,2,0,100,0,100,0,6,222,454,232,1,Priya Verma,Manoj Kumar,24-04-2025,02-12-2025
UP-LKO-2026-10606,P004,Railway,Bihar,Siwan,XYZ Village,178/3,3,Pooja Mishra,1.73 acres,Multi-crop,Active,7001.07,RURAL,26.9679,81.5522,27241163.37,3.78,0,102971597.5,205943195.1,6,7,15,23,48,34,59,102,53,20,139,3,3,1,0,0,0,0,50,0,0,3,6,277,339,62,1,Kavita Yadav,Pooja Mishra,07-04-2025,09-01-2026
UP-LKO-2026-10607,P003,Railway,Maharashtra,Nashik,Ozar,43/3,3,Rahul Singh,4.06 acres,Commercial,Pending Review,16430.25,RURAL,26.9681,81.5532,27389226.75,2.56,200000,70316420.48,140632841,3,3,3,27,41,42,61,45,97,55,85,3,1,1,3,0,2,0,0,0,100,0,7,399,458,59,1,Ramesh Das,Rahul Singh,16-12-2025,19-01-2027
UP-LKO-2026-10608,P008,Highway,Tamil Nadu,Coonor,Hubbathala,81/1,1,Rahul Devi,4.74 acres,Residential,Verified,19182.12,RURAL,26.9683,81.5542,67751247.84,2.5,0,169378119.6,338756239.2,5,9,10,19,18,24,86,89,70,23,97,2,3,0,4,1,1,2,50,0,100,1,6,245,644,399,1,Deepa Reddy,Rahul Devi,22-07-2025,24-03-2026
UP-LKO-2026-10609,P005,Highway,Maharashtra,Nashik,Ozar,224/1,1,Sunita Verma,4.39 acres,Commercial,Pending Review,17765.72,RURAL,26.9685,81.5552,17890080.04,2.68,50000,47995414.51,95990829.01,8,13,2,27,54,32,76,43,98,59,85,3,0,1,1,3,0,2,0,0,50,1,3,391,719,328,1,Ramesh Sharma,Sunita Verma,23-12-2025,18-01-2027
UP-LKO-2026-10610,P005,Transmission,Maharashtra,Nagpur,Butibori,180/B,B,Anjali Yadav,4.89 acres,Residential,Verified,19789.15,URBAN,26.9687,81.5562,28278695.35,1.69,0,47790995.14,95581990.28,2,4,9,11,37,26,48,72,48,34,147,2,1,0,0,0,0,2,100,50,0,0,6,248,516,268,1,Ramesh Das,Anjali Yadav,24-08-2025,29-04-2026
UP-LKO-2026-10611,P008,Transmission,Tamil Nadu,Chennai,Kolathur,19/2A,2A,Anjali Singh,4.1 acres,Multi-crop,Active,16592.13,RURAL,26.9689,81.5572,19744634.7,2.3,0,45412659.81,90825319.62,5,6,0,16,19,11,77,76,99,32,0,1,3,2,0,1,0,0,50,0,100,2,2,300,360,60,1,Rajesh Iyer,Anjali Singh,01-08-2025,28-05-2026
UP-LKO-2026-10612,P004,Highway,Maharashtra,Nagpur,Butibori,140/2A,2A,Sunita Singh,2.74 acres,Agricultural,Verified,11088.4,URBAN,26.9691,81.5582,30803575.2,1.76,50000,54264292.35,108528584.7,9,12,5,28,26,33,34,101,65,32,148,5,2,1,4,2,1,0,100,50,0,2,4,288,424,136,1,Meena Singh,Sunita Singh,03-03-2025,16-12-2025
UP-LKO-2026-10613,P002,Railway,Maharashtra,Pune,Hinjewadi,225/1,1,Sunita Kumar,3.26 acres,Agricultural,Verified,13192.76,URBAN,26.9693,81.5592,28430397.8,1.07,0,30420525.65,60841051.29,2,5,19,10,35,22,84,65,81,33,81,0,0,1,0,2,2,0,50,0,50,3,3,369,480,111,1,Rajesh Patil,Sunita Kumar,31-07-2025,04-08-2026
UP-LKO-2026-10614,P005,Highway,Bihar,Muzaffarpur,PQR Village,171/2A,2A,Vikram Kumar,4.37 acres,Commercial,Disputed,17684.78,RURAL,26.9695,81.5602,22707257.52,2.83,200000,64461538.78,128923077.6,2,3,0,27,60,43,35,42,36,57,0,0,0,0,4,0,1,0,100,0,100,2,2,240,345,105,1,Rajesh Iyer,Vikram Kumar,23-02-2025,21-10-2025
UP-LKO-2026-10615,P003,Transmission,Uttar Pradesh,Varanasi,Sarnath,144/A,A,Ramesh Yadav,1.53 acres,Commercial,Disputed,6191.7,RURAL,26.9697,81.5612,12792052.2,2.33,200000,30005481.63,60010963.25,3,3,16,23,46,32,83,71,48,45,138,1,1,1,3,1,1,2,50,0,100,3,7,362,663,301,1,Suresh Sharma,Ramesh Yadav,29-07-2025,26-07-2026
UP-LKO-2026-10616,P009,Transmission,Uttar Pradesh,Lucknow,Malhaur,118/3,3,Sunita Devi,0.82 acres,Multi-crop,Disputed,3318.43,URBAN,26.9699,81.5622,5087153.19,1.31,50000,6714170.679,13428341.36,1,4,10,13,28,12,42,80,96,40,95,2,3,1,2,2,1,1,50,0,0,1,8,348,536,188,1,Priya Patil,Sunita Devi,22-03-2025,05-03-2026
UP-LKO-2026-10617,P001,Transmission,Maharashtra,Nashik,Ozar,61/1,1,Priya Verma,4.82 acres,Multi-crop,Verified,19505.87,RURAL,26.9701,81.5632,38231505.2,3.87,200000,148155925.1,296311850.2,6,8,11,29,47,11,30,69,37,28,64,4,1,1,1,0,2,1,50,0,50,3,7,334,461,127,1,Meena Sharma,Priya Verma,20-10-2025,19-09-2026
UP-LKO-2026-10618,P008,Transmission,Uttar Pradesh,Varanasi,Sarnath,241/2A,2A,Pooja Kumar,1.58 acres,Residential,Active,6394.04,RURAL,26.9703,81.5642,8561619.56,3.52,200000,30336900.85,60673801.7,10,14,1,13,32,43,90,118,87,56,37,5,0,1,1,1,2,1,100,0,0,2,3,298,679,381,1,Deepa Yadav,Pooja Kumar,22-09-2025,17-07-2026
UP-LKO-2026-10619,P003,Highway,Bihar,Patna,ABC Village,48/1,1,Pooja Devi,0.95 acres,Residential,Pending Review,3844.52,RURAL,26.9705,81.5652,7727485.2,3.06,0,23646104.71,47292209.42,8,11,10,22,31,13,58,84,48,10,30,3,1,1,4,1,1,0,75,50,100,0,4,349,341,0,0,Rajesh Das,Pooja Devi,06-07-2025,20-06-2026
UP-LKO-2026-10620,P002,Transmission,Bihar,Patna,ABC Village,194/B,B,Neha Mishra,3.23 acres,Agricultural,Active,13071.36,RURAL,26.9707,81.5662,22378168.32,2.39,200000,53683822.28,107367644.6,4,9,2,12,45,34,51,52,82,54,87,5,1,1,2,1,1,1,50,0,100,2,0,348,525,177,1,Kavita Sharma,Neha Mishra,22-09-2025,05-09-2026
UP-LKO-2026-10621,P008,Highway,Bihar,Muzaffarpur,PQR Village,215/1,1,Sunita Sharma,4.5 acres,Agricultural,Active,18210.87,RURAL,26.9709,81.5672,51391075.14,2.78,50000,142917188.9,285834377.8,9,11,14,21,29,20,76,59,51,32,124,3,1,0,1,0,0,0,50,0,100,0,4,260,288,28,1,Kavita Singh,Sunita Sharma,30-04-2025,15-01-2026
UP-LKO-2026-10622,P005,Transmission,Maharashtra,Nagpur,Butibori,70/3,3,Anjali Mishra,3.08 acres,Agricultural,Disputed,12464.33,URBAN,26.9711,81.5682,38277957.43,1.75,0,66986425.5,133972851,7,8,3,27,57,43,83,51,18,47,97,5,1,2,1,3,1,0,50,0,100,3,9,377,461,84,1,Deepa Verma,Anjali Mishra,25-08-2025,06-09-2026
UP-LKO-2026-10623,P004,Highway,Tamil Nadu,Karaikudi,Kanadukathan,171/A,A,Amit Devi,2.45 acres,Multi-crop,Disputed,9914.81,RURAL,26.9713,81.5692,35266979.17,2.43,200000,85898759.38,171797518.8,6,11,2,11,50,14,64,88,68,33,149,1,3,1,2,0,0,0,0,0,100,2,9,208,328,120,1,Rajesh Verma,Amit Devi,30-03-2025,24-10-2025
UP-LKO-2026-10624,P005,Railway,Tamil Nadu,Chennai,Kolathur,89/3,3,Neha Devi,4.54 acres,Agricultural,Disputed,18372.74,RURAL,26.9715,81.5702,20614214.28,3.08,200000,63691779.98,127383560,8,11,20,18,27,32,88,76,22,29,47,2,0,1,2,0,2,2,100,100,50,2,3,351,622,271,1,Ramesh Das,Neha Devi,09-06-2025,26-05-2026
UP-LKO-2026-10625,P005,Railway,Maharashtra,Pune,Hinjewadi,12-Jan,1,Ramesh Gupta,1.27 acres,Agricultural,Pending Review,5139.51,URBAN,26.9717,81.5712,11147597.19,1.33,200000,15026304.26,30052608.53,6,10,2,11,47,29,45,104,89,32,133,0,1,0,1,0,0,0,75,100,50,0,3,246,357,111,1,Kavita Yadav,Ramesh Gupta,11-04-2025,13-12-2025
UP-LKO-2026-10626,P002,Transmission,Tamil Nadu,Karaikudi,Kanadukathan,204/3,3,Anjali Kumar,1.41 acres,Commercial,Disputed,5706.07,RURAL,26.9719,81.5722,11931392.37,2.33,50000,27850144.22,55700288.44,7,7,1,23,47,43,76,107,98,36,133,1,2,0,2,1,2,0,50,0,100,1,5,247,550,303,1,Suresh Sharma,Anjali Kumar,17-06-2025,19-02-2026
UP-LKO-2026-10627,P008,Highway,Bihar,Muzaffarpur,PQR Village,42/A,A,Vikram Verma,0.89 acres,Agricultural,Verified,3601.71,RURAL,26.9721,81.5732,7145792.64,3.06,200000,22066125.48,44132250.96,4,4,15,25,47,11,46,111,100,42,29,0,2,0,1,1,1,1,75,50,50,1,7,381,577,196,1,Ramesh Verma,Vikram Verma,07-08-2025,23-08-2026
UP-LKO-2026-10628,P006,Transmission,Tamil Nadu,Coonor,Hubbathala,238/A,A,Manoj Yadav,4.32 acres,Residential,Pending Review,17482.44,RURAL,26.9723,81.5742,58828410.6,2.02,50000,118883389.4,237766778.8,5,7,2,25,17,14,32,110,70,23,75,1,0,2,1,0,0,0,0,0,50,0,8,208,291,83,1,Rajesh Yadav,Manoj Yadav,26-06-2025,20-01-2026
UP-LKO-2026-10629,P004,Transmission,Bihar,Patna,ABC Village,193/A,A,Neha Mishra,1.23 acres,Agricultural,Verified,4977.64,RURAL,26.9725,81.5752,9497337.12,2.58,0,24503129.77,49006259.54,8,12,3,17,54,45,65,110,63,12,66,2,3,1,0,2,1,0,100,50,100,0,6,209,471,262,1,Deepa Patil,Neha Mishra,04-02-2025,01-09-2025
UP-LKO-2026-10630,P007,Transmission,Tamil Nadu,Coonor,Hubbathala,96/2A,2A,Sunita Verma,0.6 acres,Agricultural,Disputed,2428.12,RURAL,26.9727,81.5762,7289216.24,3.1,200000,22796570.34,45593140.69,5,5,13,28,55,33,44,107,73,31,37,2,1,1,0,1,1,0,100,50,0,1,2,279,446,167,1,Suresh Das,Sunita Verma,01-08-2025,07-05-2026
UP-LKO-2026-10631,P001,Railway,Maharashtra,Nashik,Ozar,67/B,B,Sunita Kumar,3.45 acres,Multi-crop,Pending Review,13961.67,RURAL,26.9729,81.5772,32097879.33,2.32,200000,74667080.05,149334160.1,6,6,11,26,53,31,77,83,59,20,60,3,1,1,4,2,1,0,75,0,100,2,10,290,454,164,1,Ramesh Reddy,Sunita Kumar,01-09-2025,18-06-2026
UP-LKO-2026-10632,P007,Railway,Tamil Nadu,Chennai,Kolathur,18/B,B,Manoj Devi,3.25 acres,Multi-crop,Verified,13152.3,RURAL,26.9731,81.5782,28132769.7,3.05,0,85804947.59,171609895.2,2,6,13,27,29,43,46,60,79,14,50,5,1,2,0,0,2,1,75,50,0,0,0,391,508,117,1,Meena Das,Manoj Devi,15-10-2025,10-11-2026
UP-LKO-2026-10633,P006,Highway,Maharashtra,Pune,Hinjewadi,133/2A,2A,Vikram Kumar,1.66 acres,Residential,Pending Review,6717.79,URBAN,26.9733,81.5792,14114076.79,1.03,50000,14587499.09,29174998.19,6,8,5,21,15,32,71,96,50,22,107,4,2,1,4,0,1,0,75,50,50,2,6,230,352,122,1,Meena Iyer,Vikram Kumar,17-07-2025,04-03-2026
UP-LKO-2026-10634,P009,Railway,Uttar Pradesh,Lucknow,Malhaur,133/3,3,Pooja Kumar,3.31 acres,Agricultural,Verified,13395.11,URBAN,26.9735,81.5802,23896876.24,1.32,0,31543876.64,63087753.27,7,7,8,19,52,17,53,112,76,57,93,5,1,2,3,0,2,0,75,50,0,2,8,308,476,168,1,Anil Verma,Pooja Kumar,23-02-2025,28-12-2025
UP-LKO-2026-10635,P003,Transmission,Tamil Nadu,Coonor,Hubbathala,40/1,1,Ramesh Kumar,1.37 acres,Commercial,Active,5544.2,RURAL,26.9737,81.5812,19914766.4,2.73,0,54367312.27,108734624.5,3,6,6,27,38,28,82,87,16,50,36,2,3,2,3,2,0,2,75,0,0,3,0,385,628,243,1,Suresh Singh,Ramesh Kumar,19-10-2025,08-11-2026
UP-LKO-2026-10636,P004,Railway,Maharashtra,Nashik,Ozar,165/1,1,Amit Gupta,1.7 acres,Commercial,Pending Review,6879.66,RURAL,26.9739,81.5822,7423153.14,2.05,200000,15417463.94,30834927.87,3,5,3,20,52,14,71,77,62,49,98,1,1,2,0,2,1,2,25,0,0,0,1,320,690,370,1,Priya Das,Amit Gupta,06-12-2025,22-10-2026
UP-LKO-2026-10637,P009,Highway,Uttar Pradesh,Kanpur,Bithoor,239/B,B,Neha Devi,3.85 acres,Residential,Disputed,15580.41,URBAN,26.9741,81.5832,35944005.87,1.26,0,45289447.4,90578894.79,1,3,7,17,32,30,89,53,22,34,29,3,3,0,0,1,1,0,75,50,0,1,0,379,352,0,0,Arvind Iyer,Neha Devi,15-08-2025,29-08-2026
UP-LKO-2026-10638,P004,Railway,Maharashtra,Pune,Hinjewadi,20-Jan,1,Rahul Singh,2.77 acres,Residential,Verified,11209.8,URBAN,26.9743,81.5842,38785908,1.78,0,69038916.24,138077832.5,5,6,2,16,38,20,49,43,18,40,58,0,2,0,2,2,1,0,0,0,50,2,4,281,329,48,1,Kavita Singh,Rahul Singh,26-12-2025,03-10-2026
UP-LKO-2026-10639,P002,Transmission,Uttar Pradesh,Kanpur,Bithoor,191/A,A,Pooja Verma,0.59 acres,Commercial,Disputed,2387.65,URBAN,26.9745,81.5852,8812816.15,1.94,200000,17296863.33,34593726.66,5,8,9,12,60,27,85,44,95,48,23,0,1,2,4,2,1,0,75,50,100,2,5,238,476,238,1,Deepa Reddy,Pooja Verma,01-10-2025,27-05-2026
UP-LKO-2026-10640,P003,Highway,Tamil Nadu,Coonor,Hubbathala,122/2A,2A,Pooja Verma,3.3 acres,Commercial,Active,13354.64,RURAL,26.9747,81.5862,18789978.48,3.38,200000,63710127.26,127420254.5,7,10,10,30,15,31,54,98,85,17,104,0,3,2,3,0,2,1,50,0,50,0,7,334,540,206,1,Arvind Joshi,Pooja Verma,14-06-2025,14-05-2026
UP-LKO-2026-10641,P007,Highway,Maharashtra,Nagpur,Butibori,26-Mar,3,Priya Verma,0.63 acres,Agricultural,Disputed,2549.52,URBAN,26.9749,81.5872,6539518.8,1.31,200000,8766769.628,17533539.26,6,7,8,21,20,34,34,105,100,51,45,3,2,0,0,2,1,1,75,100,50,0,10,283,590,307,1,Rajesh Deshmukh,Priya Verma,16-10-2025,26-07-2026
UP-LKO-2026-10642,P004,Railway,Tamil Nadu,Chennai,Kolathur,92/3,3,Ramesh Singh,0.7 acres,Agricultural,Active,2832.8,RURAL,26.9751,81.5882,3937592,2.87,200000,11500889.04,23001778.08,8,12,9,15,55,37,36,101,94,17,105,1,1,0,0,3,1,0,25,0,100,3,3,251,490,239,1,Sanjay Sharma,Ramesh Singh,04-01-2025,12-09-2025
UP-LKO-2026-10643,P001,Highway,Tamil Nadu,Chennai,Kolathur,102/3,3,Ramesh Kumar,4.62 acres,Residential,Pending Review,18696.49,RURAL,26.9753,81.5892,46199026.79,3.27,0,151070817.6,302141635.2,3,7,0,20,22,19,62,90,66,60,0,3,2,1,2,1,2,1,75,0,100,1,9,256,579,323,1,Anil Iyer,Ramesh Kumar,29-08-2025,12-05-2026
UP-LKO-2026-10644,P005,Transmission,Bihar,Muzaffarpur,PQR Village,225/A,A,Anjali Mishra,2.8 acres,Multi-crop,Verified,11331.21,RURAL,26.9755,81.5902,33868986.69,2.49,200000,84533776.86,169067553.7,9,10,19,27,59,38,90,31,84,52,119,1,1,1,3,0,0,1,75,50,100,2,2,331,501,170,1,Rajesh Reddy,Anjali Mishra,13-06-2025,10-05-2026
UP-LKO-2026-10645,P001,Highway,Bihar,Muzaffarpur,PQR Village,205/3,3,Sunita Gupta,3.95 acres,Commercial,Pending Review,15985.1,RURAL,26.9757,81.5912,52846740.6,2.3,50000,121597503.4,243195006.8,8,12,16,17,35,32,69,36,70,44,98,1,3,0,3,2,2,0,0,0,50,2,6,263,453,190,1,Meena Deshmukh,Sunita Gupta,18-06-2025,08-03-2026
UP-LKO-2026-10646,P008,Transmission,Maharashtra,Pune,Hinjewadi,136/2A,2A,Priya Mishra,3.75 acres,Residential,Pending Review,15175.73,URBAN,26.9759,81.5922,35146990.68,1.97,200000,69439571.64,138879143.3,5,6,20,16,26,34,87,106,36,54,138,0,2,0,4,1,0,0,50,0,50,0,6,384,389,5,1,Sanjay Iyer,Priya Mishra,10-03-2025,29-03-2026
UP-LKO-2026-10647,P004,Railway,Uttar Pradesh,Kanpur,Bithoor,83/B,B,Priya Mishra,3.99 acres,Multi-crop,Disputed,16146.97,URBAN,26.9761,81.5932,40415865.91,1.84,0,74365193.27,148730386.5,5,7,13,28,56,17,34,78,15,25,109,3,1,2,3,1,1,0,50,0,50,1,0,375,328,0,0,Anil Sharma,Priya Mishra,17-06-2025,27-06-2026
UP-LKO-2026-10648,P005,Railway,Maharashtra,Pune,Hinjewadi,54/B,B,Pooja Sharma,1.15 acres,Multi-crop,Pending Review,4653.89,URBAN,26.9763,81.5942,7562571.25,1.46,0,11041354.03,22082708.05,6,11,15,28,53,39,30,66,17,10,49,1,0,2,4,3,2,0,0,0,0,2,9,261,423,162,1,Arvind Verma,Pooja Sharma,23-08-2025,11-05-2026
UP-LKO-2026-10649,P001,Transmission,Uttar Pradesh,Varanasi,Sarnath,153/B,B,Anjali Sharma,1.67 acres,Multi-crop,Disputed,6758.26,RURAL,26.9765,81.5952,20984397.3,2.94,50000,61744128.06,123488256.1,1,3,12,23,59,39,82,101,98,16,91,4,3,1,3,1,2,2,25,0,100,0,2,222,778,556,1,Arvind Iyer,Anjali Sharma,24-02-2025,04-10-2025
UP-LKO-2026-10650,P002,Highway,Uttar Pradesh,Lucknow,Malhaur,159/A,A,Pooja Mishra,4.76 acres,Residential,Active,19263.05,URBAN,26.9767,81.5962,37601473.6,1.29,0,48505900.94,97011801.89,5,7,5,25,52,44,57,60,28,25,127,3,2,0,2,2,2,1,100,50,50,1,5,391,561,170,1,Kavita Patil,Pooja Mishra,25-08-2025,20-09-2026
UP-LKO-2026-10651,P004,Highway,Uttar Pradesh,Varanasi,Sarnath,240/2A,2A,Sunita Devi,4.61 acres,Multi-crop,Pending Review,18656.02,RURAL,26.9769,81.5972,46322897.66,2.56,50000,118636618,237273236,9,14,3,17,33,17,44,78,67,47,33,0,2,0,2,0,1,1,0,0,50,0,0,322,468,146,1,Deepa Sharma,Sunita Devi,04-07-2025,22-05-2026
UP-LKO-2026-10652,P004,Highway,Bihar,Patna,ABC Village,123/B,B,Amit Devi,0.78 acres,Residential,Pending Review,3156.55,RURAL,26.9771,81.5982,6461457.85,3.56,200000,23202789.95,46405579.89,3,6,12,26,24,18,88,100,32,31,103,4,3,0,1,1,1,0,25,0,0,2,10,391,394,3,1,Sanjay Das,Amit Devi,03-11-2025,29-11-2026
UP-LKO-2026-10653,P008,Highway,Bihar,Patna,ABC Village,245/1,1,Priya Verma,4.85 acres,Agricultural,Active,19627.27,RURAL,26.9773,81.5992,36055294.99,2.81,50000,101365378.9,202730757.8,10,10,5,26,20,34,48,109,54,17,138,3,3,2,1,2,0,0,25,0,0,2,1,270,368,98,1,Priya Deshmukh,Priya Verma,10-12-2025,06-09-2026
UP-LKO-2026-10654,P007,Transmission,Uttar Pradesh,Varanasi,Sarnath,16/2A,2A,Anjali Devi,2.88 acres,Multi-crop,Disputed,11654.96,RURAL,26.9775,81.6002,26748133.2,2.87,50000,76817142.28,153634284.6,9,11,14,18,39,22,85,114,38,21,121,5,0,2,0,3,2,2,75,0,100,1,3,321,757,436,1,Sanjay Patil,Anjali Devi,16-03-2025,31-01-2026
UP-LKO-2026-10655,P004,Transmission,Uttar Pradesh,Kanpur,Bithoor,94/A,A,Priya Devi,2.57 acres,Agricultural,Pending Review,10400.43,URBAN,26.9777,81.6012,17243912.94,1.21,50000,20915134.66,41830269.31,5,9,17,24,15,39,33,104,17,34,79,1,3,1,4,2,1,0,50,0,0,1,7,227,371,144,1,Ramesh Singh,Priya Devi,11-04-2025,24-11-2025
UP-LKO-2026-10656,P005,Highway,Bihar,Muzaffarpur,PQR Village,33/3,3,Pooja Singh,4.18 acres,Residential,Disputed,16915.87,RURAL,26.9779,81.6022,57513958,3.56,200000,204949690.5,409899381,2,4,11,21,37,31,59,64,88,45,72,2,3,0,4,1,1,0,75,0,100,2,4,201,420,219,1,Deepa Joshi,Pooja Singh,30-08-2025,19-03-2026
UP-LKO-2026-10657,P005,Transmission,Tamil Nadu,Chennai,Kolathur,47/3,3,Ramesh Verma,2.05 acres,Residential,Pending Review,8296.06,RURAL,26.9781,81.6032,10088008.96,3.25,50000,32836029.12,65672058.24,7,10,20,10,45,33,55,81,85,10,47,0,2,0,4,1,1,0,0,0,100,2,6,394,394,0,0,Sanjay Das,Ramesh Verma,13-05-2025,11-06-2026
UP-LKO-2026-10658,P008,Transmission,Bihar,Muzaffarpur,PQR Village,95/1,1,Neha Mishra,1.21 acres,Multi-crop,Pending Review,4896.7,RURAL,26.9783,81.6042,5401060.1,2.44,0,13178586.64,26357173.29,4,4,12,14,23,25,54,94,25,36,54,4,1,2,1,1,0,2,75,100,50,1,7,372,541,169,1,Arvind Joshi,Neha Mishra,16-12-2025,23-12-2026
UP-LKO-2026-10659,P003,Transmission,Bihar,Patna,ABC Village,16/B,B,Priya Gupta,3.78 acres,Multi-crop,Active,15297.13,RURAL,26.9785,81.6052,16291443.45,3.44,50000,56092565.47,112185130.9,10,14,20,10,53,11,46,98,47,27,71,4,1,2,1,1,0,1,75,50,50,2,5,381,442,61,1,Suresh Joshi,Priya Gupta,21-01-2025,06-02-2026
UP-LKO-2026-10660,P002,Railway,Bihar,Muzaffarpur,PQR Village,238/1,1,Priya Verma,4.44 acres,Residential,Disputed,17968.06,RURAL,26.9787,81.6062,36942331.36,3.28,0,121170846.9,242341693.7,9,10,5,28,53,13,82,78,89,35,21,2,3,2,2,0,2,0,25,0,0,2,5,374,468,94,1,Meena Yadav,Priya Verma,21-01-2025,30-01-2026
UP-LKO-2026-10661,P009,Railway,Maharashtra,Nagpur,Butibori,179/A,A,Manoj Singh,2.17 acres,Multi-crop,Pending Review,8781.69,URBAN,26.9789,81.6072,10704880.11,1.32,200000,14330441.75,28660883.49,1,4,10,21,38,20,70,62,43,53,74,0,1,2,3,3,0,1,50,0,100,2,0,293,517,224,1,Sanjay Yadav,Manoj Singh,25-12-2025,14-10-2026
UP-LKO-2026-10662,P002,Highway,Maharashtra,Nashik,Ozar,59/1,1,Amit Verma,1.7 acres,Residential,Verified,6879.66,RURAL,26.9791,81.6082,13284623.46,3.74,0,49684491.74,99368983.48,9,14,12,12,38,43,45,80,81,33,94,5,2,2,2,0,1,2,100,100,100,2,2,210,617,407,1,Kavita Patil,Amit Verma,10-10-2025,08-05-2026
UP-LKO-2026-10663,P007,Transmission,Tamil Nadu,Chennai,Kolathur,110/1,1,Amit Mishra,1.13 acres,Residential,Verified,4572.95,RURAL,26.9793,81.6092,5542415.4,3.43,200000,19210484.82,38420969.64,10,10,20,27,32,43,80,88,27,41,105,0,0,0,0,3,2,0,50,0,50,2,5,344,518,174,1,Kavita Patil,Amit Mishra,28-06-2025,07-06-2026
UP-LKO-2026-10664,P002,Railway,Bihar,Muzaffarpur,PQR Village,235/3,3,Anjali Verma,2.12 acres,Commercial,Disputed,8579.34,RURAL,26.9795,81.6102,18539953.74,2.43,200000,45252087.59,90504175.18,8,11,20,17,32,34,72,96,91,18,124,3,2,0,2,3,1,2,100,50,100,2,1,376,735,359,1,Anil Joshi,Anjali Verma,01-08-2025,12-08-2026
UP-LKO-2026-10665,P009,Highway,Bihar,Patna,ABC Village,204/A,A,Ramesh Mishra,4.06 acres,Agricultural,Verified,16430.25,RURAL,26.9797,81.6112,52954695.75,3.43,0,181634606.4,363269212.8,7,12,19,11,39,17,69,55,46,48,99,1,2,0,1,3,0,0,0,0,50,2,3,361,375,14,1,Anil Das,Ramesh Mishra,23-10-2025,19-10-2026
UP-LKO-2026-10666,P008,Highway,Maharashtra,Pune,Hinjewadi,131/A,A,Sunita Gupta,1.87 acres,Residential,Pending Review,7567.63,URBAN,26.9799,81.6122,25260748.94,1.27,0,32081151.15,64162302.31,1,5,14,10,50,35,44,64,92,49,79,4,2,1,2,0,0,0,25,0,100,3,10,295,344,49,1,Deepa Iyer,Sunita Gupta,27-11-2025,18-09-2026
UP-LKO-2026-10667,P003,Transmission,Uttar Pradesh,Kanpur,Bithoor,208/1,1,Amit Gupta,4.55 acres,Multi-crop,Active,18413.21,URBAN,26.9801,81.6132,62991591.41,1.37,200000,86498480.23,172996960.5,5,7,18,25,51,16,80,59,91,28,47,3,0,0,0,2,2,0,25,0,50,0,2,309,500,191,1,Ramesh Joshi,Amit Gupta,24-04-2025,27-02-2026
UP-LKO-2026-10668,P007,Highway,Tamil Nadu,Karaikudi,Kanadukathan,238/A,A,Sunita Mishra,0.7 acres,Multi-crop,Pending Review,2832.8,RURAL,26.9803,81.6142,5022554.4,2.89,0,14515182.22,29030364.43,7,7,15,24,29,15,35,83,61,59,76,2,3,1,0,1,2,0,0,0,50,1,7,261,426,165,1,Deepa Deshmukh,Sunita Mishra,01-09-2025,20-05-2026
UP-LKO-2026-10669,P005,Railway,Bihar,Patna,ABC Village,172/B,B,Priya Kumar,3.66 acres,Commercial,Pending Review,14811.51,RURAL,26.9805,81.6152,39472674.15,3.33,0,131444004.9,262888009.8,6,8,5,28,43,20,31,37,48,20,146,3,0,0,4,1,2,2,100,100,0,3,10,347,587,240,1,Kavita Patil,Priya Kumar,13-07-2025,25-06-2026
UP-LKO-2026-10670,P005,Highway,Maharashtra,Nashik,Ozar,100/A,A,Vikram Yadav,2.24 acres,Residential,Verified,9064.97,RURAL,26.9807,81.6162,35607202.16,2.84,0,101124454.1,202248908.3,9,14,7,19,52,44,73,95,37,55,137,2,0,0,3,1,2,0,25,0,50,1,5,303,495,192,1,Sanjay Reddy,Vikram Yadav,12-08-2025,11-06-2026
UP-LKO-2026-10671,P002,Transmission,Maharashtra,Pune,Hinjewadi,248/2A,2A,Manoj Yadav,2.53 acres,Residential,Active,10238.56,URBAN,26.9809,81.6172,26005942.4,1.52,200000,39729032.45,79458064.9,9,11,3,16,51,16,33,80,37,31,96,1,2,2,3,1,0,0,100,50,100,0,5,258,294,36,1,Meena Verma,Manoj Yadav,18-04-2025,01-01-2026
UP-LKO-2026-10672,P004,Transmission,Maharashtra,Nashik,Ozar,78/B,B,Manoj Devi,4.76 acres,Commercial,Active,19263.05,RURAL,26.9811,81.6182,68769088.5,2.98,0,204931883.7,409863767.5,4,5,4,16,42,19,58,69,38,22,126,4,2,0,3,1,2,0,50,0,50,0,1,333,384,51,1,Sanjay Das,Manoj Devi,31-08-2025,30-07-2026
UP-LKO-2026-10673,P007,Railway,Maharashtra,Nashik,Ozar,140/1,1,Pooja Devi,3.59 acres,Agricultural,Disputed,14528.23,RURAL,26.9813,81.6192,19293489.44,3.55,0,68491887.51,136983775,6,7,15,16,20,23,74,61,40,20,147,2,3,0,1,2,0,0,25,0,100,0,1,312,314,2,1,Meena Iyer,Pooja Devi,18-06-2025,26-04-2026
UP-LKO-2026-10674,P009,Railway,Maharashtra,Nagpur,Butibori,78/A,A,Neha Devi,2.15 acres,Residential,Pending Review,8700.75,URBAN,26.9815,81.6202,23326710.75,1.64,0,38255805.63,76511611.26,4,7,11,16,46,28,81,31,51,20,39,3,3,2,1,0,2,1,50,0,100,3,1,212,483,271,1,Anil Das,Neha Devi,20-10-2025,20-05-2026
UP-LKO-2026-10675,P001,Railway,Uttar Pradesh,Varanasi,Sarnath,234/B,B,Sunita Yadav,4.61 acres,Residential,Pending Review,18656.02,RURAL,26.9817,81.6212,61676802.12,3.44,200000,212368199.3,424736398.6,2,5,10,18,45,30,51,79,49,12,145,2,0,0,4,1,0,1,100,0,0,3,2,286,434,148,1,Deepa Das,Sunita Yadav,01-09-2025,14-06-2026
UP-LKO-2026-10676,P006,Railway,Bihar,Patna,ABC Village,89/B,B,Sunita Devi,2.45 acres,Agricultural,Pending Review,9914.81,RURAL,26.9819,81.6222,14703663.23,3.69,0,54256517.32,108513034.6,3,4,14,14,29,45,80,63,57,19,39,1,1,0,0,2,2,0,25,0,50,3,7,267,457,190,1,Meena Singh,Sunita Devi,26-04-2025,18-01-2026
UP-LKO-2026-10677,P001,Railway,Uttar Pradesh,Kanpur,Bithoor,92/2A,2A,Anjali Verma,1.78 acres,Commercial,Pending Review,7203.41,URBAN,26.9821,81.6232,12814866.39,1.76,200000,22754164.85,45508329.69,10,14,6,29,23,11,57,92,90,57,39,2,1,1,2,2,1,0,100,50,100,2,5,400,464,64,1,Deepa Sharma,Anjali Verma,22-07-2025,26-08-2026
UP-LKO-2026-10678,P001,Railway,Uttar Pradesh,Kanpur,Bithoor,94/1,1,Manoj Yadav,3.58 acres,Residential,Disputed,14487.76,URBAN,26.9823,81.6242,35118330.24,1.69,50000,59399978.11,118799956.2,6,11,20,29,60,24,60,83,91,48,40,2,0,2,3,1,1,0,0,0,50,1,2,380,470,90,1,Ramesh Patil,Manoj Yadav,30-03-2025,14-04-2026
UP-LKO-2026-10679,P002,Transmission,Tamil Nadu,Chennai,Kolathur,205/B,B,Anjali Yadav,4.9 acres,Agricultural,Active,19829.61,RURAL,26.9825,81.6252,73667001.15,2.93,50000,215894313.4,431788626.7,8,8,2,28,32,30,55,75,57,50,69,4,0,1,1,0,0,0,50,0,100,2,1,237,327,90,1,Sanjay Sharma,Anjali Yadav,01-11-2025,26-06-2026
UP-LKO-2026-10680,P002,Highway,Tamil Nadu,Chennai,Kolathur,130/A,A,Amit Singh,1.42 acres,Residential,Verified,5746.54,RURAL,26.9827,81.6262,10929919.08,2.72,0,29729379.9,59458759.8,4,7,11,25,49,16,63,119,69,26,83,1,3,0,4,1,2,0,50,0,0,2,6,247,487,240,1,Kavita Reddy,Amit Singh,19-11-2025,24-07-2026
UP-LKO-2026-10681,P007,Railway,Uttar Pradesh,Varanasi,Sarnath,16/B,B,Vikram Devi,0.89 acres,Commercial,Verified,3601.71,RURAL,26.9829,81.6272,13733320.23,2.13,0,29251972.09,58503944.18,1,2,13,13,27,10,33,65,86,59,117,5,3,0,3,0,1,2,75,50,50,2,7,375,578,203,1,Meena Verma,Vikram Devi,02-07-2025,12-07-2026
UP-LKO-2026-10682,P002,Transmission,Tamil Nadu,Chennai,Kolathur,87/1,1,Pooja Devi,0.69 acres,Multi-crop,Pending Review,2792.33,RURAL,26.9831,81.6282,10591307.69,3.08,50000,32671227.69,65342455.37,6,10,3,19,41,35,52,120,76,36,35,5,2,1,0,1,0,0,25,0,50,1,9,210,409,199,1,Suresh Yadav,Pooja Devi,13-10-2025,11-05-2026
UP-LKO-2026-10683,P004,Railway,Uttar Pradesh,Kanpur,Bithoor,221/A,A,Sunita Verma,2.17 acres,Commercial,Pending Review,8781.69,URBAN,26.9833,81.6292,21400978.53,1.39,0,29747360.16,59494720.31,9,13,12,26,49,40,36,33,82,24,108,1,0,2,4,3,0,0,0,0,100,3,1,286,380,94,1,Deepa Reddy,Sunita Verma,05-10-2025,18-07-2026
UP-LKO-2026-10684,P006,Railway,Maharashtra,Pune,Hinjewadi,139/3,3,Anjali Devi,0.63 acres,Agricultural,Active,2549.52,URBAN,26.9835,81.6302,7095314.16,1.37,200000,9920580.399,19841160.8,6,11,0,21,32,31,88,55,42,59,0,2,2,0,0,1,0,1,100,0,100,0,8,285,478,193,1,Priya Reddy,Anjali Devi,02-08-2025,14-05-2026
UP-LKO-2026-10685,P002,Highway,Bihar,Siwan,XYZ Village,162/B,B,Amit Sharma,4.46 acres,Multi-crop,Disputed,18049,RURAL,26.9837,81.6312,24131513,3.28,50000,79201362.64,158402725.3,8,11,2,25,48,41,84,91,67,21,70,4,1,2,3,1,0,2,75,50,0,0,0,215,647,432,1,Ramesh Sharma,Amit Sharma,11-08-2025,14-03-2026
UP-LKO-2026-10686,P008,Railway,Tamil Nadu,Coonor,Hubbathala,26-Jan,1,Manoj Sharma,1.67 acres,Commercial,Disputed,6758.26,RURAL,26.9839,81.6322,7143480.82,2.35,200000,16987179.93,33974359.85,8,9,20,16,20,15,59,36,55,59,41,0,2,1,2,1,1,0,75,0,50,0,1,313,335,22,1,Priya Singh,Manoj Sharma,28-07-2025,06-06-2026
UP-LKO-2026-10687,P008,Transmission,Bihar,Muzaffarpur,PQR Village,159/1,1,Sunita Sharma,2.75 acres,Commercial,Verified,11128.86,RURAL,26.9841,81.6332,19876143.96,2.73,200000,54461873.01,108923746,7,12,12,12,57,24,65,108,55,54,84,5,2,0,2,3,1,2,100,0,0,1,7,241,750,509,1,Ramesh Sharma,Sunita Sharma,23-05-2025,19-01-2026
UP-LKO-2026-10688,P001,Railway,Bihar,Muzaffarpur,PQR Village,162/A,A,Neha Kumar,1.58 acres,Agricultural,Active,6394.04,RURAL,26.9843,81.6342,11445331.6,3.51,0,40173113.92,80346227.83,10,12,20,25,45,16,55,54,93,47,49,3,0,0,2,3,2,0,100,0,100,2,3,328,515,187,1,Ramesh Verma,Neha Kumar,30-07-2025,23-06-2026
UP-LKO-2026-10689,P005,Transmission,Uttar Pradesh,Varanasi,Sarnath,119/3,3,Priya Singh,3.72 acres,Multi-crop,Verified,15054.32,RURAL,26.9845,81.6352,22190067.68,2.8,0,62132189.5,124264379,2,4,7,16,43,16,72,37,80,57,70,1,2,2,0,0,0,0,0,0,50,0,6,333,321,0,0,Suresh Deshmukh,Priya Singh,14-09-2025,13-08-2026
UP-LKO-2026-10690,P003,Railway,Tamil Nadu,Coonor,Hubbathala,57/2A,2A,Pooja Sharma,4.84 acres,Multi-crop,Pending Review,19586.8,RURAL,26.9847,81.6362,43463109.2,3.14,0,136474162.9,272948325.8,3,8,8,28,30,16,48,108,99,23,60,0,0,2,1,0,0,0,0,0,0,0,0,387,352,0,0,Rajesh Joshi,Pooja Sharma,09-03-2025,31-03-2026
UP-LKO-2026-10691,P001,Transmission,Tamil Nadu,Chennai,Kolathur,109/B,B,Pooja Mishra,1.93 acres,Residential,Disputed,7810.44,RURAL,26.9849,81.6372,16636237.2,2.11,0,35102460.49,70204920.98,7,12,11,23,60,13,36,51,18,43,30,5,2,1,1,0,2,0,25,0,50,1,1,209,334,125,1,Suresh Sharma,Pooja Mishra,18-10-2025,15-05-2026
UP-LKO-2026-10692,P006,Railway,Uttar Pradesh,Varanasi,Sarnath,93/A,A,Manoj Singh,3.43 acres,Residential,Pending Review,13880.73,RURAL,26.9851,81.6382,51192132.24,3.56,50000,182293990.8,364587981.5,9,11,15,27,32,45,59,57,58,15,131,1,1,1,3,2,0,0,100,50,100,3,6,210,353,143,1,Rajesh Yadav,Manoj Singh,13-08-2025,11-03-2026
UP-LKO-2026-10693,P007,Transmission,Uttar Pradesh,Kanpur,Bithoor,155/A,A,Anjali Yadav,2.39 acres,Commercial,Active,9672,URBAN,26.9853,81.6392,31956288,1.06,0,33873665.28,67747330.56,4,7,17,23,50,44,48,105,85,47,115,2,2,0,1,2,2,0,0,0,100,3,0,261,552,291,1,Priya Das,Anjali Yadav,10-12-2025,28-08-2026
UP-LKO-2026-10694,P008,Transmission,Bihar,Muzaffarpur,PQR Village,199/A,A,Sunita Singh,4.46 acres,Residential,Verified,18049,RURAL,26.9855,81.6402,64705665,2.4,0,155293596,310587192,7,11,16,17,55,22,84,50,61,33,53,2,0,2,2,0,0,2,0,0,0,2,0,220,562,342,1,Rajesh Deshmukh,Sunita Singh,16-08-2025,24-03-2026
UP-LKO-2026-10695,P001,Highway,Uttar Pradesh,Kanpur,Bithoor,11-Jan,1,Rahul Singh,1.19 acres,Residential,Active,4815.76,URBAN,26.9857,81.6412,9679677.6,1.06,200000,10460458.26,20920916.51,3,5,18,12,52,29,82,46,24,56,140,4,2,2,4,1,1,0,75,50,0,3,10,283,376,93,1,Ramesh Joshi,Rahul Singh,15-04-2025,23-01-2026
UP-LKO-2026-10696,P002,Transmission,Maharashtra,Nagpur,Butibori,231/2A,2A,Vikram Devi,1.18 acres,Residential,Disputed,4775.29,URBAN,26.9859,81.6422,15839636.93,1.43,50000,22700680.81,45401361.62,10,13,12,24,56,44,31,96,71,51,122,4,2,2,4,3,1,0,100,0,0,1,10,278,508,230,1,Priya Joshi,Vikram Devi,29-05-2025,03-03-2026
UP-LKO-2026-10697,P006,Transmission,Uttar Pradesh,Lucknow,Malhaur,55/2A,2A,Priya Yadav,3.41 acres,Commercial,Disputed,13799.79,URBAN,26.9861,81.6432,19595701.8,1.14,200000,22539100.05,45078200.1,5,10,15,22,60,24,70,39,36,16,49,5,0,0,0,2,1,0,75,50,100,2,2,245,372,127,1,Suresh Reddy,Priya Yadav,24-02-2025,27-10-2025
UP-LKO-2026-10698,P004,Transmission,Maharashtra,Pune,Hinjewadi,75/1,1,Vikram Kumar,1.6 acres,Residential,Pending Review,6474.98,URBAN,26.9863,81.6442,12218287.26,1.45,0,17716516.53,35433033.05,9,12,6,18,41,25,86,68,90,17,143,1,2,1,0,2,0,1,100,50,100,3,8,214,525,311,1,Deepa Deshmukh,Vikram Kumar,12-07-2025,11-02-2026
UP-LKO-2026-10699,P001,Transmission,Tamil Nadu,Chennai,Kolathur,120/B,B,Manoj Kumar,3.6 acres,Agricultural,Verified,14568.7,RURAL,26.9865,81.6452,46984057.5,3.59,50000,168722766.4,337445532.8,3,5,9,27,42,37,46,113,68,33,35,3,3,2,1,3,0,2,50,0,100,2,2,348,696,348,1,Ramesh Verma,Manoj Kumar,04-04-2025,18-03-2026
UP-LKO-2026-10700,P008,Transmission,Maharashtra,Pune,Hinjewadi,155/2A,2A,Sunita Yadav,2.94 acres,Multi-crop,Verified,11897.77,URBAN,26.9867,81.6462,32266752.24,1.59,0,51304136.06,102608272.1,2,7,15,13,25,31,53,107,96,28,100,1,2,2,4,1,1,1,100,50,100,0,3,384,548,164,1,Anil Iyer,Sunita Yadav,10-12-2025,29-12-2026
UP-LKO-2026-10701,P006,Transmission,Maharashtra,Nagpur,Butibori,218/A,A,Pooja Sharma,1.69 acres,Agricultural,Disputed,6839.19,URBAN,26.9869,81.6472,25858977.39,1.02,50000,26426156.94,52852313.88,10,13,19,30,36,35,31,55,38,44,90,1,3,1,3,2,1,0,75,50,50,0,2,226,374,148,1,Priya Iyer,Pooja Sharma,04-01-2025,18-08-2025
UP-LKO-2026-10702,P003,Transmission,Maharashtra,Nashik,Ozar,168/A,A,Manoj Singh,0.74 acres,Agricultural,Active,2994.68,RURAL,26.9871,81.6482,9565007.92,3.58,200000,34442728.35,68885456.71,5,6,5,29,54,35,58,55,64,48,60,2,3,1,2,2,2,1,0,0,100,2,4,264,613,349,1,Sanjay Verma,Manoj Singh,16-05-2025,04-02-2026
UP-LKO-2026-10703,P007,Transmission,Maharashtra,Pune,Hinjewadi,67/2A,2A,Manoj Verma,1.39 acres,Residential,Disputed,5625.14,URBAN,26.9873,81.6492,16521036.18,1.36,0,22468609.2,44937218.41,3,4,11,18,39,26,62,83,70,46,21,3,3,1,0,0,0,0,50,0,50,1,8,388,344,0,0,Priya Verma,Manoj Verma,06-01-2025,29-01-2026
UP-LKO-2026-10704,P003,Railway,Maharashtra,Pune,Hinjewadi,121/3,3,Anjali Verma,1.23 acres,Commercial,Pending Review,4977.64,URBAN,26.9875,81.6502,12817423,1.95,0,24993974.85,49987949.7,10,12,20,22,21,40,34,32,31,57,94,5,2,1,2,2,2,2,75,100,50,1,8,205,627,422,1,Anil Yadav,Anjali Verma,15-03-2025,06-10-2025
UP-LKO-2026-10705,P009,Transmission,Uttar Pradesh,Kanpur,Bithoor,35/B,B,Neha Verma,2.06 acres,Residential,Disputed,8336.53,URBAN,26.9877,81.6512,15914435.77,1.41,0,22439354.44,44878708.87,5,7,13,13,21,18,34,75,16,32,133,4,2,2,1,1,1,1,25,0,100,0,8,215,404,189,1,Deepa Iyer,Neha Verma,03-12-2025,06-07-2026
UP-LKO-2026-10706,P001,Railway,Uttar Pradesh,Varanasi,Sarnath,72/A,A,Vikram Sharma,4.27 acres,Residential,Pending Review,17280.09,RURAL,26.9879,81.6522,44098789.68,3.33,50000,146898969.6,293797939.3,9,9,0,28,60,34,37,38,88,43,0,4,0,0,1,2,0,0,25,0,100,1,2,331,388,57,1,Priya Reddy,Vikram Sharma,12-07-2025,08-06-2026
UP-LKO-2026-10707,P004,Transmission,Tamil Nadu,Coonor,Hubbathala,53/1,1,Amit Gupta,4.2 acres,Residential,Disputed,16996.81,RURAL,26.9881,81.6532,59437844.57,2.11,50000,125463852,250927704.1,1,1,11,23,28,27,32,83,37,35,124,0,2,1,4,1,1,2,75,100,0,2,8,330,580,250,1,Rajesh Joshi,Amit Gupta,25-11-2025,21-10-2026
UP-LKO-2026-10708,P004,Highway,Uttar Pradesh,Lucknow,Malhaur,231/1,1,Priya Yadav,4.89 acres,Multi-crop,Verified,19789.15,URBAN,26.9883,81.6542,30435712.7,1.86,0,56610425.62,113220851.2,9,13,2,13,39,42,67,54,97,50,50,5,1,1,3,2,2,1,25,0,0,2,5,379,632,253,1,Sanjay Verma,Priya Yadav,02-09-2025,16-09-2026
UP-LKO-2026-10709,P009,Highway,Tamil Nadu,Coonor,Hubbathala,208/A,A,Manoj Yadav,1.05 acres,Agricultural,Pending Review,4249.2,RURAL,26.9885,81.6552,6679742.4,2.03,50000,13609877.07,27219754.14,9,13,10,20,30,39,50,81,40,21,119,0,1,2,1,3,2,2,50,0,0,3,7,375,701,326,1,Priya Singh,Manoj Yadav,14-01-2025,24-01-2026
UP-LKO-2026-10710,P008,Transmission,Tamil Nadu,Karaikudi,Kanadukathan,133/2A,2A,Manoj Sharma,2.45 acres,Commercial,Disputed,9914.81,RURAL,26.9887,81.6562,20731867.71,3.66,0,75878635.82,151757271.6,9,12,18,11,60,38,64,43,49,54,55,0,2,2,4,2,1,0,50,0,0,0,1,296,424,128,1,Priya Singh,Manoj Sharma,30-09-2025,23-07-2026
UP-LKO-2026-10711,P008,Highway,Bihar,Siwan,XYZ Village,207/3,3,Amit Verma,1.56 acres,Commercial,Active,6313.1,RURAL,26.9889,81.6572,23030188.8,2.19,0,50436113.47,100872226.9,1,2,2,17,54,26,52,67,34,42,31,3,0,0,3,2,2,1,50,0,50,1,10,282,562,280,1,Deepa Iyer,Amit Verma,12-06-2025,21-03-2026
UP-LKO-2026-10712,P008,Transmission,Uttar Pradesh,Kanpur,Bithoor,105/B,B,Anjali Mishra,2.65 acres,Commercial,Pending Review,10724.18,URBAN,26.9891,81.6582,13255086.48,1.12,50000,14895696.86,29791393.72,9,14,4,16,46,36,48,53,99,56,126,5,0,2,0,3,0,0,50,0,100,0,10,367,444,77,1,Rajesh Sharma,Anjali Mishra,06-11-2025,08-11-2026
UP-LKO-2026-10713,P002,Highway,Uttar Pradesh,Varanasi,Sarnath,164/B,B,Manoj Verma,3.19 acres,Commercial,Verified,12909.48,RURAL,26.9893,81.6592,21481374.72,3.64,0,78192203.98,156384408,2,5,8,30,55,23,76,104,81,47,92,0,0,0,2,3,0,1,100,100,50,0,6,210,626,416,1,Kavita Verma,Manoj Verma,19-03-2025,15-10-2025
UP-LKO-2026-10714,P002,Highway,Tamil Nadu,Chennai,Kolathur,157/2A,2A,Vikram Mishra,3.48 acres,Multi-crop,Verified,14083.07,RURAL,26.9895,81.6602,37770793.74,3.43,50000,129603822.5,259207645.1,6,7,17,30,27,35,55,31,68,45,51,1,1,0,2,2,2,0,100,100,100,0,9,303,441,138,1,Sanjay Joshi,Vikram Mishra,23-11-2025,22-09-2026
UP-LKO-2026-10715,P007,Railway,Tamil Nadu,Karaikudi,Kanadukathan,163/2A,2A,Manoj Gupta,3.25 acres,Commercial,Active,13152.3,RURAL,26.9897,81.6612,20228237.4,2.98,50000,60330147.45,120660294.9,9,13,3,11,43,33,73,114,86,39,132,4,3,2,2,0,2,0,0,0,100,1,9,313,489,176,1,Deepa Deshmukh,Manoj Gupta,23-03-2025,30-01-2026
UP-LKO-2026-10716,P004,Railway,Tamil Nadu,Chennai,Kolathur,176/B,B,Amit Yadav,1.94 acres,Commercial,Disputed,7850.91,RURAL,26.9899,81.6622,19305387.69,3.31,0,63900833.25,127801666.5,7,12,9,20,28,17,59,67,88,36,85,1,2,2,4,1,1,0,0,0,0,3,0,262,390,128,1,Ramesh Verma,Amit Yadav,20-02-2025,09-11-2025
UP-LKO-2026-10717,P003,Railway,Uttar Pradesh,Lucknow,Malhaur,57/A,A,Pooja Verma,3.27 acres,Commercial,Active,13233.23,URBAN,26.9901,81.6632,22337692.24,1.42,200000,31919522.98,63839045.96,7,8,11,20,48,13,90,100,27,27,126,2,1,1,1,0,0,0,0,0,0,2,5,220,325,105,1,Arvind Deshmukh,Pooja Verma,18-07-2025,23-02-2026
UP-LKO-2026-10718,P009,Transmission,Tamil Nadu,Coonor,Hubbathala,44/2A,2A,Sunita Sharma,3.45 acres,Commercial,Pending Review,13961.67,RURAL,26.9903,81.6642,19518414.66,3.16,0,61678190.33,123356380.7,5,7,5,23,38,22,43,89,64,45,41,5,3,0,1,0,0,0,0,0,50,1,1,323,324,1,1,Meena Singh,Sunita Sharma,25-10-2025,13-09-2026
UP-LKO-2026-10719,P003,Transmission,Maharashtra,Nagpur,Butibori,197/A,A,Rahul Verma,4.7 acres,Multi-crop,Active,19020.24,URBAN,26.9905,81.6652,60027877.44,1.71,50000,102697670.4,205395340.8,2,7,9,18,36,27,31,66,98,60,137,5,2,1,3,3,2,0,25,0,50,1,6,224,516,292,1,Priya Reddy,Rahul Verma,15-04-2025,25-11-2025
UP-LKO-2026-10720,P007,Highway,Maharashtra,Pune,Hinjewadi,123/1,1,Ramesh Singh,2.98 acres,Residential,Disputed,12059.64,URBAN,26.9907,81.6662,30040563.24,1.38,0,41455977.27,82911954.54,10,11,19,14,23,23,38,100,92,18,88,2,1,0,4,0,2,2,75,0,0,1,1,395,638,243,1,Rajesh Patil,Ramesh Singh,10-12-2025,09-01-2027
UP-LKO-2026-10721,P003,Highway,Bihar,Siwan,XYZ Village,74/2A,2A,Rahul Gupta,3.46 acres,Multi-crop,Verified,14002.14,RURAL,26.9909,81.6672,51093808.86,2.09,50000,106836060.5,213672121,2,2,14,22,43,33,62,100,63,53,52,4,0,0,4,2,2,0,0,0,0,1,6,340,526,186,1,Anil Das,Rahul Gupta,06-05-2025,11-04-2026
UP-LKO-2026-10722,P009,Highway,Maharashtra,Nashik,Ozar,112/2A,2A,Amit Verma,0.98 acres,Multi-crop,Pending Review,3965.92,RURAL,26.9911,81.6682,13190649.92,2.98,200000,39508136.76,79016273.52,5,5,19,25,45,36,59,109,34,52,39,1,0,1,2,1,1,0,0,0,0,0,10,275,435,160,1,Sanjay Verma,Amit Verma,04-01-2025,06-10-2025
UP-LKO-2026-10723,P001,Transmission,Uttar Pradesh,Kanpur,Bithoor,233/2A,2A,Pooja Sharma,3.64 acres,Multi-crop,Pending Review,14730.57,URBAN,26.9913,81.6692,48581419.86,1.38,0,67042359.41,134084718.8,2,3,0,14,38,11,70,57,89,32,0,5,1,1,2,1,2,0,25,0,100,0,9,212,431,219,1,Anil Deshmukh,Pooja Sharma,24-09-2025,24-04-2026
UP-LKO-2026-10724,P003,Railway,Tamil Nadu,Coonor,Hubbathala,235/2A,2A,Amit Singh,2.34 acres,Agricultural,Verified,9469.65,RURAL,26.9915,81.6702,28352132.1,2.62,50000,74332586.1,148665172.2,6,7,10,25,18,20,32,110,48,31,142,4,3,2,1,1,2,1,0,0,0,3,9,304,524,220,1,Deepa Verma,Amit Singh,09-08-2025,09-06-2026
UP-LKO-2026-10725,P006,Transmission,Tamil Nadu,Coonor,Hubbathala,173/B,B,Vikram Sharma,1.74 acres,Multi-crop,Pending Review,7041.54,RURAL,26.9917,81.6712,16089918.9,2.99,200000,48308857.51,96617715.02,3,6,11,28,20,10,79,102,95,34,139,2,2,0,0,0,0,1,75,0,100,0,4,218,488,270,1,Kavita Deshmukh,Vikram Sharma,07-07-2025,10-02-2026
UP-LKO-2026-10726,P002,Highway,Tamil Nadu,Chennai,Kolathur,51/3,3,Sunita Devi,2.85 acres,Residential,Disputed,11533.55,RURAL,26.9919,81.6722,21290933.3,2.45,50000,52212786.59,104425573.2,2,2,13,27,19,37,37,49,16,56,148,2,3,0,2,0,1,2,75,100,0,3,8,271,526,255,1,Sanjay Joshi,Sunita Devi,22-12-2025,19-09-2026
UP-LKO-2026-10727,P008,Railway,Bihar,Siwan,XYZ Village,187/1,1,Ramesh Verma,3.68 acres,Agricultural,Disputed,14892.44,RURAL,26.9921,81.6732,41579692.48,3.86,50000,160547613,321095225.9,4,7,19,30,55,14,51,91,45,53,111,3,3,0,2,2,0,0,0,0,0,2,1,257,399,142,1,Priya Sharma,Ramesh Verma,06-12-2025,20-08-2026
UP-LKO-2026-10728,P007,Railway,Tamil Nadu,Coonor,Hubbathala,117/A,A,Anjali Yadav,0.54 acres,Agricultural,Pending Review,2185.3,RURAL,26.9923,81.6742,6372334.8,2.24,0,14274029.95,28548059.9,10,13,15,10,21,32,66,35,78,30,31,4,3,2,2,1,2,2,50,0,50,0,3,353,632,279,1,Priya Deshmukh,Anjali Yadav,23-05-2025,11-05-2026
UP-LKO-2026-10729,P009,Highway,Tamil Nadu,Karaikudi,Kanadukathan,17/2A,2A,Priya Kumar,3.61 acres,Commercial,Pending Review,14609.16,RURAL,26.9925,81.6752,54302247.72,3.98,50000,216172945.9,432345891.9,4,8,0,29,41,39,76,99,34,37,0,4,0,1,4,2,2,1,0,0,100,1,3,294,625,331,1,Anil Das,Priya Kumar,20-09-2025,11-07-2026
UP-LKO-2026-10730,P005,Railway,Maharashtra,Pune,Hinjewadi,31/A,A,Sunita Gupta,1.7 acres,Commercial,Active,6879.66,URBAN,26.9927,81.6762,20019810.6,1.78,200000,35835262.87,71670525.74,2,3,10,17,18,37,56,99,65,53,68,1,3,0,0,1,1,0,75,50,0,0,1,265,420,155,1,Arvind Verma,Sunita Gupta,16-10-2025,08-07-2026
UP-LKO-2026-10731,P006,Railway,Maharashtra,Nashik,Ozar,56/3,3,Priya Mishra,3.81 acres,Agricultural,Active,15418.54,RURAL,26.9929,81.6772,32764397.5,3.19,0,104518428,209036856,4,4,1,25,40,22,30,115,18,53,128,4,3,1,3,3,1,0,50,0,100,1,3,287,438,151,1,Sanjay Patil,Priya Mishra,26-07-2025,09-05-2026
UP-LKO-2026-10732,P004,Highway,Uttar Pradesh,Lucknow,Malhaur,33/3,3,Rahul Devi,4.46 acres,Multi-crop,Verified,18049,URBAN,26.9931,81.6782,39635604,1.19,50000,47216368.76,94432737.52,6,8,19,30,43,12,71,70,99,60,52,0,2,2,1,1,2,0,50,0,50,2,0,254,505,251,1,Suresh Sharma,Rahul Devi,29-06-2025,10-03-2026
UP-LKO-2026-10733,P003,Highway,Uttar Pradesh,Varanasi,Sarnath,132/3,3,Priya Gupta,4.66 acres,Residential,Verified,18858.37,RURAL,26.9933,81.6792,21140232.77,2.95,50000,62413686.67,124827373.3,4,5,3,17,54,10,84,87,36,48,69,1,3,0,2,2,0,2,0,0,0,3,2,386,636,250,1,Deepa Das,Priya Gupta,14-02-2025,07-03-2026
UP-LKO-2026-10734,P006,Railway,Uttar Pradesh,Kanpur,Bithoor,69/A,A,Neha Verma,3.86 acres,Agricultural,Disputed,15620.88,URBAN,26.9935,81.6802,21119429.76,1.14,50000,24126149.93,48252299.85,10,15,18,16,42,12,52,112,32,60,79,3,1,1,4,0,2,0,50,0,50,3,4,278,416,138,1,Anil Singh,Neha Verma,28-05-2025,02-03-2026
UP-LKO-2026-10735,P004,Railway,Bihar,Muzaffarpur,PQR Village,92/3,3,Anjali Verma,2.35 acres,Commercial,Disputed,9510.12,RURAL,26.9937,81.6812,23917951.8,2.82,50000,67498624.08,134997248.2,6,8,19,10,52,27,59,91,55,15,93,3,2,1,1,1,0,1,100,0,0,3,2,368,459,91,1,Priya Patil,Anjali Verma,23-09-2025,26-09-2026
UP-LKO-2026-10736,P003,Railway,Tamil Nadu,Chennai,Kolathur,85/B,B,Ramesh Yadav,4.56 acres,Residential,Pending Review,18453.68,RURAL,26.9939,81.6822,33807141.76,2.91,0,98378782.52,196757565,3,8,16,22,38,30,81,71,62,31,73,4,3,1,4,1,1,1,25,0,50,3,2,310,530,220,1,Rajesh Verma,Ramesh Yadav,04-10-2025,10-08-2026
UP-LKO-2026-10737,P001,Railway,Maharashtra,Pune,Hinjewadi,153/B,B,Rahul Kumar,3.25 acres,Commercial,Disputed,13152.3,URBAN,26.9941,81.6832,25988944.8,1.33,50000,34615296.58,69230593.17,7,11,12,24,52,19,30,31,84,10,93,2,3,2,1,2,2,1,100,0,0,2,7,362,520,158,1,Ramesh Sharma,Rahul Kumar,31-08-2025,28-08-2026
UP-LKO-2026-10738,P005,Highway,Maharashtra,Nashik,Ozar,109/2A,2A,Neha Devi,2.34 acres,Commercial,Verified,9469.65,RURAL,26.9943,81.6842,18153319.05,3.68,200000,67004214.1,134008428.2,5,9,11,26,41,38,45,88,67,48,51,1,0,2,0,0,1,0,0,0,0,1,0,229,398,169,1,Anil Yadav,Neha Devi,13-02-2025,30-09-2025
UP-LKO-2026-10739,P008,Railway,Uttar Pradesh,Lucknow,Malhaur,238/3,3,Vikram Sharma,2.0 acres,Commercial,Disputed,8093.72,URBAN,26.9945,81.6852,29250704.08,1.6,50000,46851126.53,93702253.06,3,5,2,21,32,30,60,81,17,35,81,0,0,1,0,1,2,1,50,0,0,2,0,263,516,253,1,Arvind Deshmukh,Vikram Sharma,20-10-2025,10-07-2026
UP-LKO-2026-10740,P007,Highway,Tamil Nadu,Coonor,Hubbathala,65/B,B,Neha Singh,3.68 acres,Agricultural,Verified,14892.44,RURAL,26.9947,81.6862,35786533.32,2.37,0,84814083.97,169628167.9,8,8,13,12,24,25,79,94,85,48,136,3,2,2,0,0,1,1,25,0,50,1,3,387,532,145,1,Meena Yadav,Neha Singh,16-05-2025,07-06-2026
UP-LKO-2026-10741,P006,Highway,Maharashtra,Pune,Hinjewadi,175/B,B,Vikram Devi,3.54 acres,Residential,Verified,14325.88,URBAN,26.9949,81.6872,18623644,1.85,200000,34653741.4,69307482.8,4,6,13,11,55,16,78,57,33,18,124,1,3,0,1,1,1,0,75,50,0,3,6,315,343,28,1,Priya Yadav,Vikram Devi,03-02-2025,15-12-2025
UP-LKO-2026-10742,P007,Highway,Maharashtra,Nagpur,Butibori,150/B,B,Anjali Yadav,1.4 acres,Multi-crop,Disputed,5665.6,URBAN,26.9951,81.6882,8022489.6,1.57,200000,12795308.67,25590617.34,9,9,14,28,59,34,30,118,42,26,108,1,3,2,2,1,0,2,75,0,0,3,9,350,607,257,1,Suresh Das,Anjali Yadav,06-10-2025,21-09-2026
UP-LKO-2026-10743,P005,Transmission,Tamil Nadu,Coonor,Hubbathala,77/2A,2A,Sunita Singh,4.88 acres,Agricultural,Active,19748.68,RURAL,26.9953,81.6892,46113167.8,3.02,50000,139311766.8,278623533.5,3,7,12,24,49,26,58,101,51,18,34,1,1,2,1,3,2,0,25,0,100,1,1,220,507,287,1,Deepa Iyer,Sunita Singh,31-10-2025,08-06-2026
UP-LKO-2026-10744,P001,Highway,Bihar,Muzaffarpur,PQR Village,162/3,3,Ramesh Mishra,3.44 acres,Multi-crop,Active,13921.2,RURAL,26.9955,81.6902,24083676,2.94,0,70806007.44,141612014.9,10,13,3,11,51,41,68,47,56,26,58,1,2,0,2,0,0,0,100,100,0,2,8,332,300,0,0,Priya Yadav,Ramesh Mishra,23-03-2025,18-02-2026
UP-LKO-2026-10745,P001,Transmission,Uttar Pradesh,Kanpur,Bithoor,68/1,1,Vikram Gupta,1.22 acres,Agricultural,Verified,4937.17,URBAN,26.9957,81.6912,6176399.67,1.77,0,10932227.42,21864454.83,9,10,2,24,19,30,80,33,63,43,123,2,3,1,2,3,2,0,100,50,100,1,2,374,472,98,1,Kavita Yadav,Vikram Gupta,26-11-2025,05-12-2026
UP-LKO-2026-10746,P006,Highway,Tamil Nadu,Chennai,Kolathur,90/A,A,Pooja Singh,1.36 acres,Residential,Pending Review,5503.73,RURAL,26.9959,81.6922,21337961.21,3.76,0,80230734.15,160461468.3,1,3,15,22,25,38,73,90,98,36,102,3,3,2,4,2,0,2,25,0,100,1,2,345,682,337,1,Anil Reddy,Pooja Singh,28-11-2025,08-11-2026
UP-LKO-2026-10747,P007,Railway,Uttar Pradesh,Varanasi,Sarnath,28-Mar,3,Amit Devi,1.33 acres,Commercial,Disputed,5382.32,RURAL,26.9961,81.6932,8611712,3.64,50000,31396631.68,62793263.36,6,10,3,28,38,22,39,37,55,19,136,3,3,2,2,1,0,0,100,0,50,1,1,200,268,68,1,Deepa Singh,Amit Devi,16-09-2025,04-04-2026
UP-LKO-2026-10748,P006,Highway,Bihar,Siwan,XYZ Village,170/3,3,Pooja Devi,0.85 acres,Agricultural,Active,3439.83,RURAL,26.9963,81.6942,4169073.96,3.66,200000,15458810.69,30917621.39,8,8,14,20,31,22,61,100,99,17,146,0,3,1,0,0,0,1,50,0,0,1,4,376,470,94,1,Ramesh Patil,Pooja Devi,28-01-2025,08-02-2026
UP-LKO-2026-10749,P001,Transmission,Bihar,Muzaffarpur,PQR Village,239/2A,2A,Vikram Devi,1.49 acres,Agricultural,Verified,6029.82,RURAL,26.9965,81.6952,17227195.74,3.73,0,64257440.11,128514880.2,4,4,9,28,38,28,72,41,51,44,40,0,3,1,2,2,0,2,75,0,0,3,7,219,602,383,1,Meena Deshmukh,Vikram Devi,31-08-2025,07-04-2026
UP-LKO-2026-10750,P004,Highway,Bihar,Siwan,XYZ Village,92/2A,2A,Anjali Verma,1.46 acres,Agricultural,Disputed,5908.42,RURAL,26.9967,81.6962,13618908.1,2.2,0,29961597.82,59923195.64,8,13,20,11,44,14,53,61,22,39,94,3,0,0,1,3,0,2,50,0,100,0,10,310,574,264,1,Anil Verma,Anjali Verma,19-08-2025,25-06-2026
UP-LKO-2026-10751,P004,Highway,Tamil Nadu,Karaikudi,Kanadukathan,35/3,3,Priya Gupta,2.99 acres,Multi-crop,Verified,12100.11,RURAL,26.9969,81.6972,24309120.99,3.16,200000,77016822.33,154033644.7,6,6,4,17,43,43,74,95,49,50,58,1,3,2,3,0,1,0,100,100,0,3,4,328,416,88,1,Meena Patil,Priya Gupta,12-02-2025,06-01-2026
UP-LKO-2026-10752,P008,Railway,Tamil Nadu,Coonor,Hubbathala,218/3,3,Rahul Singh,0.95 acres,Commercial,Verified,3844.52,RURAL,26.9971,81.6982,14343904.12,3.35,0,48052078.8,96104157.6,8,12,8,15,44,40,49,110,96,28,28,5,0,2,3,1,0,1,50,0,100,2,8,295,532,237,1,Meena Reddy,Rahul Singh,26-08-2025,17-06-2026
UP-LKO-2026-10753,P003,Railway,Tamil Nadu,Coonor,Hubbathala,20-Jan,1,Pooja Sharma,3.07 acres,Multi-crop,Pending Review,12423.86,RURAL,26.9973,81.6992,21369039.2,3.9,0,83339252.88,166678505.8,4,4,0,18,20,37,82,114,34,41,0,3,2,1,1,0,2,2,75,0,100,1,8,358,676,318,1,Rajesh Sharma,Pooja Sharma,11-07-2025,04-07-2026
UP-LKO-2026-10754,P009,Highway,Bihar,Patna,ABC Village,38/1,1,Rahul Gupta,3.7 acres,Residential,Verified,14973.38,RURAL,26.9975,81.7002,27506099.06,2.62,200000,72265979.54,144531959.1,5,6,9,10,38,13,56,81,77,16,148,0,2,1,3,3,2,0,100,0,0,0,8,310,471,161,1,Anil Reddy,Rahul Gupta,25-04-2025,01-03-2026
UP-LKO-2026-10755,P001,Highway,Tamil Nadu,Chennai,Kolathur,22-Mar,3,Pooja Kumar,1.18 acres,Multi-crop,Verified,4775.29,RURAL,26.9977,81.7012,11393841.94,3.42,0,38966939.43,77933878.87,4,8,13,28,52,21,89,72,42,35,76,2,3,0,3,1,1,1,25,0,0,0,10,240,534,294,1,Sanjay Yadav,Pooja Kumar,10-10-2025,07-06-2026
UP-LKO-2026-10756,P002,Transmission,Tamil Nadu,Coonor,Hubbathala,215/1,1,Manoj Sharma,1.53 acres,Multi-crop,Disputed,6191.7,RURAL,26.9979,81.7022,19076627.7,3.01,0,57420649.38,114841298.8,7,7,3,11,17,37,89,43,18,12,141,0,2,0,3,2,2,0,100,100,100,3,1,333,377,44,1,Arvind Reddy,Manoj Sharma,19-06-2025,18-05-2026
UP-LKO-2026-10757,P009,Transmission,Tamil Nadu,Coonor,Hubbathala,227/B,B,Priya Yadav,1.13 acres,Multi-crop,Pending Review,4572.95,RURAL,26.9981,81.7032,8464530.45,3.32,0,28102241.09,56204482.19,4,7,13,13,16,18,67,112,48,39,125,4,0,2,3,3,0,2,50,0,50,0,9,292,643,351,1,Kavita Deshmukh,Priya Yadav,10-07-2025,28-04-2026
UP-LKO-2026-10758,P002,Railway,Uttar Pradesh,Varanasi,Sarnath,74/A,A,Ramesh Gupta,3.89 acres,Multi-crop,Verified,15742.29,RURAL,26.9983,81.7042,25990520.79,2.79,0,72513553,145027106,2,5,3,11,32,16,75,41,94,34,127,4,1,1,0,0,1,0,100,100,50,2,1,350,348,0,0,Arvind Reddy,Ramesh Gupta,18-08-2025,03-08-2026
UP-LKO-2026-10759,P003,Railway,Uttar Pradesh,Lucknow,Malhaur,241/A,A,Vikram Gupta,1.36 acres,Residential,Active,5503.73,URBAN,26.9985,81.7052,12884231.93,1.13,0,14559182.08,29118364.16,6,8,20,30,60,22,84,64,38,36,107,2,0,2,0,3,1,0,50,0,100,2,1,225,469,244,1,Kavita Iyer,Vikram Gupta,07-07-2025,17-02-2026
UP-LKO-2026-10760,P005,Highway,Uttar Pradesh,Varanasi,Sarnath,206/A,A,Anjali Devi,1.42 acres,Agricultural,Verified,5746.54,RURAL,26.9987,81.7062,8045156,2.6,200000,21117405.6,42234811.2,1,6,18,22,20,44,32,117,66,29,106,1,2,2,4,1,1,0,0,0,0,1,4,234,405,171,1,Deepa Das,Anjali Devi,25-11-2025,17-07-2026
UP-LKO-2026-10761,P008,Railway,Tamil Nadu,Coonor,Hubbathala,24-Jan,1,Ramesh Yadav,3.59 acres,Multi-crop,Verified,14528.23,RURAL,26.9989,81.7072,32470594.05,3.87,0,125661199,251322397.9,8,12,8,13,49,34,40,67,52,39,81,0,3,0,3,3,1,2,100,0,0,2,7,217,669,452,1,Anil Iyer,Ramesh Yadav,14-12-2025,19-07-2026
UP-LKO-2026-10762,P009,Railway,Tamil Nadu,Chennai,Kolathur,223/A,A,Pooja Mishra,4.91 acres,Agricultural,Verified,19870.08,RURAL,26.9991,81.7082,32884982.4,2.94,50000,96731848.26,193463696.5,9,14,18,11,38,21,65,81,29,11,142,1,3,0,3,3,0,1,100,0,50,0,1,278,466,188,1,Ramesh Yadav,Pooja Mishra,15-05-2025,17-02-2026
UP-LKO-2026-10763,P003,Railway,Maharashtra,Nashik,Ozar,101/B,B,Neha Kumar,3.59 acres,Residential,Disputed,14528.23,RURAL,26.9993,81.7092,45996376.18,3.29,50000,151378077.6,302756155.3,7,7,0,10,57,35,58,100,84,27,0,4,2,2,4,2,0,0,25,0,100,1,4,220,431,211,1,Sanjay Sharma,Neha Kumar,28-06-2025,03-02-2026
UP-LKO-2026-10764,P003,Transmission,Bihar,Muzaffarpur,PQR Village,54/A,A,Priya Singh,4.81 acres,Residential,Verified,19465.4,RURAL,26.9995,81.7102,41344509.6,3.6,50000,148890234.6,297780469.1,6,10,16,30,57,18,35,108,49,47,22,3,2,0,4,2,2,0,100,100,0,3,1,254,494,240,1,Arvind Das,Priya Singh,09-08-2025,20-04-2026
UP-LKO-2026-10765,P002,Transmission,Tamil Nadu,Karaikudi,Kanadukathan,158/1,1,Manoj Mishra,2.19 acres,Multi-crop,Verified,8862.62,RURAL,26.9997,81.7112,26800562.88,2.37,200000,63717334.03,127434668.1,6,8,14,20,55,17,53,45,49,41,131,5,1,0,3,3,0,2,75,50,50,3,4,287,610,323,1,Sanjay Verma,Manoj Mishra,14-04-2025,26-01-2026
UP-LKO-2026-10766,P008,Highway,Maharashtra,Pune,Hinjewadi,97/B,B,Manoj Kumar,1.18 acres,Residential,Active,4775.29,URBAN,26.9999,81.7122,11198055.05,1.59,200000,18004907.53,36009815.06,10,13,10,17,22,34,61,92,61,35,85,5,0,1,0,0,2,0,75,100,50,2,0,381,412,31,1,Sanjay Das,Manoj Kumar,13-12-2025,29-12-2026
UP-LKO-2026-10767,P003,Transmission,Uttar Pradesh,Lucknow,Malhaur,229/A,A,Vikram Mishra,3.22 acres,Multi-crop,Disputed,13030.89,URBAN,27.0001,81.7132,14555504.13,1.77,0,25763242.31,51526484.62,6,11,14,17,58,12,46,42,22,14,51,5,0,2,2,2,1,2,0,0,0,2,2,369,556,187,1,Anil Joshi,Vikram Mishra,27-10-2025,31-10-2026
UP-LKO-2026-10768,P006,Transmission,Tamil Nadu,Karaikudi,Kanadukathan,171/3,3,Priya Sharma,3.8 acres,Residential,Active,15378.07,RURAL,27.0003,81.7142,15777899.82,2.53,50000,39968086.54,79936173.09,5,6,15,29,56,37,68,94,31,44,137,3,1,0,3,0,0,2,25,0,0,0,2,340,599,259,1,Meena Yadav,Priya Sharma,02-04-2025,08-03-2026
UP-LKO-2026-10769,P001,Highway,Maharashtra,Pune,Hinjewadi,218/A,A,Amit Verma,2.16 acres,Residential,Disputed,8741.22,URBAN,27.0005,81.7152,25489397.52,1.56,50000,39813460.13,79626920.26,5,5,13,19,20,28,64,59,73,21,88,1,2,1,0,3,2,0,75,100,50,1,4,204,464,260,1,Sanjay Singh,Amit Verma,19-11-2025,11-06-2026
UP-LKO-2026-10770,P003,Railway,Tamil Nadu,Chennai,Kolathur,111/1,1,Pooja Kumar,3.6 acres,Agricultural,Pending Review,14568.7,RURAL,27.0007,81.7162,47406549.8,3.04,0,144115911.4,288231822.8,2,2,2,11,52,21,50,47,46,57,46,2,0,1,1,1,2,1,25,0,0,0,9,269,524,255,1,Deepa Joshi,Pooja Kumar,21-07-2025,16-04-2026
UP-LKO-2026-10771,P009,Highway,Maharashtra,Pune,Hinjewadi,32/A,A,Rahul Sharma,2.98 acres,Residential,Pending Review,12059.64,URBAN,27.0009,81.7172,19355722.2,1.56,50000,30244926.63,60489853.26,9,11,18,24,59,14,37,100,69,39,84,2,2,1,4,0,2,2,0,0,0,2,10,264,672,408,1,Sanjay Patil,Rahul Sharma,15-02-2025,06-11-2025
UP-LKO-2026-10772,P009,Highway,Tamil Nadu,Chennai,Kolathur,89/A,A,Neha Singh,2.87 acres,Multi-crop,Pending Review,11614.49,RURAL,27.0011,81.7182,37189596.98,2.33,50000,86701760.96,173403521.9,6,11,12,22,29,15,59,119,68,27,143,1,0,0,1,2,1,1,75,100,0,1,4,315,564,249,1,Priya Sharma,Neha Singh,09-02-2025,21-12-2025
UP-LKO-2026-10773,P009,Highway,Uttar Pradesh,Varanasi,Sarnath,50/2A,2A,Neha Sharma,2.57 acres,Multi-crop,Disputed,10400.43,RURAL,27.0013,81.7192,35590271.46,2.21,50000,78704499.93,157408999.9,9,12,13,11,32,13,34,114,57,19,46,1,1,1,1,3,1,2,50,0,50,3,8,225,655,430,1,Ramesh Reddy,Neha Sharma,21-01-2025,03-09-2025
UP-LKO-2026-10774,P008,Transmission,Uttar Pradesh,Varanasi,Sarnath,134/A,A,Rahul Kumar,4.38 acres,Multi-crop,Verified,17725.25,RURAL,27.0015,81.7202,48425383,2.77,50000,134188310.9,268376621.8,9,9,20,11,30,25,43,41,40,25,40,5,1,1,0,3,1,0,25,0,100,2,4,280,350,70,1,Anil Joshi,Rahul Kumar,20-04-2025,25-01-2026
UP-LKO-2026-10775,P004,Transmission,Tamil Nadu,Chennai,Kolathur,167/B,B,Amit Gupta,3.54 acres,Multi-crop,Active,14325.88,RURAL,27.0017,81.7212,27104564.96,2.9,0,78603238.38,157206476.8,9,12,19,24,56,34,52,113,61,55,127,2,1,2,2,1,2,2,75,0,0,0,5,296,755,459,1,Anil Patil,Amit Gupta,26-07-2025,18-05-2026
UP-LKO-2026-10776,P004,Transmission,Tamil Nadu,Karaikudi,Kanadukathan,195/3,3,Amit Gupta,0.85 acres,Residential,Disputed,3439.83,RURAL,27.0019,81.7222,4261949.37,2.9,200000,12559653.17,25119306.35,3,5,5,16,60,40,65,89,98,29,97,1,0,2,4,2,1,0,50,0,50,1,7,300,502,202,1,Priya Yadav,Amit Gupta,04-09-2025,01-07-2026
UP-LKO-2026-10777,P007,Transmission,Maharashtra,Nashik,Ozar,157/1,1,Manoj Singh,3.19 acres,Multi-crop,Disputed,12909.48,RURAL,27.0021,81.7232,33203182.56,3.21,200000,106782216,213564432,1,3,1,10,38,43,40,64,69,45,93,5,3,0,0,2,0,2,75,100,100,1,7,224,609,385,1,Arvind Das,Manoj Singh,09-04-2025,19-11-2025
UP-LKO-2026-10778,P009,Transmission,Maharashtra,Pune,Hinjewadi,187/A,A,Priya Sharma,0.81 acres,Agricultural,Pending Review,3277.96,URBAN,27.0023,81.7242,9751931,1.12,50000,10972162.72,21944325.44,5,5,10,24,21,27,59,97,88,39,101,0,2,1,3,3,0,2,25,0,50,3,1,396,685,289,1,Arvind Yadav,Priya Sharma,11-07-2025,11-08-2026
UP-LKO-2026-10779,P004,Transmission,Tamil Nadu,Chennai,Kolathur,22/2A,2A,Sunita Sharma,2.58 acres,Agricultural,Active,10440.9,RURAL,27.0025,81.7252,26039604.6,2.8,200000,73110892.88,146221785.8,2,6,9,11,23,32,81,99,49,41,28,0,2,0,2,0,1,0,0,0,0,0,9,348,381,33,1,Sanjay Deshmukh,Sunita Sharma,26-04-2025,09-04-2026
UP-LKO-2026-10780,P006,Transmission,Maharashtra,Pune,Hinjewadi,238/3,3,Neha Kumar,0.74 acres,Agricultural,Disputed,2994.68,URBAN,27.0027,81.7262,6360700.32,1.62,0,10304334.52,20608669.04,3,4,3,29,27,25,45,42,30,24,123,2,1,2,3,3,0,1,0,0,100,1,10,344,432,88,1,Meena Patil,Neha Kumar,30-07-2025,09-07-2026
UP-LKO-2026-10781,P007,Railway,Tamil Nadu,Chennai,Kolathur,138/A,A,Pooja Yadav,2.79 acres,Agricultural,Active,11290.74,RURAL,27.0029,81.7272,16936110,3.51,200000,59645746.1,119291492.2,3,6,0,26,26,24,88,62,82,13,0,1,2,0,2,3,1,0,75,100,100,2,7,267,456,189,1,Ramesh Iyer,Pooja Yadav,26-12-2025,19-09-2026
UP-LKO-2026-10782,P009,Transmission,Bihar,Muzaffarpur,PQR Village,146/2A,2A,Amit Sharma,4.65 acres,Multi-crop,Disputed,18817.9,RURAL,27.0031,81.7282,44711330.4,2.46,50000,110039872.8,220079745.6,6,8,5,28,38,15,70,88,34,27,28,0,1,2,1,1,0,2,100,50,0,3,8,307,570,263,1,Deepa Reddy,Amit Sharma,21-12-2025,24-10-2026
UP-LKO-2026-10783,P001,Transmission,Bihar,Siwan,XYZ Village,140/B,B,Priya Verma,1.54 acres,Commercial,Pending Review,6232.16,RURAL,27.0033,81.7292,10139724.32,2.66,200000,27171666.69,54343333.38,8,13,4,25,58,16,81,47,100,50,77,1,3,2,2,0,0,1,50,0,0,1,10,372,497,125,1,Deepa Deshmukh,Priya Verma,22-08-2025,29-08-2026
UP-LKO-2026-10784,P004,Transmission,Bihar,Siwan,XYZ Village,177/2A,2A,Rahul Devi,0.53 acres,Commercial,Pending Review,2144.84,RURAL,27.0035,81.7302,8324124.04,3.68,0,30632776.47,61265552.93,6,6,16,24,43,15,71,91,76,18,54,5,0,0,2,2,2,2,25,0,50,1,4,363,728,365,1,Anil Patil,Rahul Devi,19-02-2025,17-02-2026
UP-LKO-2026-10785,P001,Railway,Bihar,Muzaffarpur,PQR Village,243/A,A,Priya Yadav,1.23 acres,Multi-crop,Disputed,4977.64,RURAL,27.0037,81.7312,12548630.44,2.22,50000,27907959.58,55815919.15,5,10,7,20,27,45,58,78,78,12,142,0,3,0,1,2,2,2,50,0,0,2,10,244,708,464,1,Ramesh Sharma,Priya Yadav,28-10-2025,29-06-2026
UP-LKO-2026-10786,P007,Highway,Maharashtra,Pune,Hinjewadi,200/2A,2A,Rahul Gupta,2.62 acres,Commercial,Pending Review,10602.77,URBAN,27.0039,81.7322,26252458.52,1.67,50000,43891605.73,87783211.46,10,13,8,14,36,31,38,103,40,39,144,3,2,0,1,2,2,0,100,50,50,1,7,230,451,221,1,Arvind Yadav,Rahul Gupta,20-07-2025,07-03-2026
UP-LKO-2026-10787,P002,Transmission,Tamil Nadu,Karaikudi,Kanadukathan,45/A,A,Sunita Singh,3.17 acres,Residential,Disputed,12828.55,RURAL,27.0041,81.7332,28992523,3.3,200000,95875325.9,191750651.8,6,10,12,21,18,16,59,63,95,11,122,4,3,1,2,0,1,0,0,0,100,2,6,299,328,29,1,Arvind Joshi,Sunita Singh,19-07-2025,14-05-2026
UP-LKO-2026-10788,P003,Highway,Tamil Nadu,Karaikudi,Kanadukathan,11/2A,2A,Amit Kumar,1.27 acres,Commercial,Verified,5139.51,RURAL,27.0043,81.7342,10479460.89,3.53,50000,37042496.94,74084993.88,6,9,19,22,45,39,82,30,67,38,103,1,1,1,4,1,1,1,100,50,100,2,0,350,518,168,1,Sanjay Deshmukh,Amit Kumar,03-02-2025,19-01-2026
UP-LKO-2026-10789,P007,Railway,Uttar Pradesh,Varanasi,Sarnath,212/3,3,Sunita Sharma,3.38 acres,Commercial,Verified,13678.39,RURAL,27.0045,81.7352,36753833.93,3.71,50000,136406723.9,272813447.8,9,10,9,11,54,18,41,95,46,14,90,3,0,0,4,3,2,1,25,0,100,1,1,227,579,352,1,Rajesh Reddy,Sunita Sharma,06-12-2025,21-07-2026
UP-LKO-2026-10790,P002,Highway,Tamil Nadu,Coonor,Hubbathala,26-Jan,1,Amit Devi,4.16 acres,Commercial,Active,16834.94,RURAL,27.0047,81.7362,34747316.16,3.33,50000,115758562.8,231517125.6,7,9,15,20,58,44,31,30,61,34,118,2,3,0,2,2,1,0,50,0,50,1,6,202,383,181,1,Suresh Reddy,Amit Devi,23-12-2025,13-07-2026
UP-LKO-2026-10791,P007,Railway,Tamil Nadu,Chennai,Kolathur,191/B,B,Pooja Yadav,2.96 acres,Commercial,Verified,11978.71,RURAL,27.0049,81.7372,46621139.32,2.54,50000,118467693.9,236935387.7,7,12,19,15,45,18,60,36,76,18,119,0,1,0,0,1,2,0,100,50,50,3,6,230,388,158,1,Kavita Deshmukh,Pooja Yadav,13-01-2025,31-08-2025
UP-LKO-2026-10792,P001,Highway,Tamil Nadu,Coonor,Hubbathala,137/1,1,Vikram Sharma,2.32 acres,Residential,Active,9388.72,RURAL,27.0051,81.7382,13838973.28,3.12,200000,43377596.63,86755193.27,10,14,15,27,58,29,39,69,68,34,84,5,0,0,2,2,2,0,25,0,0,1,0,297,474,177,1,Kavita Verma,Vikram Sharma,28-12-2025,21-10-2026
UP-LKO-2026-10793,P002,Transmission,Maharashtra,Nashik,Ozar,137/B,B,Vikram Verma,4.81 acres,Multi-crop,Active,19465.4,RURAL,27.0053,81.7392,34006053.8,3.06,50000,104108524.6,208217049.3,3,3,2,18,32,39,82,46,15,15,109,3,3,2,4,1,1,2,100,0,100,3,2,340,562,222,1,Arvind Das,Vikram Verma,18-12-2025,23-11-2026
UP-LKO-2026-10794,P005,Railway,Tamil Nadu,Chennai,Kolathur,121/1,1,Pooja Gupta,2.77 acres,Commercial,Disputed,11209.8,RURAL,27.0055,81.7402,13261193.4,3.73,0,49464251.38,98928502.76,5,7,12,15,16,34,59,45,97,21,144,5,1,2,2,2,2,0,50,0,50,1,7,228,437,209,1,Rajesh Sharma,Pooja Gupta,29-04-2025,13-12-2025
UP-LKO-2026-10795,P007,Transmission,Maharashtra,Pune,Hinjewadi,148/1,1,Anjali Mishra,2.55 acres,Multi-crop,Active,10319.49,URBAN,27.0057,81.7412,11444314.41,1.5,50000,17216471.62,34432943.23,10,13,13,12,47,10,63,38,98,24,135,0,1,0,2,0,1,0,75,50,50,2,0,327,337,10,1,Arvind Iyer,Anjali Mishra,12-02-2025,05-01-2026
UP-LKO-2026-10796,P006,Highway,Bihar,Patna,ABC Village,196/2A,2A,Ramesh Singh,3.41 acres,Multi-crop,Active,13799.79,RURAL,27.0059,81.7422,28317169.08,3.01,200000,85434678.93,170869357.9,4,8,7,11,54,23,80,66,65,20,37,5,2,0,3,0,2,2,75,100,50,0,2,235,649,414,1,Ramesh Deshmukh,Ramesh Singh,29-10-2025,21-06-2026
UP-LKO-2026-10797,P002,Highway,Uttar Pradesh,Kanpur,Bithoor,17/A,A,Pooja Sharma,3.82 acres,Multi-crop,Active,15459.01,URBAN,27.0061,81.7432,48634045.46,1.61,0,78300813.19,156601626.4,2,5,11,21,39,42,59,46,86,56,103,3,0,0,3,1,1,0,50,0,50,0,0,395,424,29,1,Suresh Deshmukh,Pooja Sharma,08-03-2025,07-04-2026
UP-LKO-2026-10798,P005,Railway,Uttar Pradesh,Varanasi,Sarnath,80/B,B,Rahul Kumar,1.76 acres,Agricultural,Verified,7122.47,RURAL,27.0063,81.7442,19558302.62,2.35,200000,46162011.16,92324022.31,3,7,10,19,45,12,37,118,41,33,74,3,3,0,2,0,1,0,25,0,100,0,5,250,350,100,1,Anil Singh,Rahul Kumar,27-01-2025,04-10-2025
UP-LKO-2026-10799,P006,Railway,Bihar,Siwan,XYZ Village,35/3,3,Priya Mishra,0.89 acres,Agricultural,Pending Review,3601.71,RURAL,27.0065,81.7452,8028211.59,3.96,0,31791717.9,63583435.79,2,5,18,12,58,19,90,57,71,49,138,5,3,0,3,0,2,0,100,100,100,2,1,281,446,165,1,Meena Singh,Priya Mishra,24-12-2025,01-10-2026
UP-LKO-2026-10800,P006,Highway,Maharashtra,Pune,Hinjewadi,74/B,B,Anjali Verma,0.72 acres,Multi-crop,Verified,2913.74,URBAN,27.0067,81.7462,7100784.38,1.06,0,7526831.443,15053662.89,6,8,3,15,52,43,73,84,38,53,100,5,0,2,4,3,2,0,25,0,50,2,1,261,538,277,1,Sanjay Singh,Anjali Verma,12-09-2025,31-05-2026
UP-LKO-2026-10801,P008,Highway,Maharashtra,Nagpur,Butibori,138/1,1,Ramesh Sharma,2.47 acres,Agricultural,Disputed,9995.74,URBAN,27.0069,81.7472,19411727.08,1.21,200000,23688189.77,47376379.53,4,7,6,24,23,24,71,32,90,11,75,2,1,2,3,2,1,2,100,100,0,2,1,335,620,285,1,Priya Patil,Ramesh Sharma,15-02-2025,16-01-2026
UP-LKO-2026-10802,P009,Highway,Maharashtra,Nashik,Ozar,197/1,1,Priya Kumar,4.33 acres,Agricultural,Pending Review,17522.9,RURAL,27.0071,81.7482,30104342.2,3.28,200000,98942242.42,197884484.8,1,1,5,20,42,11,36,119,16,11,43,3,3,0,1,2,0,0,25,0,100,3,2,306,315,9,1,Meena Reddy,Priya Kumar,10-04-2025,10-02-2026
UP-LKO-2026-10803,P007,Highway,Bihar,Siwan,XYZ Village,155/3,3,Neha Kumar,3.51 acres,Multi-crop,Pending Review,14204.48,RURAL,27.0073,81.7492,37102101.76,3.82,0,141730028.7,283460057.4,9,12,19,14,40,35,87,120,66,32,57,1,0,2,4,0,1,1,50,0,50,2,4,321,559,238,1,Priya Das,Neha Kumar,17-10-2025,03-09-2026
UP-LKO-2026-10804,P001,Railway,Maharashtra,Pune,Hinjewadi,142/B,B,Anjali Gupta,3.3 acres,Agricultural,Active,13354.64,URBAN,27.0075,81.7502,17040520.64,1.19,0,20278219.56,40556439.12,3,5,13,16,38,14,67,105,78,31,117,0,2,0,4,1,0,2,75,0,0,0,3,357,619,262,1,Kavita Joshi,Anjali Gupta,19-07-2025,11-07-2026
UP-LKO-2026-10805,P005,Railway,Uttar Pradesh,Varanasi,Sarnath,172/3,3,Manoj Verma,3.8 acres,Commercial,Disputed,15378.07,RURAL,27.0077,81.7512,17638646.29,3.34,200000,59113078.61,118226157.2,4,9,15,11,32,43,88,41,65,45,80,3,1,0,4,0,1,0,0,0,100,3,1,232,370,138,1,Priya Patil,Manoj Verma,24-04-2025,12-12-2025
UP-LKO-2026-10806,P008,Highway,Bihar,Patna,ABC Village,83/B,B,Vikram Devi,4.01 acres,Residential,Disputed,16227.91,RURAL,27.0079,81.7522,45081133.98,2.95,0,132989345.2,265978690.5,8,9,1,19,44,40,54,67,95,55,124,4,3,1,0,0,2,1,75,50,50,0,2,395,584,189,1,Arvind Singh,Vikram Devi,23-11-2025,23-12-2026
UP-LKO-2026-10807,P006,Railway,Maharashtra,Nagpur,Butibori,138/2A,2A,Amit Mishra,0.55 acres,Commercial,Disputed,2225.77,URBAN,27.0081,81.7532,6448055.69,1.04,200000,6905977.918,13811955.84,6,9,1,22,52,40,74,88,76,46,64,1,0,0,3,1,2,2,100,100,0,3,1,328,758,430,1,Deepa Deshmukh,Amit Mishra,05-08-2025,29-06-2026
UP-LKO-2026-10808,P001,Railway,Uttar Pradesh,Kanpur,Bithoor,180/2A,2A,Amit Mishra,1.02 acres,Commercial,Active,4127.8,URBAN,27.0083,81.7542,10137876.8,1.03,50000,10492013.1,20984026.21,10,13,5,16,22,25,53,40,58,46,84,0,2,1,1,0,1,0,100,0,100,1,6,293,305,12,1,Priya Joshi,Amit Mishra,24-08-2025,13-06-2026
UP-LKO-2026-10809,P001,Highway,Maharashtra,Nagpur,Butibori,140/2A,2A,Amit Verma,4.42 acres,Residential,Disputed,17887.12,URBAN,27.0085,81.7552,62443935.92,1.55,0,96788100.68,193576201.4,4,6,17,24,15,17,87,47,36,41,112,1,1,2,2,3,2,0,25,0,50,1,3,340,447,107,1,Ramesh Singh,Amit Verma,02-06-2025,08-05-2026
UP-LKO-2026-10810,P008,Transmission,Bihar,Patna,ABC Village,141/1,1,Anjali Verma,2.49 acres,Agricultural,Pending Review,10076.68,RURAL,27.0087,81.7562,33071663.76,3.79,200000,125541605.7,251083211.3,3,6,9,28,34,39,84,37,45,56,20,5,3,0,4,3,1,0,75,0,100,0,3,233,458,225,1,Priya Joshi,Anjali Verma,29-10-2025,19-06-2026
UP-LKO-2026-10811,P002,Transmission,Maharashtra,Nashik,Ozar,91/2A,2A,Priya Singh,4.12 acres,Residential,Verified,16673.06,RURAL,27.0089,81.7572,48885411.92,3.62,0,176965191.2,353930382.3,7,7,15,28,37,26,68,117,38,17,26,4,1,1,3,3,0,0,75,0,50,0,3,345,421,76,1,Priya Deshmukh,Priya Singh,01-01-2025,12-12-2025
UP-LKO-2026-10812,P009,Highway,Maharashtra,Pune,Hinjewadi,88/2A,2A,Anjali Singh,2.17 acres,Multi-crop,Verified,8781.69,URBAN,27.0091,81.7582,28039936.17,1.31,0,36732316.38,73464632.77,1,4,1,18,15,38,82,54,61,52,112,4,1,1,4,1,1,0,75,50,100,3,6,345,395,50,1,Ramesh Deshmukh,Anjali Singh,25-10-2025,05-10-2026
UP-LKO-2026-10813,P007,Transmission,Bihar,Patna,ABC Village,98/A,A,Rahul Yadav,1.49 acres,Agricultural,Disputed,6029.82,RURAL,27.0093,81.7592,17956803.96,2.21,0,39684536.75,79369073.5,10,13,5,24,26,34,33,41,18,50,99,1,1,2,1,3,0,1,0,0,50,1,3,288,436,148,1,Priya Iyer,Rahul Yadav,27-01-2025,11-11-2025
UP-LKO-2026-10814,P002,Railway,Tamil Nadu,Chennai,Kolathur,168/B,B,Anjali Singh,3.89 acres,Commercial,Pending Review,15742.29,RURAL,27.0095,81.7602,35089564.41,3.03,50000,106371380.2,212742760.3,4,9,4,28,42,21,87,103,53,53,27,5,3,1,2,2,1,2,75,0,50,1,3,216,732,516,1,Rajesh Iyer,Anjali Singh,22-12-2025,26-07-2026
UP-LKO-2026-10815,P001,Highway,Maharashtra,Nagpur,Butibori,14/A,A,Vikram Mishra,4.52 acres,Commercial,Disputed,18291.81,URBAN,27.0097,81.7612,38046964.8,1.69,0,64299370.51,128598741,4,4,19,18,41,34,44,47,69,12,116,2,1,1,4,0,2,0,50,0,100,0,2,227,355,128,1,Sanjay Deshmukh,Vikram Mishra,14-11-2025,29-06-2026
UP-LKO-2026-10816,P004,Railway,Uttar Pradesh,Lucknow,Malhaur,225/3,3,Vikram Sharma,3.66 acres,Commercial,Active,14811.51,URBAN,27.0099,81.7622,51233013.09,1.85,200000,94981074.22,189962148.4,6,9,12,15,24,44,31,51,24,52,80,0,2,0,1,1,1,0,0,0,100,0,4,271,316,45,1,Arvind Das,Vikram Sharma,21-11-2025,19-08-2026
UP-LKO-2026-10817,P006,Highway,Maharashtra,Pune,Hinjewadi,12-Jan,1,Ramesh Singh,1.87 acres,Agricultural,Disputed,7567.63,URBAN,27.0101,81.7632,11162254.25,1.46,50000,16346891.21,32693782.41,8,8,20,29,57,14,37,97,54,25,143,1,2,1,2,0,1,0,50,0,0,0,9,229,358,129,1,Deepa Joshi,Ramesh Singh,13-11-2025,30-06-2026
UP-LKO-2026-10818,P004,Railway,Uttar Pradesh,Varanasi,Sarnath,219/B,B,Manoj Gupta,2.47 acres,Residential,Disputed,9995.74,RURAL,27.0103,81.7642,13274342.72,2.67,0,35442495.06,70884990.12,1,2,5,16,54,23,84,33,86,47,109,2,1,0,1,2,1,0,50,0,0,0,2,306,448,142,1,Meena Verma,Manoj Gupta,03-03-2025,03-01-2026
UP-LKO-2026-10819,P002,Transmission,Uttar Pradesh,Kanpur,Bithoor,199/2A,2A,Vikram Kumar,2.41 acres,Residential,Verified,9752.93,URBAN,27.0105,81.7652,36602746.29,1.42,200000,52175899.73,104351799.5,5,10,20,17,57,35,42,106,51,24,77,1,2,0,0,0,1,0,100,50,50,2,9,333,377,44,1,Suresh Reddy,Vikram Kumar,28-04-2025,27-03-2026
UP-LKO-2026-10820,P003,Transmission,Bihar,Siwan,XYZ Village,107/A,A,Neha Verma,2.48 acres,Commercial,Pending Review,10036.21,RURAL,27.0107,81.7662,32908732.59,2.55,0,83917268.1,167834536.2,3,3,18,10,21,24,75,35,22,58,84,2,1,1,4,0,2,1,0,0,0,0,8,285,455,170,1,Meena Joshi,Neha Verma,16-04-2025,26-01-2026
UP-LKO-2026-10821,P003,Transmission,Bihar,Muzaffarpur,PQR Village,180/A,A,Sunita Gupta,2.08 acres,Agricultural,Active,8417.47,RURAL,27.0109,81.7672,18013385.8,2.03,0,36567173.17,73134346.35,1,6,13,16,59,28,53,51,22,16,44,3,2,2,3,2,1,0,75,100,100,1,5,343,350,7,1,Meena Das,Sunita Gupta,16-02-2025,25-01-2026
UP-LKO-2026-10822,P007,Highway,Bihar,Muzaffarpur,PQR Village,129/2A,2A,Pooja Mishra,3.38 acres,Multi-crop,Active,13678.39,RURAL,27.0111,81.7682,51512816.74,2.66,200000,137224092.5,274448185.1,10,12,6,25,38,18,48,94,34,10,81,1,3,0,2,1,2,0,0,0,50,1,8,296,387,91,1,Ramesh Joshi,Pooja Mishra,24-08-2025,16-06-2026
UP-LKO-2026-10823,P007,Transmission,Maharashtra,Nashik,Ozar,220/2A,2A,Rahul Verma,4.74 acres,Multi-crop,Active,19182.12,RURAL,27.0113,81.7692,38306693.64,2.47,0,94617533.29,189235066.6,9,11,19,29,30,27,34,84,60,54,28,3,0,1,2,3,0,0,100,0,100,0,3,336,408,72,1,Ramesh Verma,Rahul Verma,20-05-2025,21-04-2026
UP-LKO-2026-10824,P005,Railway,Tamil Nadu,Chennai,Kolathur,124/1,1,Sunita Devi,0.96 acres,Multi-crop,Active,3884.99,RURAL,27.0115,81.7702,7144496.61,2.99,50000,21412044.86,42824089.73,9,12,4,11,17,42,84,104,77,35,102,1,3,1,4,2,0,0,75,100,0,0,8,304,430,126,1,Anil Yadav,Sunita Devi,28-07-2025,28-05-2026
UP-LKO-2026-10825,P006,Highway,Tamil Nadu,Chennai,Kolathur,138/A,A,Ramesh Kumar,3.42 acres,Multi-crop,Active,13840.26,RURAL,27.0117,81.7712,41686863.12,2.83,50000,118023822.6,236047645.3,2,4,5,21,23,19,39,103,18,46,85,1,3,0,2,1,2,0,50,0,100,2,0,380,389,9,1,Kavita Verma,Ramesh Kumar,28-08-2025,12-09-2026
UP-LKO-2026-10826,P009,Railway,Tamil Nadu,Chennai,Kolathur,18-Mar,3,Manoj Gupta,1.98 acres,Commercial,Active,8012.78,RURAL,27.0119,81.7722,11882952.74,2.09,50000,24885371.23,49770742.45,5,6,15,23,48,40,42,33,26,51,139,3,3,0,3,1,1,1,50,0,100,3,5,266,458,192,1,Priya Yadav,Manoj Gupta,29-11-2025,22-08-2026
UP-LKO-2026-10827,P003,Highway,Bihar,Muzaffarpur,PQR Village,238/3,3,Anjali Verma,3.07 acres,Commercial,Verified,12423.86,RURAL,27.0121,81.7732,20238467.94,2.4,200000,48772323.06,97544646.11,10,12,5,21,49,43,56,63,65,42,50,5,3,2,0,0,1,1,100,0,50,3,2,224,504,280,1,Suresh Verma,Anjali Verma,09-09-2025,21-04-2026
UP-LKO-2026-10828,P006,Transmission,Uttar Pradesh,Kanpur,Bithoor,77/B,B,Rahul Mishra,2.08 acres,Agricultural,Pending Review,8417.47,URBAN,27.0123,81.7742,28737242.58,1.51,0,43393236.3,86786472.59,1,6,4,17,47,39,56,59,50,51,136,1,1,0,4,0,2,1,100,50,100,3,8,201,529,328,1,Anil Verma,Rahul Mishra,12-02-2025,01-09-2025
UP-LKO-2026-10829,P009,Highway,Uttar Pradesh,Varanasi,Sarnath,246/B,B,Vikram Devi,2.8 acres,Multi-crop,Verified,11331.21,RURAL,27.0125,81.7752,17744674.86,3.99,50000,70851252.69,141702505.4,6,9,3,17,31,21,60,93,90,27,39,5,0,0,3,3,0,2,100,0,0,0,6,358,669,311,1,Ramesh Deshmukh,Vikram Devi,13-07-2025,06-07-2026
UP-LKO-2026-10830,P003,Railway,Tamil Nadu,Chennai,Kolathur,189/3,3,Rahul Verma,1.57 acres,Multi-crop,Pending Review,6353.57,RURAL,27.0127,81.7762,10883665.41,2.23,0,24270573.86,48541147.73,4,6,18,21,32,38,90,83,61,55,137,5,3,1,4,3,0,2,0,0,100,1,8,271,710,439,1,Sanjay Singh,Rahul Verma,15-07-2025,12-04-2026
UP-LKO-2026-10831,P007,Transmission,Maharashtra,Nashik,Ozar,57/B,B,Rahul Singh,1.79 acres,Multi-crop,Pending Review,7243.88,RURAL,27.0129,81.7772,25563652.52,3.96,200000,101432064,202864128,3,4,15,17,17,14,82,88,96,59,53,3,0,2,3,0,1,0,50,0,0,2,6,354,418,64,1,Suresh Verma,Rahul Singh,25-07-2025,14-07-2026
UP-LKO-2026-10832,P003,Railway,Bihar,Siwan,XYZ Village,240/B,B,Ramesh Devi,1.14 acres,Residential,Disputed,4613.42,RURAL,27.0131,81.7782,4857931.26,2.92,50000,14235159.28,28470318.56,1,2,4,23,17,36,30,107,32,18,88,2,2,1,2,3,2,0,50,0,100,1,7,396,443,47,1,Ramesh Sharma,Ramesh Devi,25-03-2025,25-04-2026
UP-LKO-2026-10833,P004,Transmission,Uttar Pradesh,Kanpur,Bithoor,90/B,B,Ramesh Sharma,3.12 acres,Residential,Verified,12626.2,URBAN,27.0133,81.7792,49633592.2,1.84,200000,91525809.65,183051619.3,4,4,2,17,40,43,84,36,16,35,63,0,0,2,0,2,0,2,50,0,100,1,0,247,571,324,1,Kavita Deshmukh,Ramesh Sharma,27-12-2025,31-08-2026
UP-LKO-2026-10834,P002,Transmission,Tamil Nadu,Chennai,Kolathur,90/1,1,Ramesh Yadav,3.59 acres,Agricultural,Disputed,14528.23,RURAL,27.0135,81.7802,37381135.79,2.98,50000,111445784.7,222891569.3,7,10,11,14,32,21,55,119,60,38,112,0,0,1,2,2,0,2,50,0,0,2,0,336,639,303,1,Anil Sharma,Ramesh Yadav,28-03-2025,27-02-2026
UP-LKO-2026-10835,P001,Transmission,Bihar,Patna,ABC Village,28/2A,2A,Ramesh Singh,3.3 acres,Agricultural,Pending Review,13354.64,RURAL,27.0137,81.7812,25614199.52,3.5,50000,89699698.32,179399396.6,9,9,4,23,45,17,37,63,28,27,109,3,3,0,1,0,1,0,0,0,50,1,2,331,285,0,0,Anil Patil,Ramesh Singh,26-11-2025,23-10-2026
UP-LKO-2026-10836,P007,Highway,Bihar,Muzaffarpur,PQR Village,34/B,B,Vikram Singh,4.31 acres,Multi-crop,Verified,17441.97,RURAL,27.0139,81.7822,37064186.25,3.16,50000,117172828.6,234345657.1,7,12,18,13,59,11,47,34,44,60,43,3,3,2,1,3,1,1,25,0,0,2,8,370,523,153,1,Suresh Verma,Vikram Singh,06-02-2025,11-02-2026
UP-LKO-2026-10837,P009,Railway,Maharashtra,Nagpur,Butibori,208/1,1,Priya Mishra,2.23 acres,Commercial,Verified,9024.5,URBAN,27.0141,81.7832,27660092.5,1.96,50000,54263781.3,108527562.6,2,6,7,22,42,10,55,33,98,24,61,3,3,0,3,0,0,1,50,0,0,1,0,341,404,63,1,Ramesh Yadav,Priya Mishra,24-05-2025,30-04-2026
UP-LKO-2026-10838,P006,Transmission,Tamil Nadu,Coonor,Hubbathala,52/2A,2A,Ramesh Kumar,2.38 acres,Residential,Verified,9631.53,RURAL,27.0143,81.7842,28499697.27,3.38,200000,96528976.77,193057953.5,2,6,10,25,22,43,63,62,65,43,91,1,0,0,3,1,2,1,75,50,0,2,5,371,563,192,1,Ramesh Sharma,Ramesh Kumar,26-01-2025,01-02-2026
UP-LKO-2026-10839,P004,Transmission,Bihar,Muzaffarpur,PQR Village,41/B,B,Manoj Devi,4.21 acres,Multi-crop,Verified,17037.28,RURAL,27.0145,81.7852,50379236.96,3.59,0,180861460.7,361722921.4,9,11,20,30,25,40,53,85,34,33,32,3,3,1,4,2,2,1,0,0,100,0,4,255,570,315,1,Arvind Reddy,Manoj Devi,25-12-2025,06-09-2026
UP-LKO-2026-10840,P002,Transmission,Tamil Nadu,Karaikudi,Kanadukathan,12-Jan,1,Rahul Sharma,2.64 acres,Residential,Pending Review,10683.71,RURAL,27.0147,81.7862,40298954.12,2.93,200000,118275935.6,236551871.1,5,6,12,17,41,36,66,62,22,59,31,3,3,1,4,1,1,0,25,0,50,0,5,397,378,0,0,Priya Verma,Rahul Sharma,27-06-2025,29-07-2026
UP-LKO-2026-10841,P007,Transmission,Maharashtra,Nagpur,Butibori,166/B,B,Pooja Mishra,1.83 acres,Multi-crop,Pending Review,7405.75,URBAN,27.0149,81.7872,10049602.75,1.1,200000,11254563.03,22509126.05,1,4,9,28,51,16,63,116,74,17,55,0,1,0,3,0,1,2,25,0,50,3,2,248,650,402,1,Priya Yadav,Pooja Mishra,29-01-2025,04-10-2025
UP-LKO-2026-10842,P004,Highway,Maharashtra,Nashik,Ozar,119/A,A,Ramesh Kumar,4.05 acres,Residential,Disputed,16389.78,RURAL,27.0151,81.7882,62231994.66,2.76,0,171760305.3,343520610.5,5,10,19,20,51,38,53,42,33,19,92,4,3,0,4,1,1,0,25,0,50,0,2,339,331,0,0,Suresh Singh,Ramesh Kumar,13-02-2025,18-01-2026
UP-LKO-2026-10843,P005,Highway,Uttar Pradesh,Kanpur,Bithoor,227/A,A,Anjali Mishra,0.82 acres,Agricultural,Verified,3318.43,URBAN,27.0153,81.7892,11315846.3,1.27,200000,14571124.8,29142249.6,10,11,15,18,46,11,39,51,56,13,57,2,0,2,1,1,2,1,100,50,100,2,4,354,474,120,1,Ramesh Iyer,Anjali Mishra,14-04-2025,03-04-2026
UP-LKO-2026-10844,P003,Transmission,Bihar,Siwan,XYZ Village,129/A,A,Rahul Kumar,3.17 acres,Multi-crop,Pending Review,12828.55,RURAL,27.0155,81.7902,24040702.7,3.95,200000,95160775.67,190321551.3,3,4,4,15,24,27,70,43,74,54,85,0,1,1,2,3,0,2,50,0,50,0,2,295,637,342,1,Anil Yadav,Rahul Kumar,12-10-2025,03-08-2026
UP-LKO-2026-10845,P008,Railway,Uttar Pradesh,Lucknow,Malhaur,227/3,3,Rahul Sharma,2.32 acres,Commercial,Pending Review,9388.72,URBAN,27.0157,81.7912,20749071.2,1.25,0,25936339,51872678,9,10,1,22,22,39,45,67,57,13,70,0,3,2,0,0,2,0,25,0,0,2,2,244,355,111,1,Priya Yadav,Rahul Sharma,12-08-2025,13-04-2026
UP-LKO-2026-10846,P008,Highway,Bihar,Siwan,XYZ Village,69/2A,2A,Neha Singh,1.4 acres,Residential,Disputed,5665.6,RURAL,27.0159,81.7922,8373756.8,3.94,0,32992601.79,65985203.58,2,6,15,21,32,26,65,108,62,51,149,4,3,2,1,3,0,1,25,0,50,3,9,244,575,331,1,Rajesh Iyer,Neha Singh,15-08-2025,16-04-2026
UP-LKO-2026-10847,P007,Railway,Uttar Pradesh,Varanasi,Sarnath,36/B,B,Amit Devi,3.56 acres,Multi-crop,Verified,14406.82,RURAL,27.0161,81.7932,37443325.18,2.79,200000,104666877.3,209333754.5,4,8,15,24,59,28,49,113,80,54,68,0,2,2,4,1,1,2,25,0,100,0,7,288,722,434,1,Arvind Yadav,Amit Devi,14-04-2025,27-01-2026
UP-LKO-2026-10848,P002,Transmission,Bihar,Patna,ABC Village,215/3,3,Ramesh Mishra,3.2 acres,Residential,Disputed,12949.95,RURAL,27.0163,81.7942,47811215.4,2.06,200000,98691103.72,197382207.4,7,12,11,24,38,26,59,65,64,17,45,4,1,1,3,0,1,1,100,50,50,3,9,393,458,65,1,Kavita Das,Ramesh Mishra,20-01-2025,17-02-2026
UP-LKO-2026-10849,P004,Highway,Uttar Pradesh,Varanasi,Sarnath,74/3,3,Pooja Yadav,1.27 acres,Multi-crop,Pending Review,5139.51,RURAL,27.0165,81.7952,9359047.71,3.54,200000,33331028.89,66662057.79,2,3,3,26,17,33,59,36,21,19,137,2,1,1,1,1,2,0,100,100,0,1,6,253,331,78,1,Sanjay Deshmukh,Pooja Yadav,20-08-2025,30-04-2026
UP-LKO-2026-10850,P009,Transmission,Maharashtra,Nagpur,Butibori,24/B,B,Pooja Gupta,2.23 acres,Commercial,Disputed,9024.5,URBAN,27.0167,81.7962,32912351.5,1.8,50000,59292232.7,118584465.4,9,11,10,26,57,35,40,112,67,52,38,5,0,1,1,1,2,2,75,50,50,1,5,390,749,359,1,Anil Iyer,Pooja Gupta,31-12-2025,25-01-2027
UP-LKO-2026-10851,P004,Railway,Uttar Pradesh,Lucknow,Malhaur,141/A,A,Priya Mishra,4.0 acres,Multi-crop,Active,16187.44,URBAN,27.0169,81.7972,63940388,1.49,0,95271178.12,190542356.2,6,10,13,22,37,13,51,61,93,52,45,4,0,0,2,2,2,0,75,0,0,1,7,397,479,82,1,Kavita Singh,Priya Mishra,24-02-2025,28-03-2026
UP-LKO-2026-10852,P004,Railway,Tamil Nadu,Karaikudi,Kanadukathan,22/2A,2A,Neha Mishra,2.35 acres,Agricultural,Verified,9510.12,RURAL,27.0171,81.7982,27750530.16,2.55,0,70763851.91,141527703.8,3,5,2,11,47,36,81,95,98,45,62,4,3,0,4,1,2,0,0,0,100,2,6,308,533,225,1,Kavita Singh,Neha Mishra,31-03-2025,02-02-2026
UP-LKO-2026-10853,P002,Highway,Bihar,Muzaffarpur,PQR Village,88/B,B,Sunita Singh,0.51 acres,Multi-crop,Disputed,2063.9,RURAL,27.0173,81.7992,5640638.7,2.35,200000,13455500.95,26911001.89,9,11,4,13,44,27,71,62,92,23,104,5,0,0,4,0,1,1,100,50,100,2,1,340,497,157,1,Priya Singh,Sunita Singh,05-02-2025,11-01-2026
UP-LKO-2026-10854,P005,Highway,Maharashtra,Nashik,Ozar,102/A,A,Amit Kumar,4.73 acres,Multi-crop,Active,19141.65,RURAL,27.0175,81.8002,36617976.45,2.47,50000,90496401.83,180992803.7,9,10,15,19,52,45,72,32,35,43,134,2,1,1,3,3,2,0,100,100,0,2,7,216,478,262,1,Deepa Sharma,Amit Kumar,13-08-2025,17-03-2026
UP-LKO-2026-10855,P004,Highway,Bihar,Patna,ABC Village,29-Jan,1,Ramesh Kumar,2.39 acres,Agricultural,Pending Review,9672,RURAL,27.0177,81.8012,15330120,3.07,50000,47113468.4,94226936.8,10,15,9,12,33,44,82,72,82,55,135,2,2,1,0,3,0,0,100,100,50,1,1,297,470,173,1,Arvind Das,Ramesh Kumar,11-02-2025,05-12-2025
UP-LKO-2026-10856,P003,Railway,Bihar,Siwan,XYZ Village,13/2A,2A,Ramesh Kumar,0.76 acres,Agricultural,Active,3075.61,RURAL,27.0179,81.8022,6704829.8,3.06,0,20516779.19,41033558.38,7,8,18,14,45,30,44,93,97,54,21,4,0,2,4,1,1,2,75,100,0,3,6,251,692,441,1,Priya Singh,Ramesh Kumar,17-03-2025,23-11-2025
UP-LKO-2026-10857,P003,Railway,Uttar Pradesh,Varanasi,Sarnath,87/2A,2A,Ramesh Verma,4.7 acres,Commercial,Active,19020.24,RURAL,27.0181,81.8032,64706856.48,3.78,200000,244791917.5,489583835,2,7,2,10,52,14,41,106,72,35,75,4,1,1,1,3,2,0,25,0,50,2,2,217,510,293,1,Sanjay Verma,Ramesh Verma,03-01-2025,08-08-2025
UP-LKO-2026-10858,P005,Railway,Tamil Nadu,Coonor,Hubbathala,187/1,1,Manoj Singh,0.53 acres,Residential,Disputed,2144.84,RURAL,27.0183,81.8042,4997477.2,3.94,0,19690060.17,39380120.34,3,3,12,28,33,28,81,84,31,11,106,0,2,2,3,2,1,0,25,0,100,2,5,212,401,189,1,Sanjay Sharma,Manoj Singh,24-10-2025,24-05-2026
UP-LKO-2026-10859,P004,Transmission,Tamil Nadu,Coonor,Hubbathala,15/2A,2A,Sunita Verma,3.23 acres,Residential,Disputed,13071.36,RURAL,27.0185,81.8052,43226987.52,2.88,50000,124543724.1,249087448.1,10,15,16,15,58,42,71,40,47,45,108,3,0,1,0,2,0,0,25,0,100,3,5,271,378,107,1,Meena Yadav,Sunita Verma,08-09-2025,06-06-2026
UP-LKO-2026-10860,P002,Transmission,Bihar,Patna,ABC Village,188/B,B,Ramesh Mishra,3.12 acres,Agricultural,Verified,12626.2,RURAL,27.0187,81.8062,47234614.2,2.41,200000,114035420.2,228070840.4,3,5,14,25,43,43,79,66,34,13,65,4,2,0,1,0,2,1,0,0,0,3,8,261,513,252,1,Sanjay Reddy,Ramesh Mishra,04-04-2025,21-12-2025
UP-LKO-2026-10861,P009,Highway,Uttar Pradesh,Varanasi,Sarnath,123/2A,2A,Neha Sharma,2.09 acres,Multi-crop,Verified,8457.94,RURAL,27.0189,81.8072,10225649.46,3.57,0,36505568.57,73011137.14,7,9,4,16,32,41,71,64,93,15,107,0,3,0,2,2,1,0,0,0,50,1,8,366,437,71,1,Kavita Iyer,Neha Sharma,24-11-2025,25-11-2026
UP-LKO-2026-10862,P004,Railway,Maharashtra,Nagpur,Butibori,28/A,A,Manoj Verma,0.93 acres,Agricultural,Disputed,3763.58,URBAN,27.0191,81.8082,7113166.2,1.51,0,10740880.96,21481761.92,10,14,17,25,52,31,68,89,68,50,37,5,2,0,2,3,0,0,100,50,50,0,0,329,473,144,1,Suresh Singh,Manoj Verma,28-10-2025,22-09-2026
UP-LKO-2026-10863,P002,Highway,Uttar Pradesh,Lucknow,Malhaur,120/1,1,Rahul Mishra,4.33 acres,Multi-crop,Verified,17522.9,URBAN,27.0193,81.8092,28299483.5,1.33,200000,37838313.06,75676626.11,9,14,16,23,32,43,57,94,75,48,112,1,1,2,4,0,0,1,50,0,0,1,8,353,492,139,1,Suresh Singh,Rahul Mishra,24-01-2025,12-01-2026
UP-LKO-2026-10864,P008,Highway,Maharashtra,Pune,Hinjewadi,19/A,A,Neha Verma,3.14 acres,Residential,Active,12707.14,URBAN,27.0195,81.8102,31869507.12,1.07,200000,34300372.62,68600745.24,1,1,1,18,55,21,35,58,17,60,68,1,0,0,0,0,2,0,0,0,50,3,6,322,354,32,1,Arvind Sharma,Neha Verma,17-01-2025,05-12-2025
UP-LKO-2026-10865,P004,Railway,Maharashtra,Nagpur,Butibori,218/3,3,Manoj Devi,0.93 acres,Residential,Verified,3763.58,URBAN,27.0197,81.8112,8592253.14,1.26,200000,11026238.96,22052477.91,4,6,17,25,36,26,61,64,99,16,37,3,2,0,4,0,1,2,100,0,0,3,4,393,612,219,1,Meena Iyer,Manoj Devi,03-07-2025,31-07-2026
UP-LKO-2026-10866,P007,Highway,Tamil Nadu,Coonor,Hubbathala,230/B,B,Amit Kumar,4.21 acres,Agricultural,Disputed,17037.28,RURAL,27.0199,81.8122,54417072.32,2.86,0,155632826.8,311265653.7,9,14,14,17,22,44,31,44,46,32,107,2,2,1,1,3,1,2,0,0,100,3,0,275,611,336,1,Sanjay Deshmukh,Amit Kumar,05-11-2025,07-08-2026
UP-LKO-2026-10867,P003,Transmission,Bihar,Patna,ABC Village,174/B,B,Neha Verma,3.06 acres,Commercial,Disputed,12383.39,RURAL,27.0201,81.8132,28184595.64,2.03,50000,57264729.15,114529458.3,4,8,10,26,36,25,87,30,82,24,28,5,3,0,4,2,2,0,75,50,100,2,8,208,460,252,1,Suresh Patil,Neha Verma,14-11-2025,10-06-2026
UP-LKO-2026-10868,P004,Transmission,Bihar,Patna,ABC Village,125/2A,2A,Anjali Verma,2.6 acres,Agricultural,Verified,10521.84,RURAL,27.0203,81.8142,16845465.84,3.91,50000,65915771.43,131831542.9,6,10,16,24,55,26,63,69,67,31,87,5,1,2,4,2,0,1,0,0,0,1,3,251,515,264,1,Suresh Joshi,Anjali Verma,10-05-2025,16-01-2026
UP-LKO-2026-10869,P006,Railway,Uttar Pradesh,Varanasi,Sarnath,108/3,3,Neha Gupta,3.62 acres,Multi-crop,Active,14649.63,RURAL,27.0205,81.8152,27834297,2.32,200000,64775569.04,129551138.1,2,5,20,23,27,44,45,76,67,12,35,0,3,0,4,3,1,0,100,50,0,1,9,270,429,159,1,Ramesh Iyer,Neha Gupta,21-03-2025,16-12-2025
UP-LKO-2026-10870,P003,Highway,Tamil Nadu,Coonor,Hubbathala,204/B,B,Neha Devi,4.23 acres,Residential,Verified,17118.22,RURAL,27.0207,81.8162,61967956.4,3.85,50000,238626632.1,477253264.3,6,8,15,13,15,36,53,112,69,28,118,0,0,1,1,2,2,2,75,100,50,3,7,267,716,449,1,Kavita Das,Neha Devi,21-11-2025,15-08-2026
UP-LKO-2026-10871,P008,Highway,Uttar Pradesh,Kanpur,Bithoor,81/A,A,Sunita Devi,2.87 acres,Residential,Verified,11614.49,URBAN,27.0209,81.8172,29733094.4,1.42,200000,42420994.05,84841988.1,9,9,0,29,21,36,77,54,65,27,0,1,2,1,0,0,1,0,50,0,100,0,5,350,354,4,1,Rajesh Yadav,Sunita Devi,21-12-2025,06-12-2026
UP-LKO-2026-10872,P008,Highway,Bihar,Siwan,XYZ Village,157/3,3,Rahul Verma,0.68 acres,Multi-crop,Active,2751.86,RURAL,27.0211,81.8182,3891130.04,3.05,0,11867946.62,23735893.24,6,10,2,21,19,45,39,40,100,47,146,5,2,0,2,0,2,2,75,100,50,2,1,202,641,439,1,Anil Sharma,Rahul Verma,01-08-2025,19-02-2026
UP-LKO-2026-10873,P003,Railway,Tamil Nadu,Chennai,Kolathur,184/1,1,Sunita Kumar,4.42 acres,Agricultural,Active,17887.12,RURAL,27.0213,81.8192,27921794.32,2.34,50000,65386998.71,130773997.4,9,12,11,23,60,20,37,77,55,44,55,3,3,2,1,2,1,0,0,0,100,1,10,255,421,166,1,Kavita Singh,Sunita Kumar,11-06-2025,21-02-2026
UP-LKO-2026-10874,P001,Transmission,Bihar,Muzaffarpur,PQR Village,40/B,B,Sunita Gupta,0.92 acres,Commercial,Active,3723.11,RURAL,27.0215,81.8202,14453113.02,3.26,50000,47167148.45,94334296.89,2,2,8,20,21,23,71,119,76,41,29,5,2,0,2,3,0,0,75,100,100,1,2,349,461,112,1,Anil Sharma,Sunita Gupta,30-09-2025,14-09-2026
UP-LKO-2026-10875,P003,Highway,Maharashtra,Pune,Hinjewadi,61/3,3,Ramesh Yadav,1.01 acres,Agricultural,Disputed,4087.33,URBAN,27.0217,81.8212,5521982.83,1.17,200000,6660719.911,13321439.82,1,1,9,12,29,29,37,34,65,51,41,4,0,0,0,0,1,1,0,0,100,0,9,339,422,83,1,Kavita Deshmukh,Ramesh Yadav,10-12-2025,14-11-2026
UP-LKO-2026-10876,P001,Highway,Tamil Nadu,Chennai,Kolathur,148/2A,2A,Sunita Devi,3.91 acres,Residential,Pending Review,15823.22,RURAL,27.0219,81.8222,35032609.08,2.06,50000,72217174.7,144434349.4,6,10,6,11,30,26,32,66,37,29,123,5,0,2,1,3,2,0,25,0,0,1,0,299,411,112,1,Ramesh Iyer,Sunita Devi,04-08-2025,30-05-2026
UP-LKO-2026-10877,P003,Transmission,Bihar,Muzaffarpur,PQR Village,203/B,B,Priya Sharma,4.08 acres,Agricultural,Verified,16511.19,RURAL,27.0221,81.8232,39692900.76,2.69,50000,106823903,213647806.1,5,5,17,22,44,41,76,92,66,19,140,3,0,0,4,0,2,1,50,0,0,1,6,280,570,290,1,Ramesh Verma,Priya Sharma,12-11-2025,19-08-2026
UP-LKO-2026-10878,P005,Railway,Tamil Nadu,Karaikudi,Kanadukathan,38/1,1,Priya Kumar,1.5 acres,Commercial,Active,6070.29,RURAL,27.0223,81.8242,8674444.41,2.44,200000,21365644.36,42731288.72,2,3,19,26,51,24,50,77,22,59,78,2,1,0,2,3,1,2,75,50,100,0,8,215,684,469,1,Rajesh Patil,Priya Kumar,25-03-2025,26-10-2025
UP-LKO-2026-10879,P008,Railway,Tamil Nadu,Coonor,Hubbathala,238/1,1,Ramesh Devi,1.99 acres,Multi-crop,Active,8053.25,RURAL,27.0225,81.8252,17097049.75,3.47,0,59326762.63,118653525.3,2,4,18,16,35,43,70,63,20,60,89,0,1,1,1,3,1,0,25,0,0,0,4,234,442,208,1,Priya Reddy,Ramesh Devi,02-06-2025,22-01-2026
UP-LKO-2026-10880,P004,Railway,Bihar,Patna,ABC Village,197/B,B,Pooja Kumar,2.18 acres,Agricultural,Active,8822.15,RURAL,27.0227,81.8262,17441390.55,3.63,0,63312247.7,126624495.4,9,14,18,18,18,31,47,101,93,32,92,1,1,1,3,2,2,1,25,0,50,1,1,251,610,359,1,Kavita Das,Pooja Kumar,08-04-2025,15-12-2025
UP-LKO-2026-10881,P005,Railway,Bihar,Siwan,XYZ Village,184/1,1,Amit Mishra,1.04 acres,Agricultural,Disputed,4208.73,RURAL,27.0229,81.8272,10765931.34,2.88,50000,31055882.26,62111764.52,10,10,18,13,48,40,68,72,91,13,145,1,2,1,4,1,2,1,75,50,100,3,10,345,585,240,1,Meena Singh,Amit Mishra,20-12-2025,30-11-2026
UP-LKO-2026-10882,P002,Highway,Uttar Pradesh,Varanasi,Sarnath,89/A,A,Pooja Sharma,3.55 acres,Residential,Active,14366.35,RURAL,27.0231,81.8282,24135468,2.99,50000,72215049.32,144430098.6,2,5,19,16,18,15,52,36,32,47,43,0,1,2,3,2,2,0,100,50,0,2,9,376,366,0,0,Anil Iyer,Pooja Sharma,09-10-2025,20-10-2026
UP-LKO-2026-10883,P004,Railway,Bihar,Siwan,XYZ Village,132/B,B,Priya Kumar,2.29 acres,Multi-crop,Active,9267.31,RURAL,27.0233,81.8292,9739942.81,2.58,0,25129052.45,50258104.9,5,5,9,11,55,16,81,101,44,34,140,5,2,1,2,1,1,1,25,0,50,1,3,285,537,252,1,Deepa Patil,Priya Kumar,08-07-2025,19-04-2026
UP-LKO-2026-10884,P002,Transmission,Tamil Nadu,Chennai,Kolathur,105/2A,2A,Anjali Gupta,4.05 acres,Residential,Pending Review,16389.78,RURAL,27.0235,81.8302,21323103.78,3.89,0,82946873.7,165893747.4,7,10,1,30,42,41,62,62,92,32,102,3,1,1,1,0,1,0,0,0,0,3,8,294,406,112,1,Sanjay Sharma,Anjali Gupta,07-09-2025,28-06-2026
UP-LKO-2026-10885,P004,Transmission,Bihar,Siwan,XYZ Village,165/B,B,Priya Yadav,2.38 acres,Commercial,Pending Review,9631.53,RURAL,27.0237,81.8312,20418843.6,2.86,200000,58597892.7,117195785.4,10,11,11,12,17,14,44,36,27,53,81,1,1,1,1,1,2,0,100,50,100,0,9,239,323,84,1,Sanjay Reddy,Priya Yadav,14-02-2025,11-10-2025
UP-LKO-2026-10886,P009,Highway,Bihar,Muzaffarpur,PQR Village,225/3,3,Neha Yadav,1.84 acres,Agricultural,Active,7446.22,RURAL,27.0239,81.8322,11035298.04,2.19,50000,24217302.71,48434605.42,7,9,1,13,50,18,32,57,75,23,111,5,2,2,3,1,1,0,25,0,0,0,5,247,343,96,1,Ramesh Das,Neha Yadav,25-09-2025,30-05-2026
UP-LKO-2026-10887,P007,Highway,Bihar,Patna,ABC Village,216/B,B,Rahul Devi,3.55 acres,Commercial,Pending Review,14366.35,RURAL,27.0241,81.8332,40527473.35,2.95,200000,119756046.4,239512092.8,10,15,7,12,40,41,77,72,97,12,45,2,1,1,4,0,1,0,75,0,0,3,0,221,396,175,1,Deepa Patil,Rahul Devi,07-07-2025,13-02-2026
UP-LKO-2026-10888,P004,Transmission,Bihar,Siwan,XYZ Village,138/2A,2A,Vikram Mishra,4.26 acres,Agricultural,Active,17239.62,RURAL,27.0243,81.8342,35582575.68,3.61,0,128453098.2,256906196.4,4,7,18,25,57,32,59,85,61,45,77,3,2,0,2,1,2,0,50,0,100,3,1,204,484,280,1,Sanjay Reddy,Vikram Mishra,13-08-2025,05-03-2026
UP-LKO-2026-10889,P009,Railway,Bihar,Muzaffarpur,PQR Village,153/A,A,Neha Yadav,2.59 acres,Multi-crop,Pending Review,10481.37,RURAL,27.0245,81.8352,41831147.67,2.34,0,97884885.55,195769771.1,2,7,9,11,60,41,81,97,55,40,113,0,3,0,3,0,2,1,0,0,100,3,6,384,595,211,1,Suresh Joshi,Neha Yadav,07-08-2025,26-08-2026
UP-LKO-2026-10890,P003,Transmission,Uttar Pradesh,Lucknow,Malhaur,181/A,A,Rahul Devi,1.56 acres,Commercial,Pending Review,6313.1,URBAN,27.0247,81.8362,24955684.3,1.4,0,34937958.02,69875916.04,2,3,2,23,58,39,68,99,57,43,52,0,3,1,2,1,1,2,100,100,50,1,6,400,702,302,1,Suresh Joshi,Rahul Devi,16-09-2025,21-10-2026
UP-LKO-2026-10891,P008,Transmission,Tamil Nadu,Karaikudi,Kanadukathan,232/1,1,Anjali Sharma,3.52 acres,Commercial,Verified,14244.95,RURAL,27.0249,81.8372,16695081.4,2.52,200000,42271605.13,84543210.26,1,1,5,12,39,26,67,79,39,22,148,3,0,2,1,0,1,0,75,100,0,0,9,361,329,0,0,Ramesh Sharma,Anjali Sharma,04-07-2025,30-06-2026
UP-LKO-2026-10892,P001,Transmission,Maharashtra,Nashik,Ozar,165/A,A,Priya Yadav,2.2 acres,Commercial,Pending Review,8903.09,RURAL,27.0251,81.8382,9517403.21,2.83,200000,27134251.08,54268502.17,9,10,14,25,47,39,75,80,100,55,21,3,2,2,4,3,2,0,25,0,100,3,0,239,601,362,1,Sanjay Joshi,Priya Yadav,10-04-2025,05-12-2025
UP-LKO-2026-10893,P003,Railway,Uttar Pradesh,Kanpur,Bithoor,155/1,1,Neha Sharma,3.17 acres,Multi-crop,Pending Review,12828.55,URBAN,27.0253,81.8392,28081695.95,1.94,0,54478490.14,108956980.3,2,7,15,13,25,29,88,72,77,45,38,3,0,1,3,0,0,1,50,0,0,1,10,222,469,247,1,Sanjay Sharma,Neha Sharma,21-11-2025,01-07-2026
UP-LKO-2026-10894,P007,Highway,Uttar Pradesh,Lucknow,Malhaur,78/2A,2A,Amit Kumar,2.02 acres,Residential,Disputed,8174.66,URBAN,27.0255,81.8402,13022233.38,1.16,0,15105790.72,30211581.44,2,3,9,30,56,20,33,106,84,45,58,3,1,2,0,0,0,0,25,0,0,1,5,362,374,12,1,Arvind Das,Amit Kumar,07-12-2025,04-12-2026
UP-LKO-2026-10895,P007,Highway,Tamil Nadu,Coonor,Hubbathala,33/2A,2A,Vikram Kumar,0.69 acres,Agricultural,Pending Review,2792.33,RURAL,27.0257,81.8412,7581175.95,2.52,0,19104563.39,38209126.79,10,10,2,14,19,37,83,40,25,12,81,0,2,2,1,1,0,0,50,0,0,2,7,333,260,0,0,Kavita Singh,Vikram Kumar,23-05-2025,21-04-2026
UP-LKO-2026-10896,P006,Transmission,Maharashtra,Pune,Hinjewadi,219/B,B,Manoj Sharma,4.66 acres,Agricultural,Pending Review,18858.37,URBAN,27.0259,81.8422,68248441.03,1.89,200000,129189553.5,258379107.1,9,13,4,26,36,15,62,48,66,47,37,5,1,2,0,0,2,2,25,0,100,2,8,387,630,243,1,Arvind Singh,Manoj Sharma,20-04-2025,12-05-2026
UP-LKO-2026-10897,P006,Transmission,Maharashtra,Nagpur,Butibori,237/A,A,Sunita Gupta,0.86 acres,Commercial,Active,3480.3,URBAN,27.0261,81.8432,13465280.7,1.27,200000,17300906.49,34601812.98,5,6,9,24,50,13,58,40,21,37,22,0,2,2,0,0,2,2,50,0,0,0,8,276,573,297,1,Arvind Joshi,Sunita Gupta,07-01-2025,10-10-2025
UP-LKO-2026-10898,P008,Highway,Maharashtra,Nashik,Ozar,15-Jan,1,Amit Sharma,2.56 acres,Agricultural,Disputed,10359.96,RURAL,27.0263,81.8442,12390512.16,3.67,0,45473179.63,90946359.25,3,6,0,11,31,14,80,95,18,48,0,2,1,0,0,0,1,1,75,0,100,1,2,296,462,166,1,Ramesh Das,Amit Sharma,06-07-2025,28-04-2026
UP-LKO-2026-10899,P003,Highway,Maharashtra,Pune,Hinjewadi,18/2A,2A,Pooja Sharma,3.18 acres,Residential,Pending Review,12869.01,URBAN,27.0265,81.8452,19354991.04,1.43,200000,27877637.19,55755274.37,7,9,4,26,60,20,81,67,55,31,42,0,2,1,4,1,0,0,75,100,0,1,3,263,370,107,1,Rajesh Singh,Pooja Sharma,23-07-2025,12-04-2026
UP-LKO-2026-10900,P007,Highway,Maharashtra,Pune,Hinjewadi,225/A,A,Manoj Mishra,4.13 acres,Agricultural,Verified,16713.53,URBAN,27.0267,81.8462,30619186.96,1.73,0,52971193.44,105942386.9,1,1,6,11,57,38,44,54,96,38,50,4,2,2,4,1,1,0,50,0,50,3,2,327,413,86,1,Arvind Joshi,Manoj Mishra,10-10-2025,02-09-2026
UP-LKO-2026-10901,P002,Railway,Uttar Pradesh,Varanasi,Sarnath,211/A,A,Vikram Kumar,4.96 acres,Agricultural,Verified,20072.43,RURAL,27.0269,81.8472,29325820.23,3.86,200000,113397666.1,226795332.2,3,3,16,29,36,37,52,40,67,49,74,0,1,2,4,2,0,0,50,0,100,2,9,347,370,23,1,Meena Joshi,Vikram Kumar,30-04-2025,12-04-2026
UP-LKO-2026-10902,P008,Transmission,Uttar Pradesh,Kanpur,Bithoor,32/2A,2A,Rahul Gupta,4.59 acres,Commercial,Pending Review,18575.09,URBAN,27.0271,81.8482,50282768.63,1.88,200000,94731605.02,189463210,7,9,1,10,28,14,40,89,15,15,35,1,1,1,2,2,2,2,100,50,0,2,4,325,601,276,1,Sanjay Reddy,Rahul Gupta,02-11-2025,23-09-2026
UP-LKO-2026-10903,P004,Railway,Maharashtra,Pune,Hinjewadi,201/3,3,Pooja Yadav,0.95 acres,Agricultural,Verified,3844.52,URBAN,27.0273,81.8492,7100828.44,1.82,50000,12973507.76,25947015.52,3,5,19,30,30,20,87,57,85,46,57,1,3,1,1,0,1,0,0,0,0,2,2,364,400,36,1,Deepa Singh,Pooja Yadav,08-11-2025,07-11-2026
UP-LKO-2026-10904,P005,Transmission,Uttar Pradesh,Varanasi,Sarnath,185/1,1,Priya Yadav,2.4 acres,Residential,Pending Review,9712.46,RURAL,27.0275,81.8502,20551565.36,3.68,200000,75829760.52,151659521,5,9,19,21,52,40,45,107,91,51,94,1,2,2,2,2,1,0,75,50,0,3,2,273,512,239,1,Anil Reddy,Priya Yadav,06-04-2025,04-01-2026
UP-LKO-2026-10905,P007,Highway,Maharashtra,Nashik,Ozar,154/B,B,Ramesh Kumar,4.03 acres,Agricultural,Disputed,16308.85,RURAL,27.0277,81.8512,56575400.65,3.19,200000,180675528.1,361351056.1,7,11,5,22,60,38,65,103,72,27,35,0,0,0,1,0,1,0,25,0,0,3,10,331,432,101,1,Kavita Reddy,Ramesh Kumar,21-07-2025,17-06-2026
UP-LKO-2026-10906,P005,Railway,Tamil Nadu,Coonor,Hubbathala,131/1,1,Priya Kumar,2.55 acres,Commercial,Verified,10319.49,RURAL,27.0279,81.8522,12414346.47,2.77,50000,34437739.72,68875479.44,10,10,20,23,31,44,69,113,29,40,138,5,2,2,3,3,0,0,75,100,0,1,8,275,439,164,1,Anil Das,Priya Kumar,22-09-2025,24-06-2026
UP-LKO-2026-10907,P008,Railway,Maharashtra,Nashik,Ozar,53/A,A,Sunita Sharma,2.74 acres,Residential,Verified,11088.4,RURAL,27.0281,81.8532,17020694,3.9,200000,66580706.6,133161413.2,10,12,2,12,26,25,59,84,82,40,38,0,2,1,4,1,1,0,75,50,50,0,4,209,403,194,1,Sanjay Yadav,Sunita Sharma,27-07-2025,21-02-2026
UP-LKO-2026-10908,P008,Railway,Bihar,Muzaffarpur,PQR Village,211/3,3,Priya Mishra,3.5 acres,Residential,Pending Review,14164.01,RURAL,27.0283,81.8542,30665081.65,2.3,0,70529687.79,141059375.6,3,3,9,10,35,24,48,116,66,53,43,1,2,1,4,0,0,0,100,50,50,0,9,251,352,101,1,Ramesh Sharma,Priya Mishra,07-03-2025,13-11-2025
UP-LKO-2026-10909,P004,Railway,Tamil Nadu,Karaikudi,Kanadukathan,128/B,B,Ramesh Sharma,4.23 acres,Residential,Disputed,17118.22,RURAL,27.0285,81.8552,18744450.9,2.58,200000,48560683.32,97121366.64,8,10,13,22,47,12,55,118,37,15,65,2,3,2,4,1,2,0,50,0,0,2,10,254,426,172,1,Ramesh Yadav,Ramesh Sharma,10-07-2025,21-03-2026
UP-LKO-2026-10910,P008,Transmission,Maharashtra,Nashik,Ozar,22-Mar,3,Anjali Verma,4.6 acres,Multi-crop,Active,18615.56,RURAL,27.0287,81.8562,36802962.12,2.17,0,79862427.8,159724855.6,10,14,5,14,54,40,69,94,35,24,142,2,3,2,3,0,2,1,75,50,100,1,6,293,540,247,1,Ramesh Singh,Anjali Verma,29-03-2025,16-01-2026
UP-LKO-2026-10911,P009,Railway,Tamil Nadu,Chennai,Kolathur,82/B,B,Manoj Mishra,2.79 acres,Multi-crop,Pending Review,11290.74,RURAL,27.0289,81.8572,11539136.28,3.5,0,40386976.98,80773953.96,8,8,14,23,36,21,89,115,46,31,150,0,1,2,4,2,1,0,100,50,100,2,0,273,466,193,1,Suresh Verma,Manoj Mishra,19-05-2025,16-02-2026
UP-LKO-2026-10912,P008,Highway,Bihar,Patna,ABC Village,244/3,3,Ramesh Devi,2.92 acres,Commercial,Active,11816.83,RURAL,27.0291,81.8582,28088604.91,3.49,200000,98229231.14,196458462.3,1,2,11,21,37,29,32,99,53,39,138,5,2,1,1,3,1,0,100,0,100,3,1,337,445,108,1,Sanjay Deshmukh,Ramesh Devi,25-04-2025,28-03-2026
UP-LKO-2026-10913,P002,Highway,Tamil Nadu,Coonor,Hubbathala,164/2A,2A,Rahul Kumar,4.59 acres,Agricultural,Disputed,18575.09,RURAL,27.0293,81.8592,21565679.49,2.14,50000,46200554.11,92401108.22,1,5,1,21,25,15,78,111,40,44,41,0,0,1,1,1,0,0,25,0,0,0,8,332,364,32,1,Priya Sharma,Rahul Kumar,16-08-2025,14-07-2026
UP-LKO-2026-10914,P002,Railway,Bihar,Siwan,XYZ Village,58/2A,2A,Manoj Devi,1.93 acres,Agricultural,Active,7810.44,RURAL,27.0295,81.8602,8044753.2,3.53,200000,28597978.8,57195957.59,3,8,0,30,56,43,35,37,21,39,0,5,3,0,2,1,0,0,0,0,100,3,2,244,291,47,1,Sanjay Verma,Manoj Devi,10-10-2025,11-06-2026
UP-LKO-2026-10915,P009,Transmission,Bihar,Siwan,XYZ Village,150/A,A,Amit Verma,2.3 acres,Commercial,Disputed,9307.78,RURAL,27.0297,81.8612,26527173,2.77,50000,73530269.21,147060538.4,5,5,8,17,32,29,54,55,73,44,93,4,3,0,4,1,0,2,0,0,0,3,10,228,574,346,1,Sanjay Das,Amit Verma,14-06-2025,28-01-2026
UP-LKO-2026-10916,P003,Transmission,Uttar Pradesh,Kanpur,Bithoor,233/2A,2A,Priya Singh,3.25 acres,Residential,Active,13152.3,URBAN,27.0299,81.8622,37957537.8,1.96,200000,74596774.09,149193548.2,10,14,0,26,57,22,82,60,84,36,0,0,3,1,4,0,2,1,100,50,100,1,0,347,577,230,1,Kavita Das,Priya Singh,11-01-2025,24-12-2025
UP-LKO-2026-10917,P008,Railway,Maharashtra,Pune,Hinjewadi,201/B,B,Neha Sharma,4.35 acres,Commercial,Pending Review,17603.84,URBAN,27.0301,81.8632,65503888.64,1.93,50000,126472505.1,252945010.2,2,2,14,10,35,13,30,94,37,29,23,3,1,2,1,1,2,0,25,0,100,1,8,332,368,36,1,Sanjay Iyer,Neha Sharma,26-07-2025,23-06-2026
UP-LKO-2026-10918,P003,Railway,Uttar Pradesh,Varanasi,Sarnath,239/1,1,Anjali Devi,1.64 acres,Commercial,Pending Review,6636.85,RURAL,27.0303,81.8642,9450874.4,3.54,50000,33506095.38,67012190.75,9,13,1,14,28,45,79,83,40,60,49,3,2,0,0,3,1,0,75,0,50,3,9,331,484,153,1,Sanjay Yadav,Anjali Devi,06-05-2025,02-04-2026
UP-LKO-2026-10919,P007,Highway,Tamil Nadu,Chennai,Kolathur,244/3,3,Priya Devi,1.18 acres,Multi-crop,Verified,4775.29,RURAL,27.0305,81.8652,15452838.44,3.73,0,57639087.38,115278174.8,10,15,18,12,56,24,84,44,64,12,123,3,1,2,0,1,2,0,100,50,50,2,3,269,416,147,1,Priya Patil,Priya Devi,09-10-2025,05-07-2026
UP-LKO-2026-10920,P001,Railway,Uttar Pradesh,Kanpur,Bithoor,16-Jan,1,Pooja Sharma,3.69 acres,Commercial,Disputed,14932.91,URBAN,27.0307,81.8662,23728393.99,1.73,50000,41100121.6,82200243.21,5,5,4,23,34,34,60,55,26,28,89,4,0,1,0,0,2,2,25,0,100,2,0,211,590,379,1,Sanjay Deshmukh,Pooja Sharma,24-12-2025,23-07-2026
UP-LKO-2026-10921,P003,Transmission,Bihar,Siwan,XYZ Village,116/2A,2A,Rahul Verma,0.52 acres,Commercial,Disputed,2104.37,RURAL,27.0309,81.8672,6946525.37,3.4,200000,23818186.26,47636372.52,1,6,8,26,59,37,77,48,86,52,103,1,0,2,3,0,0,1,50,0,0,2,6,269,505,236,1,Kavita Das,Rahul Verma,11-06-2025,07-03-2026
UP-LKO-2026-10922,P005,Highway,Tamil Nadu,Chennai,Kolathur,97/1,1,Priya Devi,1.63 acres,Commercial,Pending Review,6596.38,RURAL,27.0311,81.8682,20264079.36,3.93,0,79637831.88,159275663.8,2,5,17,11,36,18,59,94,26,22,130,2,0,1,2,2,0,1,100,100,50,2,0,351,446,95,1,Priya Yadav,Priya Devi,02-05-2025,18-04-2026
UP-LKO-2026-10923,P007,Railway,Bihar,Muzaffarpur,PQR Village,60/B,B,Sunita Verma,0.88 acres,Multi-crop,Pending Review,3561.24,RURAL,27.0313,81.8692,9334010.04,2.9,50000,27118629.12,54237258.23,2,4,0,24,35,17,72,93,47,54,0,0,0,0,4,0,2,1,25,0,100,1,9,322,552,230,1,Kavita Yadav,Sunita Verma,10-01-2025,28-11-2025
UP-LKO-2026-10924,P005,Highway,Maharashtra,Pune,Hinjewadi,137/B,B,Pooja Kumar,3.5 acres,Residential,Disputed,14164.01,URBAN,27.0315,81.8702,45693096.26,1.48,200000,67825782.46,135651564.9,6,11,18,11,16,37,56,106,75,10,140,3,3,2,1,3,0,0,100,0,50,1,6,273,401,128,1,Deepa Patil,Pooja Kumar,22-08-2025,22-05-2026
UP-LKO-2026-10925,P006,Transmission,Maharashtra,Pune,Hinjewadi,245/2A,2A,Manoj Sharma,4.31 acres,Commercial,Active,17441.97,URBAN,27.0317,81.8712,63070163.52,1.77,200000,111834189.4,223668378.9,2,2,7,24,56,31,52,45,99,29,61,1,0,0,3,1,0,2,50,0,50,0,6,276,606,330,1,Sanjay Joshi,Manoj Sharma,29-11-2025,01-09-2026
UP-LKO-2026-10926,P009,Highway,Tamil Nadu,Coonor,Hubbathala,148/1,1,Sunita Sharma,1.82 acres,Agricultural,Verified,7365.29,RURAL,27.0319,81.8722,11931769.8,2.84,200000,34086226.23,68172452.46,1,5,18,30,15,10,33,112,17,33,125,1,0,2,1,2,1,2,25,0,100,3,7,297,595,298,1,Sanjay Das,Sunita Sharma,27-01-2025,20-11-2025
UP-LKO-2026-10927,P002,Railway,Maharashtra,Nagpur,Butibori,122/B,B,Rahul Singh,3.33 acres,Multi-crop,Active,13476.04,URBAN,27.0321,81.8732,20699197.44,1.61,0,33325707.88,66651415.76,9,14,3,17,35,29,34,72,73,32,105,2,3,2,1,2,0,2,0,0,0,2,8,256,592,336,1,Anil Verma,Rahul Singh,15-02-2025,29-10-2025
UP-LKO-2026-10928,P008,Highway,Uttar Pradesh,Lucknow,Malhaur,91/2A,2A,Amit Sharma,0.54 acres,Commercial,Verified,2185.3,URBAN,27.0323,81.8742,5284055.4,1.05,200000,5748258.17,11496516.34,8,9,7,17,55,45,56,94,100,20,74,5,2,2,1,1,1,0,100,100,50,2,1,263,462,199,1,Suresh Iyer,Amit Sharma,11-05-2025,29-01-2026
UP-LKO-2026-10929,P006,Transmission,Bihar,Siwan,XYZ Village,169/1,1,Pooja Singh,2.82 acres,Multi-crop,Disputed,11412.15,RURAL,27.0325,81.8752,40992442.8,2.59,200000,106370426.9,212740853.7,7,8,7,30,45,27,54,75,30,51,85,4,0,1,3,3,0,1,25,0,0,3,4,343,522,179,1,Ramesh Sharma,Pooja Singh,05-11-2025,14-10-2026
UP-LKO-2026-10930,P009,Highway,Uttar Pradesh,Varanasi,Sarnath,154/B,B,Manoj Mishra,1.5 acres,Agricultural,Active,6070.29,RURAL,27.0327,81.8762,7345050.9,3.48,0,25560777.13,51121554.26,10,15,20,14,49,41,30,81,30,51,39,5,0,0,2,1,1,1,0,0,0,2,3,275,491,216,1,Kavita Iyer,Manoj Mishra,04-05-2025,03-02-2026
UP-LKO-2026-10931,P003,Transmission,Uttar Pradesh,Kanpur,Bithoor,30/A,A,Sunita Gupta,3.58 acres,Multi-crop,Pending Review,14487.76,URBAN,27.0329,81.8772,25063824.8,1.17,50000,29374675.02,58749350.03,4,4,4,19,19,31,80,90,51,41,31,4,1,0,2,1,2,0,50,0,100,3,10,246,451,205,1,Deepa Reddy,Sunita Gupta,02-10-2025,05-06-2026
UP-LKO-2026-10932,P006,Highway,Uttar Pradesh,Lucknow,Malhaur,28/2A,2A,Ramesh Yadav,4.09 acres,Multi-crop,Active,16551.66,URBAN,27.0331,81.8782,52121177.34,1.69,200000,88284789.7,176569579.4,2,6,17,13,60,33,86,30,67,20,93,0,1,2,0,2,1,0,75,50,50,0,6,362,414,52,1,Rajesh Singh,Ramesh Yadav,19-07-2025,16-07-2026
UP-LKO-2026-10933,P005,Highway,Bihar,Muzaffarpur,PQR Village,136/A,A,Ramesh Sharma,1.79 acres,Agricultural,Active,7243.88,RURAL,27.0333,81.8792,26041748.6,3.93,0,102344072,204688144,10,12,8,14,56,23,67,53,53,58,62,0,2,2,2,1,2,2,50,0,100,3,8,346,684,338,1,Priya Iyer,Ramesh Sharma,16-10-2025,27-09-2026
UP-LKO-2026-10934,P009,Railway,Uttar Pradesh,Kanpur,Bithoor,157/B,B,Vikram Devi,2.2 acres,Agricultural,Disputed,8903.09,URBAN,27.0335,81.8802,26023732.07,1.84,50000,47933667.01,95867334.02,6,7,18,27,55,37,30,113,18,48,61,0,3,0,2,2,2,0,100,100,0,0,4,213,478,265,1,Meena Deshmukh,Vikram Devi,28-07-2025,26-02-2026
UP-LKO-2026-10935,P001,Transmission,Maharashtra,Nashik,Ozar,72/3,3,Neha Devi,4.4 acres,Residential,Disputed,17806.18,RURAL,27.0337,81.8812,37820326.32,3.15,200000,119334027.9,238668055.8,5,9,1,25,31,37,45,114,51,32,57,0,3,0,0,0,2,2,75,100,100,2,6,350,665,315,1,Kavita Deshmukh,Neha Devi,25-04-2025,10-04-2026
UP-LKO-2026-10936,P008,Transmission,Tamil Nadu,Karaikudi,Kanadukathan,159/3,3,Neha Verma,3.74 acres,Commercial,Active,15135.26,RURAL,27.0339,81.8822,27833743.14,3.56,200000,99288125.58,198576251.2,3,8,2,16,39,19,38,106,93,10,28,4,0,2,3,3,2,1,25,0,50,2,8,339,621,282,1,Anil Joshi,Neha Verma,14-11-2025,19-10-2026
UP-LKO-2026-10937,P008,Railway,Uttar Pradesh,Varanasi,Sarnath,112/A,A,Pooja Yadav,1.15 acres,Agricultural,Disputed,4653.89,RURAL,27.0341,81.8832,5324050.16,2.91,200000,15692985.97,31385971.93,7,9,11,28,21,26,40,101,85,20,20,4,3,0,0,3,2,0,75,0,100,1,1,330,501,171,1,Arvind Verma,Pooja Yadav,24-08-2025,20-07-2026
UP-LKO-2026-10938,P006,Transmission,Maharashtra,Nagpur,Butibori,74/1,1,Rahul Verma,2.91 acres,Agricultural,Active,11776.36,URBAN,27.0343,81.8842,13260181.36,1.54,50000,20470679.29,40941358.59,1,6,2,18,15,22,85,45,77,33,93,5,1,1,0,3,1,2,75,50,50,3,2,278,670,392,1,Meena Verma,Rahul Verma,31-01-2025,05-11-2025
UP-LKO-2026-10939,P005,Highway,Bihar,Siwan,XYZ Village,213/3,3,Neha Yadav,0.79 acres,Residential,Pending Review,3197.02,RURAL,27.0345,81.8852,10649273.62,3.12,200000,33425733.69,66851467.39,6,8,3,21,43,35,70,83,19,23,57,0,1,2,1,0,1,0,75,100,0,0,10,326,339,13,1,Sanjay Singh,Neha Yadav,21-05-2025,12-04-2026
UP-LKO-2026-10940,P004,Transmission,Bihar,Siwan,XYZ Village,194/3,3,Vikram Verma,2.92 acres,Multi-crop,Pending Review,11816.83,RURAL,27.0347,81.8862,36017697.84,2.52,50000,90814598.56,181629197.1,6,9,1,11,60,43,48,47,61,36,32,5,2,2,1,2,0,2,50,0,100,2,8,343,606,263,1,Rajesh Yadav,Vikram Verma,25-06-2025,03-06-2026
UP-LKO-2026-10941,P002,Highway,Tamil Nadu,Chennai,Kolathur,177/B,B,Pooja Verma,4.26 acres,Commercial,Verified,17239.62,RURAL,27.0349,81.8872,45909108.06,2.7,50000,124004591.8,248009183.5,8,11,12,29,56,40,89,95,83,42,132,3,2,1,2,2,0,0,25,0,0,1,0,354,494,140,1,Rajesh Yadav,Pooja Verma,28-10-2025,17-10-2026
UP-LKO-2026-10942,P009,Railway,Uttar Pradesh,Lucknow,Malhaur,150/1,1,Ramesh Kumar,2.36 acres,Residential,Verified,9550.59,URBAN,27.0351,81.8882,17086005.51,1.56,50000,26704168.6,53408337.19,3,7,10,29,39,37,90,89,35,32,69,0,3,0,0,3,0,2,75,50,50,0,0,207,681,474,1,Anil Yadav,Ramesh Kumar,22-01-2025,17-08-2025
UP-LKO-2026-10943,P007,Railway,Bihar,Muzaffarpur,PQR Village,179/B,B,Ramesh Kumar,0.59 acres,Commercial,Disputed,2387.65,RURAL,27.0353,81.8892,7236967.15,3.04,50000,22050380.14,44100760.27,6,7,5,30,36,24,65,58,67,59,27,1,2,1,4,3,1,0,0,0,0,1,1,396,474,78,1,Sanjay Sharma,Ramesh Kumar,09-12-2025,09-01-2027
UP-LKO-2026-10944,P004,Railway,Uttar Pradesh,Lucknow,Malhaur,208/1,1,Sunita Yadav,4.21 acres,Agricultural,Pending Review,17037.28,URBAN,27.0355,81.8902,43002094.72,1.88,200000,81043938.07,162087876.1,5,7,4,14,57,34,86,114,51,33,108,5,1,1,0,1,0,0,100,100,50,2,4,221,419,198,1,Kavita Deshmukh,Sunita Yadav,31-01-2025,09-09-2025
UP-LKO-2026-10945,P003,Railway,Uttar Pradesh,Varanasi,Sarnath,155/2A,2A,Manoj Sharma,4.55 acres,Commercial,Disputed,18413.21,RURAL,27.0357,81.8912,37599774.82,3.29,200000,123903259.2,247806518.3,4,8,17,16,51,30,69,94,62,42,69,0,2,1,4,2,1,0,0,0,50,2,8,322,469,147,1,Ramesh Sharma,Manoj Sharma,05-03-2025,21-01-2026
UP-LKO-2026-10946,P002,Transmission,Bihar,Siwan,XYZ Village,19/A,A,Ramesh Gupta,1.73 acres,Multi-crop,Active,7001.07,RURAL,27.0359,81.8922,7778188.77,3.85,0,29946026.76,59892053.53,5,10,13,16,22,25,77,63,95,20,56,2,0,1,4,1,2,0,50,0,0,1,5,378,438,60,1,Meena Reddy,Ramesh Gupta,10-05-2025,23-05-2026
UP-LKO-2026-10947,P007,Transmission,Tamil Nadu,Coonor,Hubbathala,180/A,A,Vikram Sharma,4.05 acres,Agricultural,Verified,16389.78,RURAL,27.0361,81.8932,44072118.42,2.85,200000,125805537.5,251611075,4,9,13,17,31,12,43,88,31,14,93,0,1,1,1,2,2,0,75,50,100,3,5,232,386,154,1,Rajesh Joshi,Vikram Sharma,19-05-2025,06-01-2026
UP-LKO-2026-10948,P003,Transmission,Maharashtra,Nagpur,Butibori,199/B,B,Neha Kumar,3.63 acres,Multi-crop,Verified,14690.1,URBAN,27.0363,81.8942,57820233.6,1.36,200000,78835517.7,157671035.4,10,14,13,17,23,12,57,78,62,41,129,5,1,2,0,3,0,1,50,0,100,3,4,262,500,238,1,Priya Verma,Neha Kumar,07-11-2025,27-07-2026
UP-LKO-2026-10949,P005,Highway,Bihar,Muzaffarpur,PQR Village,203/A,A,Pooja Devi,4.69 acres,Multi-crop,Pending Review,18979.77,RURAL,27.0365,81.8952,20346313.44,3.3,50000,67192834.35,134385668.7,2,6,3,26,42,13,33,48,28,13,116,1,1,2,2,3,2,1,75,50,100,0,7,302,503,201,1,Suresh Verma,Pooja Devi,02-09-2025,01-07-2026
UP-LKO-2026-10950,P006,Transmission,Tamil Nadu,Chennai,Kolathur,195/1,1,Sunita Gupta,3.3 acres,Residential,Disputed,13354.64,RURAL,27.0367,81.8962,41305901.52,2.11,50000,87205452.21,174410904.4,4,6,11,13,19,10,69,66,59,58,136,1,2,0,3,2,2,0,50,0,0,1,4,226,444,218,1,Suresh Singh,Sunita Gupta,30-10-2025,13-06-2026
UP-LKO-2026-10951,P001,Railway,Maharashtra,Nashik,Ozar,30/B,B,Neha Singh,0.86 acres,Residential,Active,3480.3,RURAL,27.0369,81.8972,6400271.7,2.85,200000,18440774.35,36881548.69,6,7,0,13,57,39,59,41,81,27,0,1,0,0,2,2,0,2,25,0,100,3,7,291,617,326,1,Priya Deshmukh,Neha Singh,05-02-2025,23-11-2025
UP-LKO-2026-10952,P003,Transmission,Bihar,Patna,ABC Village,91/A,A,Priya Devi,1.28 acres,Multi-crop,Disputed,5179.98,RURAL,27.0371,81.8982,10339240.08,2.16,200000,22532758.57,45065517.15,4,6,19,15,51,37,74,74,42,14,79,0,3,1,2,2,0,0,25,0,50,3,3,228,367,139,1,Kavita Iyer,Priya Devi,12-03-2025,26-10-2025
UP-LKO-2026-10953,P003,Railway,Maharashtra,Nashik,Ozar,210/B,B,Vikram Sharma,2.58 acres,Residential,Pending Review,10440.9,RURAL,27.0373,81.8992,12017475.9,2.5,0,30043689.75,60087379.5,10,12,3,17,25,25,58,43,30,30,92,5,3,2,0,3,1,0,50,0,50,0,6,311,363,52,1,Deepa Patil,Vikram Sharma,16-02-2025,24-12-2025
UP-LKO-2026-10954,P007,Railway,Tamil Nadu,Karaikudi,Kanadukathan,47/3,3,Neha Mishra,2.08 acres,Residential,Active,8417.47,RURAL,27.0375,81.9002,8880430.85,2.38,200000,21335425.42,42670850.85,10,15,18,21,43,35,41,38,37,25,24,3,3,1,0,1,0,0,50,0,0,3,7,380,270,0,0,Deepa Das,Neha Mishra,14-07-2025,29-07-2026
UP-LKO-2026-10955,P008,Highway,Uttar Pradesh,Lucknow,Malhaur,19-Jan,1,Ramesh Devi,4.55 acres,Commercial,Verified,18413.21,URBAN,27.0377,81.9012,20641208.41,1.87,0,38599059.73,77198119.45,8,9,1,19,51,22,81,118,44,48,57,2,2,1,4,1,1,0,0,0,100,3,3,209,458,249,1,Sanjay Joshi,Ramesh Devi,12-02-2025,09-09-2025
UP-LKO-2026-10956,P004,Highway,Bihar,Siwan,XYZ Village,235/3,3,Priya Kumar,3.41 acres,Commercial,Active,13799.79,RURAL,27.0379,81.9022,46974485.16,3.62,0,170047636.3,340095272.6,1,4,2,19,58,44,74,38,54,17,67,3,1,0,1,0,0,1,25,0,50,1,8,253,424,171,1,Ramesh Yadav,Priya Kumar,15-08-2025,25-04-2026
UP-LKO-2026-10957,P003,Railway,Bihar,Siwan,XYZ Village,198/1,1,Vikram Mishra,1.44 acres,Commercial,Disputed,5827.48,RURAL,27.0381,81.9032,21829740.08,3.28,0,71601547.46,143203094.9,9,12,7,14,48,12,47,86,36,17,92,0,2,0,2,0,1,0,0,0,50,1,9,207,305,98,1,Anil Deshmukh,Vikram Mishra,26-06-2025,19-01-2026
UP-LKO-2026-10958,P001,Railway,Maharashtra,Pune,Hinjewadi,140/A,A,Neha Yadav,4.3 acres,Multi-crop,Verified,17401.5,URBAN,27.0383,81.9042,67256797.5,1.46,50000,98244924.35,196489848.7,6,9,13,12,59,45,68,50,69,58,109,2,1,2,0,0,2,0,25,0,100,3,10,324,451,127,1,Sanjay Reddy,Neha Yadav,27-08-2025,17-07-2026
UP-LKO-2026-10959,P002,Transmission,Uttar Pradesh,Varanasi,Sarnath,43/1,1,Sunita Kumar,1.4 acres,Multi-crop,Active,5665.6,RURAL,27.0385,81.9052,10424704,3.64,50000,37995922.56,75991845.12,10,15,1,12,57,41,47,78,71,54,121,2,0,2,2,3,1,0,75,50,0,2,1,254,495,241,1,Anil Singh,Sunita Kumar,24-01-2025,05-10-2025
UP-LKO-2026-10960,P003,Highway,Uttar Pradesh,Lucknow,Malhaur,137/2A,2A,Rahul Devi,0.99 acres,Agricultural,Verified,4006.39,URBAN,27.0387,81.9062,12980703.6,1.06,0,13759545.82,27519091.63,5,8,18,16,25,43,51,117,55,42,140,0,2,1,1,0,1,0,0,0,50,1,2,338,394,56,1,Ramesh Singh,Rahul Devi,25-08-2025,29-07-2026
UP-LKO-2026-10961,P009,Highway,Tamil Nadu,Chennai,Kolathur,88/1,1,Manoj Verma,1.87 acres,Commercial,Pending Review,7567.63,RURAL,27.0389,81.9072,30134302.66,2.85,0,85882762.58,171765525.2,10,10,14,19,16,16,66,64,72,59,143,5,3,1,2,1,0,0,100,0,0,3,0,291,342,51,1,Ramesh Patil,Manoj Verma,13-06-2025,31-03-2026
UP-LKO-2026-10962,P001,Transmission,Bihar,Siwan,XYZ Village,135/3,3,Manoj Yadav,4.82 acres,Agricultural,Active,19505.87,RURAL,27.0391,81.9082,48511098.69,3.32,50000,161106847.7,322213695.3,6,9,18,14,18,31,79,48,94,59,68,3,1,1,4,3,1,0,0,0,0,3,5,205,478,273,1,Rajesh Reddy,Manoj Yadav,05-02-2025,29-08-2025
UP-LKO-2026-10963,P007,Transmission,Bihar,Patna,ABC Village,42/3,3,Priya Sharma,3.35 acres,Agricultural,Active,13556.98,RURAL,27.0393,81.9092,51557194.94,2.84,200000,146622433.6,293244867.3,2,4,14,24,27,13,69,95,54,48,143,2,2,2,0,3,2,0,0,0,100,3,0,211,510,299,1,Kavita Verma,Priya Sharma,30-08-2025,29-03-2026
UP-LKO-2026-10964,P003,Highway,Maharashtra,Nagpur,Butibori,192/2A,2A,Pooja Gupta,1.12 acres,Commercial,Pending Review,4532.48,URBAN,27.0395,81.9102,9173739.52,1.13,50000,10416325.66,20832651.32,5,6,15,29,53,19,50,105,86,60,108,5,3,1,4,3,1,0,25,0,50,2,0,360,537,177,1,Suresh Singh,Pooja Gupta,17-08-2025,12-08-2026
UP-LKO-2026-10965,P006,Highway,Bihar,Siwan,XYZ Village,135/3,3,Pooja Gupta,4.77 acres,Agricultural,Active,19303.52,RURAL,27.0397,81.9112,52563484.96,2.84,0,149280297.3,298560594.6,8,9,19,21,39,32,40,37,24,34,123,0,1,2,3,2,1,2,25,0,0,2,0,381,572,191,1,Deepa Singh,Pooja Gupta,01-10-2025,17-10-2026
UP-LKO-2026-10966,P003,Highway,Maharashtra,Nashik,Ozar,106/1,1,Priya Devi,3.09 acres,Multi-crop,Pending Review,12504.8,RURAL,27.0399,81.9122,30324140,2.96,200000,89959454.4,179918908.8,3,4,7,27,39,28,42,34,41,28,86,4,3,1,1,3,1,1,75,50,50,1,5,286,494,208,1,Sanjay Patil,Priya Devi,09-06-2025,22-03-2026
UP-LKO-2026-10967,P008,Transmission,Uttar Pradesh,Lucknow,Malhaur,86/1,1,Rahul Mishra,2.75 acres,Residential,Disputed,11128.86,URBAN,27.0401,81.9132,18496165.32,1.65,0,30518672.78,61037345.56,7,7,19,25,50,35,37,74,27,15,82,3,0,2,3,1,1,2,0,0,50,3,5,388,578,190,1,Priya Singh,Rahul Mishra,14-07-2025,06-08-2026
UP-LKO-2026-10968,P005,Highway,Tamil Nadu,Karaikudi,Kanadukathan,105/1,1,Neha Sharma,4.18 acres,Agricultural,Disputed,16915.87,RURAL,27.0403,81.9142,63180774.45,2.24,0,141524934.8,283049869.5,10,12,3,22,27,37,90,30,86,51,144,5,1,0,2,1,1,0,75,50,0,2,4,205,418,213,1,Arvind Sharma,Neha Sharma,03-02-2025,27-08-2025
UP-LKO-2026-10969,P006,Transmission,Tamil Nadu,Chennai,Kolathur,164/B,B,Anjali Kumar,2.32 acres,Commercial,Verified,9388.72,RURAL,27.0405,81.9152,25603039.44,2.55,50000,65337750.57,130675501.1,9,14,7,14,28,36,87,34,54,12,96,1,2,1,1,2,2,0,0,0,0,3,8,370,415,45,1,Meena Reddy,Anjali Kumar,08-02-2025,13-02-2026
UP-LKO-2026-10970,P007,Highway,Bihar,Muzaffarpur,PQR Village,202/B,B,Vikram Kumar,3.75 acres,Commercial,Active,15175.73,RURAL,27.0407,81.9162,31626221.32,2.83,50000,89552206.34,179104412.7,10,10,3,18,45,18,50,39,57,27,32,5,3,2,2,2,0,0,75,0,100,0,9,254,314,60,1,Priya Sharma,Vikram Kumar,18-12-2025,29-08-2026
UP-LKO-2026-10971,P005,Transmission,Uttar Pradesh,Varanasi,Sarnath,81/A,A,Amit Gupta,4.9 acres,Residential,Pending Review,19829.61,RURAL,27.0409,81.9172,48681692.55,3.93,200000,191519051.7,383038103.4,4,8,5,15,45,35,38,94,100,53,52,3,0,2,1,3,1,2,100,50,0,2,0,258,755,497,1,Sanjay Yadav,Amit Gupta,22-02-2025,07-11-2025
UP-LKO-2026-10972,P005,Highway,Maharashtra,Nashik,Ozar,204/A,A,Ramesh Mishra,4.68 acres,Commercial,Disputed,18939.3,RURAL,27.0411,81.9182,63901198.2,2.74,50000,175139283.1,350278566.1,10,10,20,23,60,37,48,66,63,40,90,4,1,2,4,0,0,2,25,0,0,0,7,210,577,367,1,Rajesh Iyer,Ramesh Mishra,06-06-2025,02-01-2026
UP-LKO-2026-10973,P006,Highway,Maharashtra,Pune,Hinjewadi,38/1,1,Ramesh Verma,4.99 acres,Multi-crop,Verified,20193.83,URBAN,27.0413,81.9192,34066991.21,1.32,0,44968428.4,89936856.79,1,4,2,22,40,26,80,105,67,22,87,4,0,0,3,0,0,0,75,0,0,0,4,359,362,3,1,Kavita Iyer,Ramesh Verma,14-07-2025,08-07-2026
UP-LKO-2026-10974,P002,Transmission,Bihar,Patna,ABC Village,123/1,1,Rahul Gupta,0.98 acres,Agricultural,Verified,3965.92,RURAL,27.0415,81.9202,13277900.16,2.86,50000,38024794.46,76049588.92,7,8,18,30,52,27,78,83,15,25,119,0,2,0,4,1,0,0,25,0,100,2,9,253,340,87,1,Rajesh Deshmukh,Rahul Gupta,17-07-2025,27-03-2026
UP-LKO-2026-10975,P006,Transmission,Uttar Pradesh,Lucknow,Malhaur,132/A,A,Pooja Kumar,4.86 acres,Residential,Disputed,19667.74,URBAN,27.0417,81.9212,62228729.36,1.88,0,116990011.2,233980022.4,4,7,2,29,28,18,74,68,76,10,78,2,0,0,2,3,2,0,75,50,50,3,4,371,483,112,1,Anil Joshi,Pooja Kumar,04-01-2025,10-01-2026
UP-LKO-2026-10976,P009,Transmission,Maharashtra,Pune,Hinjewadi,39/2A,2A,Neha Devi,0.87 acres,Residential,Pending Review,3520.77,URBAN,27.0419,81.9222,3717933.12,1.78,0,6617920.954,13235841.91,10,11,10,23,60,37,49,81,24,40,28,1,0,2,1,3,1,0,100,100,100,2,4,241,449,208,1,Kavita Iyer,Neha Devi,20-09-2025,19-05-2026
UP-LKO-2026-10977,P006,Transmission,Uttar Pradesh,Kanpur,Bithoor,203/1,1,Pooja Gupta,2.15 acres,Commercial,Verified,8700.75,URBAN,27.0421,81.9232,15652649.25,1.14,0,17844020.15,35688040.29,5,5,2,30,20,26,48,91,55,60,147,4,3,2,3,1,0,2,0,0,0,3,1,335,600,265,1,Priya Sharma,Pooja Gupta,20-07-2025,20-06-2026
UP-LKO-2026-10978,P001,Highway,Tamil Nadu,Karaikudi,Kanadukathan,185/A,A,Manoj Kumar,1.91 acres,Commercial,Disputed,7729.5,RURAL,27.0423,81.9242,14516001,2.1,0,30483602.1,60967204.2,5,8,1,19,28,25,65,32,81,40,86,0,3,0,1,3,2,0,100,100,100,1,10,353,470,117,1,Suresh Yadav,Manoj Kumar,13-12-2025,01-12-2026
UP-LKO-2026-10979,P004,Highway,Maharashtra,Pune,Hinjewadi,149/B,B,Anjali Yadav,0.68 acres,Agricultural,Verified,2751.86,URBAN,27.0425,81.9252,5869717.38,1.52,50000,8971970.418,17943940.84,9,11,16,15,34,14,40,49,57,15,65,0,3,1,1,1,2,2,50,0,100,2,5,332,584,252,1,Kavita Iyer,Anjali Yadav,04-12-2025,01-11-2026
UP-LKO-2026-10980,P002,Highway,Tamil Nadu,Chennai,Kolathur,248/3,3,Ramesh Singh,3.04 acres,Agricultural,Pending Review,12302.45,RURAL,27.0427,81.9262,26511779.75,3,50000,79585339.25,159170678.5,8,9,19,22,51,37,46,90,41,41,95,1,0,2,4,0,0,2,100,50,50,0,7,286,568,282,1,Sanjay Reddy,Ramesh Singh,05-03-2025,16-12-2025
UP-LKO-2026-10981,P002,Highway,Uttar Pradesh,Kanpur,Bithoor,214/3,3,Vikram Devi,3.48 acres,Residential,Disputed,14083.07,URBAN,27.0429,81.9272,48896419.04,1.17,50000,57258810.28,114517620.6,10,12,11,22,26,39,89,31,34,24,47,4,1,1,3,3,1,0,25,0,100,3,9,362,400,38,1,Deepa Reddy,Vikram Devi,03-05-2025,30-04-2026
UP-LKO-2026-10982,P006,Transmission,Bihar,Siwan,XYZ Village,42/2A,2A,Manoj Verma,1.43 acres,Multi-crop,Pending Review,5787.01,RURAL,27.0431,81.9282,9791620.92,2.37,50000,23256141.58,46512283.16,9,11,18,19,41,17,74,71,33,15,116,4,1,2,4,0,0,1,25,0,50,1,8,228,390,162,1,Arvind Verma,Manoj Verma,09-06-2025,23-01-2026
UP-LKO-2026-10983,P007,Railway,Tamil Nadu,Coonor,Hubbathala,148/2A,2A,Ramesh Sharma,1.14 acres,Residential,Active,4613.42,RURAL,27.0433,81.9292,7782839.54,2.6,200000,20435382.8,40870765.61,4,8,15,13,40,38,43,92,20,53,71,0,0,0,0,3,0,0,100,100,0,1,5,320,389,69,1,Deepa Das,Ramesh Sharma,02-12-2025,18-10-2026
UP-LKO-2026-10984,P004,Transmission,Bihar,Muzaffarpur,PQR Village,117/B,B,Sunita Sharma,0.91 acres,Agricultural,Disputed,3682.64,RURAL,27.0435,81.9302,12071693.92,3.8,50000,45922436.9,91844873.79,4,7,19,12,25,20,42,112,17,54,82,1,2,2,2,3,2,0,100,0,0,2,9,280,462,182,1,Ramesh Yadav,Sunita Sharma,21-04-2025,26-01-2026
UP-LKO-2026-10985,P008,Transmission,Maharashtra,Nagpur,Butibori,148/3,3,Rahul Verma,1.03 acres,Commercial,Pending Review,4168.27,URBAN,27.0437,81.9312,10116391.29,1.03,200000,10619883.03,21239766.06,1,3,20,23,38,42,62,88,40,10,74,3,0,1,0,3,2,2,100,100,100,3,8,312,723,411,1,Kavita Reddy,Rahul Verma,18-09-2025,27-07-2026
UP-LKO-2026-10986,P001,Highway,Bihar,Siwan,XYZ Village,65/A,A,Sunita Kumar,0.79 acres,Commercial,Active,3197.02,RURAL,27.0439,81.9322,7979761.92,3.4,0,27131190.53,54262381.06,8,9,14,27,44,25,85,82,59,18,135,5,0,2,4,0,0,0,75,100,50,1,8,340,340,0,0,Rajesh Verma,Sunita Kumar,17-04-2025,23-03-2026
UP-LKO-2026-10987,P004,Highway,Uttar Pradesh,Lucknow,Malhaur,61/1,1,Amit Verma,2.66 acres,Multi-crop,Verified,10764.65,URBAN,27.0441,81.9332,27051565.45,1.42,200000,38613222.94,77226445.88,4,4,15,27,27,12,49,56,77,54,49,2,3,1,1,3,2,1,25,0,100,1,10,260,602,342,1,Rajesh Yadav,Amit Verma,10-08-2025,27-04-2026
UP-LKO-2026-10988,P009,Highway,Uttar Pradesh,Varanasi,Sarnath,145/1,1,Priya Singh,1.06 acres,Commercial,Pending Review,4289.67,RURAL,27.0443,81.9342,9754709.58,2.06,0,20094701.73,40189403.47,3,6,12,30,29,33,55,44,61,48,121,4,0,1,1,0,1,0,0,0,0,2,7,319,345,26,1,Priya Yadav,Priya Singh,16-07-2025,31-05-2026
UP-LKO-2026-10989,P005,Transmission,Tamil Nadu,Chennai,Kolathur,85/1,1,Amit Yadav,4.48 acres,Agricultural,Active,18129.93,RURAL,27.0445,81.9352,58106425.65,2.55,200000,148371385.4,296742770.8,5,5,2,14,54,19,70,68,18,46,67,4,3,0,3,2,0,0,100,0,50,0,5,314,349,35,1,Sanjay Sharma,Amit Yadav,12-04-2025,20-02-2026
UP-LKO-2026-10990,P001,Railway,Bihar,Patna,ABC Village,72/1,1,Manoj Kumar,3.69 acres,Multi-crop,Active,14932.91,RURAL,27.0447,81.9362,46366685.55,2.7,50000,125240051,250480102,1,6,15,23,60,11,34,62,16,10,81,0,0,2,2,1,1,0,100,100,100,2,9,297,291,0,0,Anil Verma,Manoj Kumar,11-08-2025,04-06-2026
UP-LKO-2026-10991,P002,Railway,Tamil Nadu,Chennai,Kolathur,76/2A,2A,Rahul Devi,4.1 acres,Multi-crop,Verified,16592.13,RURAL,27.0449,81.9372,55517266.98,2.31,50000,128294886.7,256589773.4,3,3,1,21,48,31,60,106,95,28,143,3,3,1,3,0,2,0,0,0,0,2,7,205,479,274,1,Rajesh Deshmukh,Rahul Devi,12-08-2025,05-03-2026
UP-LKO-2026-10992,P001,Railway,Maharashtra,Nagpur,Butibori,176/3,3,Amit Sharma,1.0 acres,Agricultural,Pending Review,4046.86,URBAN,27.0451,81.9382,5884134.44,1.28,200000,7731692.083,15463384.17,7,9,1,28,36,27,62,63,29,51,68,2,3,0,4,2,2,0,100,100,50,3,6,382,446,64,1,Ramesh Das,Amit Sharma,18-05-2025,04-06-2026
UP-LKO-2026-10993,P008,Highway,Uttar Pradesh,Kanpur,Bithoor,84/3,3,Manoj Sharma,4.51 acres,Residential,Active,18251.34,URBAN,27.0453,81.9392,45537093.3,1.92,50000,87481219.14,174962438.3,2,7,15,28,59,15,90,41,86,41,58,1,0,1,4,3,0,0,25,0,100,2,2,219,450,231,1,Priya Singh,Manoj Sharma,11-05-2025,16-12-2025
UP-LKO-2026-10994,P007,Transmission,Uttar Pradesh,Lucknow,Malhaur,99/2A,2A,Rahul Sharma,2.98 acres,Residential,Disputed,12059.64,URBAN,27.0455,81.9402,26639744.76,1.49,50000,39743219.69,79486439.38,7,8,12,14,16,41,67,96,48,48,113,2,3,1,1,3,0,1,75,50,100,3,2,232,540,308,1,Arvind Iyer,Rahul Sharma,24-01-2025,13-09-2025
UP-LKO-2026-10995,P007,Transmission,Tamil Nadu,Chennai,Kolathur,205/3,3,Priya Devi,1.46 acres,Residential,Active,5908.42,RURAL,27.0457,81.9412,21861154,2.14,50000,46832869.56,93665739.12,3,8,12,13,32,38,34,32,99,42,145,3,0,0,0,3,2,2,75,0,100,3,4,211,710,499,1,Priya Verma,Priya Devi,01-11-2025,31-05-2026
UP-LKO-2026-10996,P009,Railway,Uttar Pradesh,Kanpur,Bithoor,123/3,3,Priya Singh,4.38 acres,Multi-crop,Active,17725.25,URBAN,27.0459,81.9422,70121089,1.12,0,78535619.68,157071239.4,4,7,20,21,59,19,54,112,80,51,83,2,2,1,3,3,2,0,0,0,0,2,6,384,576,192,1,Deepa Das,Priya Singh,27-06-2025,16-07-2026
UP-LKO-2026-10997,P002,Highway,Bihar,Siwan,XYZ Village,250/1,1,Rahul Mishra,1.6 acres,Commercial,Active,6474.98,RURAL,27.0461,81.9432,15177353.12,2.92,50000,44367871.11,88735742.22,8,13,7,27,26,43,70,46,41,42,28,3,3,2,4,1,2,0,0,0,100,3,6,273,415,142,1,Deepa Deshmukh,Rahul Mishra,13-04-2025,11-01-2026
UP-LKO-2026-10998,P006,Railway,Bihar,Siwan,XYZ Village,40/B,B,Manoj Singh,1.01 acres,Residential,Verified,4087.33,RURAL,27.0463,81.9442,5145948.47,3.75,50000,19347306.76,38694613.53,8,12,0,30,58,45,77,31,52,16,0,4,2,1,0,0,0,0,25,0,100,2,1,312,309,0,0,Deepa Deshmukh,Manoj Singh,09-09-2025,18-07-2026
UP-LKO-2026-10999,P005,Railway,Maharashtra,Nagpur,Butibori,156/A,A,Sunita Kumar,4.41 acres,Agricultural,Active,17846.65,URBAN,27.0465,81.9452,71190286.85,1.49,50000,106123527.4,212247054.8,9,12,9,27,40,12,31,64,99,15,38,0,3,0,0,1,2,0,50,0,100,0,9,398,408,10,1,Kavita Joshi,Sunita Kumar,17-08-2025,19-09-2026
